model,rank,encoded_feature,original_feature,encoded_category,feature_type,feature_family,mean_abs_shap,mean_shap,business_meaning
stage5_lightgbm_smote_gpu,1,ext_source_mean,ext_source_mean,,numeric,external_score,0.5003142379382147,-0.0011812380385805405,三个外部信用评分的平均水平，用来概括申请人的综合外部信用质量。
stage5_lightgbm_smote_gpu,2,NAME_INCOME_TYPE_Working,NAME_INCOME_TYPE,Working,one_hot,categorical_profile,0.44886281790804883,-0.44886281790804883,收入来源类型。
stage5_lightgbm_smote_gpu,3,ext_source_min,ext_source_min,,numeric,external_score,0.3022899016292151,0.011919007447691298,三个外部信用评分中的最低值，用来捕捉外部评分中的短板信号。
stage5_lightgbm_smote_gpu,4,CODE_GENDER_M,CODE_GENDER,M,one_hot,categorical_profile,0.28123584085702624,-0.2804547956991516,申请人性别。
stage5_lightgbm_smote_gpu,5,FLAG_WORK_PHONE,FLAG_WORK_PHONE,,numeric,flags_and_contacts,0.243042572217795,-0.243042572217795,是否提供工作电话，反映可联系性和工作信息完整度。
stage5_lightgbm_smote_gpu,6,REGION_RATING_CLIENT_W_CITY,REGION_RATING_CLIENT_W_CITY,,numeric,other,0.20308314991563134,-0.20308314991563134,结合城市后的客户所在区域评级。
stage5_lightgbm_smote_gpu,7,FLAG_OWN_CAR_N,FLAG_OWN_CAR,N,one_hot,flags_and_contacts,0.16941248949047255,-0.16941248949047255,是否拥有车辆，可能反映资产状况。
stage5_lightgbm_smote_gpu,8,NAME_EDUCATION_TYPE_Secondary / secondary special,NAME_EDUCATION_TYPE,Secondary / secondary special,one_hot,categorical_profile,0.16681675826862083,-0.16681675826862083,教育程度。
stage5_lightgbm_smote_gpu,9,CODE_GENDER_F,CODE_GENDER,F,one_hot,categorical_profile,0.15002758095545335,-0.1498874365768432,申请人性别。
stage5_lightgbm_smote_gpu,10,AMT_REQ_CREDIT_BUREAU_YEAR,AMT_REQ_CREDIT_BUREAU_YEAR,,numeric,amount_and_ratio,0.14968519222476784,-0.14968519222476784,申请前一年内的征信查询次数，反映中期信贷申请活跃度。
stage5_lightgbm_smote_gpu,11,ORGANIZATION_TYPE_Self-employed,ORGANIZATION_TYPE,Self-employed,one_hot,categorical_profile,0.13891168650692615,-0.13891168650692615,工作单位/组织类型。
stage5_lightgbm_smote_gpu,12,annuity_credit_ratio,annuity_credit_ratio,,numeric,amount_and_ratio,0.13714663013173128,0.0068801269531328126,分期还款额相对授信金额的压力。
stage5_lightgbm_smote_gpu,13,FLAG_OWN_CAR_Y,FLAG_OWN_CAR,Y,one_hot,flags_and_contacts,0.13159321233539478,-0.13159321233539478,是否拥有车辆，可能反映资产状况。
stage5_lightgbm_smote_gpu,14,FLAG_DOCUMENT_3,FLAG_DOCUMENT_3,,numeric,flags_and_contacts,0.12643766073026375,-0.12643766073026375,申请材料中的文件提交标记，反映材料完整性。
stage5_lightgbm_smote_gpu,15,ext_source_max,ext_source_max,,numeric,external_score,0.11818606911638704,0.001369766902185055,三个外部信用评分中的最高值，用来反映申请人最好的一侧外部信用信号。
stage5_lightgbm_smote_gpu,16,ORGANIZATION_TYPE_Business Entity Type 3,ORGANIZATION_TYPE,Business Entity Type 3,one_hot,categorical_profile,0.11809577874386387,-0.11809577874386387,工作单位/组织类型。
stage5_lightgbm_smote_gpu,17,FLAG_PHONE,FLAG_PHONE,,numeric,flags_and_contacts,0.11777402273542308,-0.11777402273542308,是否提供联系电话，反映联系信息完整度。
stage5_lightgbm_smote_gpu,18,NAME_EDUCATION_TYPE_Higher education,NAME_EDUCATION_TYPE,Higher education,one_hot,categorical_profile,0.11478392286226202,-0.11478392286226202,教育程度。
stage5_lightgbm_smote_gpu,19,DEF_30_CNT_SOCIAL_CIRCLE,DEF_30_CNT_SOCIAL_CIRCLE,,numeric,other,0.1144522127198019,-0.11408975759920863,申请人社交圈中出现 30 天以上逾期的人数，反映周边信用环境。
stage5_lightgbm_smote_gpu,20,EXT_SOURCE_3,EXT_SOURCE_3,,numeric,external_score,0.1065745634567583,0.00788638056008598,外部信用评分相关变量，通常反映第三方或外部数据源对申请人风险质量的综合判断。
stage5_lightgbm_smote_gpu,21,EMERGENCYSTATE_MODE___MISSING__,EMERGENCYSTATE_MODE,__MISSING__,one_hot,other,0.09676787292154555,-0.09675761714231976,居住房屋所在区域的紧急状态标记。
stage5_lightgbm_smote_gpu,22,goods_credit_ratio,goods_credit_ratio,,numeric,amount_and_ratio,0.09227093571822598,-0.004242623250712895,商品价格相对授信金额的比例。
stage5_lightgbm_smote_gpu,23,OBS_30_CNT_SOCIAL_CIRCLE,OBS_30_CNT_SOCIAL_CIRCLE,,numeric,other,0.09226390052464632,-0.09226390052464632,How many observation of client's social surroundings with observable 30 DPD (days past due) default
stage5_lightgbm_smote_gpu,24,AMT_REQ_CREDIT_BUREAU_QRT,AMT_REQ_CREDIT_BUREAU_QRT,,numeric,amount_and_ratio,0.08613670776103953,-0.08613670776103953,Number of enquiries to Credit Bureau about the client 3 month before application (excluding one month before application)
stage5_lightgbm_smote_gpu,25,WEEKDAY_APPR_PROCESS_START_MONDAY,WEEKDAY_APPR_PROCESS_START,MONDAY,one_hot,other,0.0855884106735213,-0.0855884106735213,贷款申请提交的星期几。
stage5_lightgbm_smote_gpu,26,EMERGENCYSTATE_MODE_No,EMERGENCYSTATE_MODE,No,one_hot,other,0.08231707227213898,-0.08231707227213898,居住房屋所在区域的紧急状态标记。
stage5_lightgbm_smote_gpu,27,NAME_FAMILY_STATUS_Married,NAME_FAMILY_STATUS,Married,one_hot,categorical_profile,0.08207089310908673,-0.08167450393255668,婚姻/家庭状态。
stage5_lightgbm_smote_gpu,28,REG_CITY_NOT_WORK_CITY,REG_CITY_NOT_WORK_CITY,,numeric,other,0.08183275159556778,-0.08183275159556778,"Flag if client's permanent address does not match work address (1=different, 0=same, at city level)"
stage5_lightgbm_smote_gpu,29,DAYS_ID_PUBLISH,DAYS_ID_PUBLISH,,numeric,age_and_tenure,0.07579215808214487,-0.002902673032779914,身份证件签发距申请日的时间。
stage5_lightgbm_smote_gpu,30,EXT_SOURCE_1,EXT_SOURCE_1,,numeric,external_score,0.06303160179670664,0.0064303549347489025,外部信用评分相关变量，通常反映第三方或外部数据源对申请人风险质量的综合判断。
stage5_lightgbm_smote_gpu,31,FLAG_OWN_REALTY_Y,FLAG_OWN_REALTY,Y,one_hot,flags_and_contacts,0.06157625721428759,-0.06157625721428759,布尔标记类字段，反映申请材料、联系方式或资产信息是否存在。
stage5_lightgbm_smote_gpu,32,FLAG_OWN_REALTY_N,FLAG_OWN_REALTY,N,one_hot,flags_and_contacts,0.061479336140389765,-0.061472897668125734,布尔标记类字段，反映申请材料、联系方式或资产信息是否存在。
stage5_lightgbm_smote_gpu,33,bureau_request_total,bureau_request_total,,numeric,other,0.058270544353878635,-0.05823603185180997,征信查询次数汇总，可能反映近期信贷活跃度。
stage5_lightgbm_smote_gpu,34,OCCUPATION_TYPE_Laborers,OCCUPATION_TYPE,Laborers,one_hot,categorical_profile,0.05811620707409923,-0.05811620707409923,职业类型。
stage5_lightgbm_smote_gpu,35,WALLSMATERIAL_MODE_Panel,WALLSMATERIAL_MODE,Panel,one_hot,other,0.05705132365781761,-0.05705132365781761,"Normalized information about building where the client lives, What is average (_AVG suffix), modus (_MODE suffix), median (_MEDI suffix) apartment size, common area, living area, age of building, number of elevators, number of entrances, state of the building, number of floor"
stage5_lightgbm_smote_gpu,36,REGION_RATING_CLIENT,REGION_RATING_CLIENT,,numeric,other,0.05611483679998623,-0.056107092682890984,客户所在区域评级。
stage5_lightgbm_smote_gpu,37,employment_age_ratio,employment_age_ratio,,numeric,amount_and_ratio,0.05610852047385194,-0.010417981558417607,"Derived feature: employment days divided by birth days, both relative to application date."
stage5_lightgbm_smote_gpu,38,EXT_SOURCE_2,EXT_SOURCE_2,,numeric,external_score,0.055065556757914594,0.0027355740120043838,外部信用评分相关变量，通常反映第三方或外部数据源对申请人风险质量的综合判断。
stage5_lightgbm_smote_gpu,39,log_AMT_GOODS_PRICE,log_AMT_GOODS_PRICE,,numeric,other,0.05444070727566948,-0.007426345400082844,商品价格的对数变换，用来降低极端商品价格对模型的影响。
stage5_lightgbm_smote_gpu,40,OCCUPATION_TYPE___MISSING__,OCCUPATION_TYPE,__MISSING__,one_hot,categorical_profile,0.052665655698032145,-0.052665655698032145,职业类型。
stage5_lightgbm_smote_gpu,41,AMT_ANNUITY,AMT_ANNUITY,,numeric,amount_and_ratio,0.04883938640787964,5.2260425693222295e-05,贷款年金/分期还款压力。
stage5_lightgbm_smote_gpu,42,DEF_60_CNT_SOCIAL_CIRCLE,DEF_60_CNT_SOCIAL_CIRCLE,,numeric,other,0.04853064813397673,-0.04724660826316682,How many observation of client's social surroundings defaulted on 60 (days past due) DPD
stage5_lightgbm_smote_gpu,43,ENTRANCES_MEDI,ENTRANCES_MEDI,,numeric,other,0.048136674581821456,-0.030248789204392137,"Normalized information about building where the client lives, What is average (_AVG suffix), modus (_MODE suffix), median (_MEDI suffix) apartment size, common area, living area, age of building, number of elevators, number of entrances, state of the building, number of floor"
stage5_lightgbm_smote_gpu,44,OWN_CAR_AGE,OWN_CAR_AGE,,numeric,other,0.04557236065465247,-0.0390820414066541,Age of client's car
stage5_lightgbm_smote_gpu,45,HOUSETYPE_MODE_block of flats,HOUSETYPE_MODE,block of flats,one_hot,other,0.04474972820998383,-0.04474972820998383,"Normalized information about building where the client lives, What is average (_AVG suffix), modus (_MODE suffix), median (_MEDI suffix) apartment size, common area, living area, age of building, number of elevators, number of entrances, state of the building, number of floor"
stage5_lightgbm_smote_gpu,46,HOUR_APPR_PROCESS_START,HOUR_APPR_PROCESS_START,,numeric,other,0.043368093829334306,-0.043211282597261834,Approximately at what hour did the client apply for the loan
stage5_lightgbm_smote_gpu,47,NAME_HOUSING_TYPE_House / apartment,NAME_HOUSING_TYPE,House / apartment,one_hot,categorical_profile,0.04295863665367568,-0.04289280303099513,居住情况。
stage5_lightgbm_smote_gpu,48,WEEKDAY_APPR_PROCESS_START_WEDNESDAY,WEEKDAY_APPR_PROCESS_START,WEDNESDAY,one_hot,other,0.041781628838417385,-0.041706792397745905,贷款申请提交的星期几。
stage5_lightgbm_smote_gpu,49,REGION_POPULATION_RELATIVE,REGION_POPULATION_RELATIVE,,numeric,other,0.04155663871535055,-0.026214141320284493,申请人所在地区的人口相对密度。
stage5_lightgbm_smote_gpu,50,REG_CITY_NOT_LIVE_CITY,REG_CITY_NOT_LIVE_CITY,,numeric,other,0.040343718132094836,-0.04018215870340213,"Flag if client's permanent address does not match contact address (1=different, 0=same, at city level)"
stage5_lightgbm_smote_gpu,51,LIVE_CITY_NOT_WORK_CITY,LIVE_CITY_NOT_WORK_CITY,,numeric,other,0.04011250753017017,-0.04011250753017017,"Flag if client's contact address does not match work address (1=different, 0=same, at city level)"
stage5_lightgbm_smote_gpu,52,DAYS_LAST_PHONE_CHANGE,DAYS_LAST_PHONE_CHANGE,,numeric,age_and_tenure,0.0374387319239282,-0.005827845095158801,最近一次更换电话号码距申请日的时间，可能反映联系方式稳定性。
stage5_lightgbm_smote_gpu,53,NAME_TYPE_SUITE_Unaccompanied,NAME_TYPE_SUITE,Unaccompanied,one_hot,categorical_profile,0.037062184773442336,-0.037062184773442336,Who was accompanying client when he was applying for the loan
stage5_lightgbm_smote_gpu,54,age_years,age_years,,numeric,age_and_tenure,0.036597423574999885,0.004301979770480322,申请人年龄（年）。
stage5_lightgbm_smote_gpu,55,WALLSMATERIAL_MODE___MISSING__,WALLSMATERIAL_MODE,__MISSING__,one_hot,other,0.035238239099406855,-0.035236396504404265,"Normalized information about building where the client lives, What is average (_AVG suffix), modus (_MODE suffix), median (_MEDI suffix) apartment size, common area, living area, age of building, number of elevators, number of entrances, state of the building, number of floor"
stage5_lightgbm_smote_gpu,56,DAYS_BIRTH,DAYS_BIRTH,,numeric,age_and_tenure,0.03320065718543833,0.00046361718073326797,申请人年龄，通常通过年龄阶段反映生命周期和收入稳定性。
stage5_lightgbm_smote_gpu,57,FONDKAPREMONT_MODE___MISSING__,FONDKAPREMONT_MODE,__MISSING__,one_hot,other,0.03293568541910952,-0.032921431275713994,"Normalized information about building where the client lives, What is average (_AVG suffix), modus (_MODE suffix), median (_MEDI suffix) apartment size, common area, living area, age of building, number of elevators, number of entrances, state of the building, number of floor"
stage5_lightgbm_smote_gpu,58,WEEKDAY_APPR_PROCESS_START_TUESDAY,WEEKDAY_APPR_PROCESS_START,TUESDAY,one_hot,other,0.029545004686205623,-0.02951414802925799,贷款申请提交的星期几。
stage5_lightgbm_smote_gpu,59,OBS_60_CNT_SOCIAL_CIRCLE,OBS_60_CNT_SOCIAL_CIRCLE,,numeric,other,0.028793236911037443,-0.028525631315783083,How many observation of client's social surroundings with observable 60 DPD (days past due) default
stage5_lightgbm_smote_gpu,60,DAYS_EMPLOYED,DAYS_EMPLOYED,,numeric,age_and_tenure,0.027873652949532934,-0.004581243651859921,当前工作年限，反映就业稳定性。
stage5_lightgbm_smote_gpu,61,employment_years,employment_years,,numeric,age_and_tenure,0.025614738365067932,-0.0047784410869464,当前就业年限（年）。
stage5_lightgbm_smote_gpu,62,OCCUPATION_TYPE_Sales staff,OCCUPATION_TYPE,Sales staff,one_hot,categorical_profile,0.025429461950651273,-0.025360806154295347,职业类型。
stage5_lightgbm_smote_gpu,63,OCCUPATION_TYPE_Core staff,OCCUPATION_TYPE,Core staff,one_hot,categorical_profile,0.024145917508940438,-0.024145917508940438,职业类型。
stage5_lightgbm_smote_gpu,64,AMT_REQ_CREDIT_BUREAU_MON,AMT_REQ_CREDIT_BUREAU_MON,,numeric,amount_and_ratio,0.023960638157346854,-0.023960638157346854,申请前一个月内的征信查询次数，反映近期信贷申请活跃度。
stage5_lightgbm_smote_gpu,65,WEEKDAY_APPR_PROCESS_START_FRIDAY,WEEKDAY_APPR_PROCESS_START,FRIDAY,one_hot,other,0.023145078311512093,-0.023132524336671303,贷款申请提交的星期几。
stage5_lightgbm_smote_gpu,66,annuity_income_ratio,annuity_income_ratio,,numeric,amount_and_ratio,0.02271067304494875,-0.00146979902242481,分期还款额相对收入的压力。
stage5_lightgbm_smote_gpu,67,DAYS_EMPLOYED_ANOMALY,DAYS_EMPLOYED_ANOMALY,,numeric,age_and_tenure,0.02118373884606787,-0.0030871775327779606,当前工作年限，反映就业稳定性。
stage5_lightgbm_smote_gpu,68,WEEKDAY_APPR_PROCESS_START_SUNDAY,WEEKDAY_APPR_PROCESS_START,SUNDAY,one_hot,other,0.018157374222532646,-0.018102717015887896,贷款申请提交的星期几。
stage5_lightgbm_smote_gpu,69,FLAG_DOCUMENT_6,FLAG_DOCUMENT_6,,numeric,flags_and_contacts,0.016869180486078893,-0.015582879389811958,申请材料中的文件提交标记，反映材料完整性。
stage5_lightgbm_smote_gpu,70,ENTRANCES_MODE,ENTRANCES_MODE,,numeric,other,0.015999710533975024,-0.015094893119444898,"Normalized information about building where the client lives, What is average (_AVG suffix), modus (_MODE suffix), median (_MEDI suffix) apartment size, common area, living area, age of building, number of elevators, number of entrances, state of the building, number of floor"
stage5_lightgbm_smote_gpu,71,ORGANIZATION_TYPE_Construction,ORGANIZATION_TYPE,Construction,one_hot,categorical_profile,0.015645504675549197,-0.011682404159967652,工作单位/组织类型。
stage5_lightgbm_smote_gpu,72,AMT_GOODS_PRICE,AMT_GOODS_PRICE,,numeric,amount_and_ratio,0.015047268860030124,0.0017203999918104426,消费贷款对应商品价格。
stage5_lightgbm_smote_gpu,73,NAME_FAMILY_STATUS_Single / not married,NAME_FAMILY_STATUS,Single / not married,one_hot,categorical_profile,0.014936538047653871,-0.014791229214886303,婚姻/家庭状态。
stage5_lightgbm_smote_gpu,74,log_AMT_ANNUITY,log_AMT_ANNUITY,,numeric,other,0.013976761763996296,-0.0051650508351981424,分期还款金额的对数变换，用来降低极端年金值对模型的影响。
stage5_lightgbm_smote_gpu,75,"WALLSMATERIAL_MODE_Stone, brick",WALLSMATERIAL_MODE,"Stone, brick",one_hot,other,0.013722334527389189,-0.013552983918756931,"Normalized information about building where the client lives, What is average (_AVG suffix), modus (_MODE suffix), median (_MEDI suffix) apartment size, common area, living area, age of building, number of elevators, number of entrances, state of the building, number of floor"
stage5_lightgbm_smote_gpu,76,AMT_CREDIT,AMT_CREDIT,,numeric,amount_and_ratio,0.013693890100490382,0.001448083504262156,贷款授信金额，金额越高，潜在敞口越大。
stage5_lightgbm_smote_gpu,77,OCCUPATION_TYPE_Accountants,OCCUPATION_TYPE,Accountants,one_hot,categorical_profile,0.012959922704175071,-0.012915119638800932,职业类型。
stage5_lightgbm_smote_gpu,78,DAYS_REGISTRATION,DAYS_REGISTRATION,,numeric,age_and_tenure,0.01256980037768269,0.0005706647384382833,最近一次变更登记信息距申请日的时间，可能反映居住或身份信息稳定性。
stage5_lightgbm_smote_gpu,79,credit_per_person,credit_per_person,,numeric,amount_and_ratio,0.012463773173738693,-0.001826276769571844,家庭人均授信金额。
stage5_lightgbm_smote_gpu,80,NAME_INCOME_TYPE_Commercial associate,NAME_INCOME_TYPE,Commercial associate,one_hot,categorical_profile,0.0124464011117533,-0.011973662320327698,收入来源类型。
stage5_lightgbm_smote_gpu,81,OCCUPATION_TYPE_Drivers,OCCUPATION_TYPE,Drivers,one_hot,categorical_profile,0.01201548410779331,-0.01156635888469564,职业类型。
stage5_lightgbm_smote_gpu,82,ELEVATORS_MODE,ELEVATORS_MODE,,numeric,other,0.01191111270394211,-0.0009915725806340177,"Normalized information about building where the client lives, What is average (_AVG suffix), modus (_MODE suffix), median (_MEDI suffix) apartment size, common area, living area, age of building, number of elevators, number of entrances, state of the building, number of floor"
stage5_lightgbm_smote_gpu,83,WEEKDAY_APPR_PROCESS_START_THURSDAY,WEEKDAY_APPR_PROCESS_START,THURSDAY,one_hot,other,0.011666714423399161,-0.01160519854333163,贷款申请提交的星期几。
stage5_lightgbm_smote_gpu,84,NAME_HOUSING_TYPE_With parents,NAME_HOUSING_TYPE,With parents,one_hot,categorical_profile,0.010856434355923565,-0.010640460221869577,居住情况。
stage5_lightgbm_smote_gpu,85,document_flag_sum,document_flag_sum,,numeric,flags_and_contacts,0.010647188965406562,-0.008432467169810024,提交文件数量汇总，反映申请材料完整性。
stage5_lightgbm_smote_gpu,86,FLAG_EMP_PHONE,FLAG_EMP_PHONE,,numeric,flags_and_contacts,0.010403196576708157,0.0036095900931558582,布尔标记类字段，反映申请材料、联系方式或资产信息是否存在。
stage5_lightgbm_smote_gpu,87,NAME_CONTRACT_TYPE_Cash loans,NAME_CONTRACT_TYPE,Cash loans,one_hot,categorical_profile,0.01026567014980887,-0.005358533197418692,贷款产品类型。
stage5_lightgbm_smote_gpu,88,WEEKDAY_APPR_PROCESS_START_SATURDAY,WEEKDAY_APPR_PROCESS_START,SATURDAY,one_hot,other,0.0098105199481601,-0.009759535282113783,贷款申请提交的星期几。
stage5_lightgbm_smote_gpu,89,FLOORSMAX_MEDI,FLOORSMAX_MEDI,,numeric,other,0.00969363161018572,-0.006597858883895322,"Normalized information about building where the client lives, What is average (_AVG suffix), modus (_MODE suffix), median (_MEDI suffix) apartment size, common area, living area, age of building, number of elevators, number of entrances, state of the building, number of floor"
stage5_lightgbm_smote_gpu,90,ext_source_std,ext_source_std,,numeric,external_score,0.008644517036206951,0.001243524254560211,三个外部信用评分的离散程度，用来衡量外部评分是否一致。
stage5_lightgbm_smote_gpu,91,credit_income_ratio,credit_income_ratio,,numeric,amount_and_ratio,0.00798201471710959,-0.0008086942195310629,授信金额相对收入的杠杆水平。
stage5_lightgbm_smote_gpu,92,ORGANIZATION_TYPE_School,ORGANIZATION_TYPE,School,one_hot,categorical_profile,0.007777877278140405,-0.007777877278140405,工作单位/组织类型。
stage5_lightgbm_smote_gpu,93,log_AMT_CREDIT,log_AMT_CREDIT,,numeric,other,0.007411772814445934,-0.001866306197513626,授信金额的对数变换，用来降低极端授信金额对模型的影响。
stage5_lightgbm_smote_gpu,94,contact_flag_sum,contact_flag_sum,,numeric,flags_and_contacts,0.007043947688263052,-0.006826698258375386,联系方式标记数量汇总，反映联系信息完整程度。
stage5_lightgbm_smote_gpu,95,OCCUPATION_TYPE_High skill tech staff,OCCUPATION_TYPE,High skill tech staff,one_hot,categorical_profile,0.006836761483389964,-0.006788915448087556,职业类型。
stage5_lightgbm_smote_gpu,96,income_per_person,income_per_person,,numeric,amount_and_ratio,0.006831392018942085,-0.0004892077778319867,家庭人均收入。
stage5_lightgbm_smote_gpu,97,FLOORSMAX_AVG,FLOORSMAX_AVG,,numeric,other,0.005707094239317643,-0.0023608107347614046,"Normalized information about building where the client lives, What is average (_AVG suffix), modus (_MODE suffix), median (_MEDI suffix) apartment size, common area, living area, age of building, number of elevators, number of entrances, state of the building, number of floor"
stage5_lightgbm_smote_gpu,98,ORGANIZATION_TYPE_Transport: type 3,ORGANIZATION_TYPE,Transport: type 3,one_hot,categorical_profile,0.005637488168000149,-0.0004475699879891082,工作单位/组织类型。
stage5_lightgbm_smote_gpu,99,YEARS_BEGINEXPLUATATION_MEDI,YEARS_BEGINEXPLUATATION_MEDI,,numeric,other,0.005381279247948546,-0.0020496699256548697,"Normalized information about building where the client lives, What is average (_AVG suffix), modus (_MODE suffix), median (_MEDI suffix) apartment size, common area, living area, age of building, number of elevators, number of entrances, state of the building, number of floor"
stage5_lightgbm_smote_gpu,100,YEARS_BEGINEXPLUATATION_AVG,YEARS_BEGINEXPLUATATION_AVG,,numeric,other,0.005339689551615126,-0.0008635408617488676,"Normalized information about building where the client lives, What is average (_AVG suffix), modus (_MODE suffix), median (_MEDI suffix) apartment size, common area, living area, age of building, number of elevators, number of entrances, state of the building, number of floor"
stage5_lightgbm_smote_gpu,101,FLOORSMAX_MODE,FLOORSMAX_MODE,,numeric,other,0.004991719030711588,-0.0046046397118217315,"Normalized information about building where the client lives, What is average (_AVG suffix), modus (_MODE suffix), median (_MEDI suffix) apartment size, common area, living area, age of building, number of elevators, number of entrances, state of the building, number of floor"
stage5_lightgbm_smote_gpu,102,NAME_TYPE_SUITE_Family,NAME_TYPE_SUITE,Family,one_hot,categorical_profile,0.004857207106686158,-0.004233236309152053,Who was accompanying client when he was applying for the loan
stage5_lightgbm_smote_gpu,103,CNT_CHILDREN,CNT_CHILDREN,,numeric,family_structure,0.00467205423831527,-0.0040422955730537715,Number of children the client has
stage5_lightgbm_smote_gpu,104,ORGANIZATION_TYPE_Industry: type 9,ORGANIZATION_TYPE,Industry: type 9,one_hot,categorical_profile,0.00457337416047661,-0.00457271635657246,工作单位/组织类型。
stage5_lightgbm_smote_gpu,105,NAME_INCOME_TYPE_Pensioner,NAME_INCOME_TYPE,Pensioner,one_hot,categorical_profile,0.004544798086706668,0.0014553223344954665,收入来源类型。
stage5_lightgbm_smote_gpu,106,YEARS_BEGINEXPLUATATION_MODE,YEARS_BEGINEXPLUATATION_MODE,,numeric,other,0.004524136660552196,-0.0024370150889530986,"Normalized information about building where the client lives, What is average (_AVG suffix), modus (_MODE suffix), median (_MEDI suffix) apartment size, common area, living area, age of building, number of elevators, number of entrances, state of the building, number of floor"
stage5_lightgbm_smote_gpu,107,FONDKAPREMONT_MODE_reg oper account,FONDKAPREMONT_MODE,reg oper account,one_hot,other,0.0044076028007491875,-0.004278568877211448,"Normalized information about building where the client lives, What is average (_AVG suffix), modus (_MODE suffix), median (_MEDI suffix) apartment size, common area, living area, age of building, number of elevators, number of entrances, state of the building, number of floor"
stage5_lightgbm_smote_gpu,108,AMT_INCOME_TOTAL,AMT_INCOME_TOTAL,,numeric,amount_and_ratio,0.0038209281992144,-0.00011172326929170406,申请人收入水平，用于衡量还款能力。
stage5_lightgbm_smote_gpu,109,FLAG_DOCUMENT_5,FLAG_DOCUMENT_5,,numeric,flags_and_contacts,0.0035739142987261923,-0.001598749626251784,申请材料中的文件提交标记，反映材料完整性。
stage5_lightgbm_smote_gpu,110,LANDAREA_AVG,LANDAREA_AVG,,numeric,other,0.0035582116183160515,-0.001049398245856248,"Normalized information about building where the client lives, What is average (_AVG suffix), modus (_MODE suffix), median (_MEDI suffix) apartment size, common area, living area, age of building, number of elevators, number of entrances, state of the building, number of floor"
stage5_lightgbm_smote_gpu,111,log_AMT_INCOME_TOTAL,log_AMT_INCOME_TOTAL,,numeric,other,0.0031846452018719448,-0.000438538906041371,收入金额的对数变换，用来降低极端收入值对模型的影响。
stage5_lightgbm_smote_gpu,112,APARTMENTS_MODE,APARTMENTS_MODE,,numeric,other,0.0030965660458637098,-0.00014613683708413188,"Normalized information about building where the client lives, What is average (_AVG suffix), modus (_MODE suffix), median (_MEDI suffix) apartment size, common area, living area, age of building, number of elevators, number of entrances, state of the building, number of floor"
stage5_lightgbm_smote_gpu,113,FLAG_EMAIL,FLAG_EMAIL,,numeric,flags_and_contacts,0.003039976077831947,-0.002998589383709349,布尔标记类字段，反映申请材料、联系方式或资产信息是否存在。
stage5_lightgbm_smote_gpu,114,NAME_FAMILY_STATUS_Widow,NAME_FAMILY_STATUS,Widow,one_hot,categorical_profile,0.0030389517661618287,-0.0026874253951726873,婚姻/家庭状态。
stage5_lightgbm_smote_gpu,115,ORGANIZATION_TYPE_Military,ORGANIZATION_TYPE,Military,one_hot,categorical_profile,0.002457384314338983,-0.0024565220792986896,工作单位/组织类型。
stage5_lightgbm_smote_gpu,116,HOUSETYPE_MODE___MISSING__,HOUSETYPE_MODE,__MISSING__,one_hot,other,0.0024443148784747343,-0.0016117544180699252,"Normalized information about building where the client lives, What is average (_AVG suffix), modus (_MODE suffix), median (_MEDI suffix) apartment size, common area, living area, age of building, number of elevators, number of entrances, state of the building, number of floor"
stage5_lightgbm_smote_gpu,117,COMMONAREA_MODE,COMMONAREA_MODE,,numeric,other,0.002423790454313462,-0.0005640387494080745,"Normalized information about building where the client lives, What is average (_AVG suffix), modus (_MODE suffix), median (_MEDI suffix) apartment size, common area, living area, age of building, number of elevators, number of entrances, state of the building, number of floor"
stage5_lightgbm_smote_gpu,118,COMMONAREA_MEDI,COMMONAREA_MEDI,,numeric,other,0.002404770677479774,0.00020078078013722344,"Normalized information about building where the client lives, What is average (_AVG suffix), modus (_MODE suffix), median (_MEDI suffix) apartment size, common area, living area, age of building, number of elevators, number of entrances, state of the building, number of floor"
stage5_lightgbm_smote_gpu,119,TOTALAREA_MODE,TOTALAREA_MODE,,numeric,other,0.002263575030380818,0.0005500447353690294,"Normalized information about building where the client lives, What is average (_AVG suffix), modus (_MODE suffix), median (_MEDI suffix) apartment size, common area, living area, age of building, number of elevators, number of entrances, state of the building, number of floor"
stage5_lightgbm_smote_gpu,120,NAME_FAMILY_STATUS_Civil marriage,NAME_FAMILY_STATUS,Civil marriage,one_hot,categorical_profile,0.0022265748210532317,-0.001528787363793413,婚姻/家庭状态。
stage5_lightgbm_smote_gpu,121,LANDAREA_MODE,LANDAREA_MODE,,numeric,other,0.0021456826966135528,-0.0002543087830445222,"Normalized information about building where the client lives, What is average (_AVG suffix), modus (_MODE suffix), median (_MEDI suffix) apartment size, common area, living area, age of building, number of elevators, number of entrances, state of the building, number of floor"
stage5_lightgbm_smote_gpu,122,YEARS_BUILD_MEDI,YEARS_BUILD_MEDI,,numeric,other,0.002123556737012487,-0.0008891224159818243,"Normalized information about building where the client lives, What is average (_AVG suffix), modus (_MODE suffix), median (_MEDI suffix) apartment size, common area, living area, age of building, number of elevators, number of entrances, state of the building, number of floor"
stage5_lightgbm_smote_gpu,123,LIVINGAREA_MEDI,LIVINGAREA_MEDI,,numeric,other,0.0020867249399154023,0.00062345303422752,"Normalized information about building where the client lives, What is average (_AVG suffix), modus (_MODE suffix), median (_MEDI suffix) apartment size, common area, living area, age of building, number of elevators, number of entrances, state of the building, number of floor"
stage5_lightgbm_smote_gpu,124,LIVINGAREA_MODE,LIVINGAREA_MODE,,numeric,other,0.0020567116350892413,-3.749582513616511e-05,"Normalized information about building where the client lives, What is average (_AVG suffix), modus (_MODE suffix), median (_MEDI suffix) apartment size, common area, living area, age of building, number of elevators, number of entrances, state of the building, number of floor"
stage5_lightgbm_smote_gpu,125,NAME_FAMILY_STATUS_Separated,NAME_FAMILY_STATUS,Separated,one_hot,categorical_profile,0.002032307391499099,-0.0010604426441569769,婚姻/家庭状态。
stage5_lightgbm_smote_gpu,126,ORGANIZATION_TYPE_Kindergarten,ORGANIZATION_TYPE,Kindergarten,one_hot,categorical_profile,0.0019883154229452327,-0.0013545266636914395,工作单位/组织类型。
stage5_lightgbm_smote_gpu,127,BASEMENTAREA_AVG,BASEMENTAREA_AVG,,numeric,other,0.0019727033739763795,-0.0004741645235122719,居住房屋地下室面积相关标准化信息，属于居住条件特征。
stage5_lightgbm_smote_gpu,128,NONLIVINGAREA_AVG,NONLIVINGAREA_AVG,,numeric,other,0.001903441799825881,-0.0005426157188720712,"Normalized information about building where the client lives, What is average (_AVG suffix), modus (_MODE suffix), median (_MEDI suffix) apartment size, common area, living area, age of building, number of elevators, number of entrances, state of the building, number of floor"
stage5_lightgbm_smote_gpu,129,BASEMENTAREA_MODE,BASEMENTAREA_MODE,,numeric,other,0.0018688803240545155,-0.0005805626793811149,"Normalized information about building where the client lives, What is average (_AVG suffix), modus (_MODE suffix), median (_MEDI suffix) apartment size, common area, living area, age of building, number of elevators, number of entrances, state of the building, number of floor"
stage5_lightgbm_smote_gpu,130,LIVINGAREA_AVG,LIVINGAREA_AVG,,numeric,other,0.0018393300569186628,-0.00013831002892691273,"Normalized information about building where the client lives, What is average (_AVG suffix), modus (_MODE suffix), median (_MEDI suffix) apartment size, common area, living area, age of building, number of elevators, number of entrances, state of the building, number of floor"
stage5_lightgbm_smote_gpu,131,NAME_INCOME_TYPE_State servant,NAME_INCOME_TYPE,State servant,one_hot,categorical_profile,0.0018378511755394486,-0.0018112300934830167,收入来源类型。
stage5_lightgbm_smote_gpu,132,LIVINGAPARTMENTS_AVG,LIVINGAPARTMENTS_AVG,,numeric,other,0.0018201797886704034,-0.000484230472448507,"Normalized information about building where the client lives, What is average (_AVG suffix), modus (_MODE suffix), median (_MEDI suffix) apartment size, common area, living area, age of building, number of elevators, number of entrances, state of the building, number of floor"
stage5_lightgbm_smote_gpu,133,APARTMENTS_AVG,APARTMENTS_AVG,,numeric,other,0.0017644942684153422,0.000213729645216791,"Normalized information about building where the client lives, What is average (_AVG suffix), modus (_MODE suffix), median (_MEDI suffix) apartment size, common area, living area, age of building, number of elevators, number of entrances, state of the building, number of floor"
stage5_lightgbm_smote_gpu,134,COMMONAREA_AVG,COMMONAREA_AVG,,numeric,other,0.0016916461385308435,-0.0002290509834143734,"Normalized information about building where the client lives, What is average (_AVG suffix), modus (_MODE suffix), median (_MEDI suffix) apartment size, common area, living area, age of building, number of elevators, number of entrances, state of the building, number of floor"
stage5_lightgbm_smote_gpu,135,NAME_CONTRACT_TYPE_Revolving loans,NAME_CONTRACT_TYPE,Revolving loans,one_hot,categorical_profile,0.001659537102651169,-0.0008549184813860337,贷款产品类型。
stage5_lightgbm_smote_gpu,136,NONLIVINGAREA_MODE,NONLIVINGAREA_MODE,,numeric,other,0.0016520337492517791,3.0202938929309353e-05,"Normalized information about building where the client lives, What is average (_AVG suffix), modus (_MODE suffix), median (_MEDI suffix) apartment size, common area, living area, age of building, number of elevators, number of entrances, state of the building, number of floor"
stage5_lightgbm_smote_gpu,137,NAME_EDUCATION_TYPE_Lower secondary,NAME_EDUCATION_TYPE,Lower secondary,one_hot,categorical_profile,0.0016475267009786404,-0.00016112470935906927,教育程度。
stage5_lightgbm_smote_gpu,138,AMT_REQ_CREDIT_BUREAU_WEEK,AMT_REQ_CREDIT_BUREAU_WEEK,,numeric,amount_and_ratio,0.0016402397429473871,-0.0004869525590779829,Number of enquiries to Credit Bureau about the client one week before application (excluding one day before application)
stage5_lightgbm_smote_gpu,139,APARTMENTS_MEDI,APARTMENTS_MEDI,,numeric,other,0.0015124016466059158,0.00013737933097540653,"Normalized information about building where the client lives, What is average (_AVG suffix), modus (_MODE suffix), median (_MEDI suffix) apartment size, common area, living area, age of building, number of elevators, number of entrances, state of the building, number of floor"
stage5_lightgbm_smote_gpu,140,YEARS_BUILD_AVG,YEARS_BUILD_AVG,,numeric,other,0.0014640524166918874,-0.0004926194961201702,"Normalized information about building where the client lives, What is average (_AVG suffix), modus (_MODE suffix), median (_MEDI suffix) apartment size, common area, living area, age of building, number of elevators, number of entrances, state of the building, number of floor"
stage5_lightgbm_smote_gpu,141,BASEMENTAREA_MEDI,BASEMENTAREA_MEDI,,numeric,other,0.0014500848029804464,-0.00011709904521103461,"Normalized information about building where the client lives, What is average (_AVG suffix), modus (_MODE suffix), median (_MEDI suffix) apartment size, common area, living area, age of building, number of elevators, number of entrances, state of the building, number of floor"
stage5_lightgbm_smote_gpu,142,NAME_EDUCATION_TYPE_Incomplete higher,NAME_EDUCATION_TYPE,Incomplete higher,one_hot,categorical_profile,0.0014150448258900814,-0.0011349472482935126,教育程度。
stage5_lightgbm_smote_gpu,143,LANDAREA_MEDI,LANDAREA_MEDI,,numeric,other,0.0013923632834003943,5.1990178087819125e-05,"Normalized information about building where the client lives, What is average (_AVG suffix), modus (_MODE suffix), median (_MEDI suffix) apartment size, common area, living area, age of building, number of elevators, number of entrances, state of the building, number of floor"
stage5_lightgbm_smote_gpu,144,LIVINGAPARTMENTS_MEDI,LIVINGAPARTMENTS_MEDI,,numeric,other,0.0013723524030368308,0.00012360074484279337,"Normalized information about building where the client lives, What is average (_AVG suffix), modus (_MODE suffix), median (_MEDI suffix) apartment size, common area, living area, age of building, number of elevators, number of entrances, state of the building, number of floor"
stage5_lightgbm_smote_gpu,145,ENTRANCES_AVG,ENTRANCES_AVG,,numeric,other,0.0013288229189240292,7.149105939397879e-05,"Normalized information about building where the client lives, What is average (_AVG suffix), modus (_MODE suffix), median (_MEDI suffix) apartment size, common area, living area, age of building, number of elevators, number of entrances, state of the building, number of floor"
stage5_lightgbm_smote_gpu,146,NONLIVINGAPARTMENTS_AVG,NONLIVINGAPARTMENTS_AVG,,numeric,other,0.0012638341064252806,-0.00049751378732261,"Normalized information about building where the client lives, What is average (_AVG suffix), modus (_MODE suffix), median (_MEDI suffix) apartment size, common area, living area, age of building, number of elevators, number of entrances, state of the building, number of floor"
stage5_lightgbm_smote_gpu,147,ORGANIZATION_TYPE_Security Ministries,ORGANIZATION_TYPE,Security Ministries,one_hot,categorical_profile,0.0012561581355462054,-0.0001770344996583465,工作单位/组织类型。
stage5_lightgbm_smote_gpu,148,ORGANIZATION_TYPE_Industry: type 3,ORGANIZATION_TYPE,Industry: type 3,one_hot,categorical_profile,0.0011970880303545435,-0.00019884397660908953,工作单位/组织类型。
stage5_lightgbm_smote_gpu,149,NONLIVINGAREA_MEDI,NONLIVINGAREA_MEDI,,numeric,other,0.0011835661542267033,-1.5179204316200682e-05,"Normalized information about building where the client lives, What is average (_AVG suffix), modus (_MODE suffix), median (_MEDI suffix) apartment size, common area, living area, age of building, number of elevators, number of entrances, state of the building, number of floor"
stage5_lightgbm_smote_gpu,150,YEARS_BUILD_MODE,YEARS_BUILD_MODE,,numeric,other,0.0011687506489279804,-0.00027354161126763246,"Normalized information about building where the client lives, What is average (_AVG suffix), modus (_MODE suffix), median (_MEDI suffix) apartment size, common area, living area, age of building, number of elevators, number of entrances, state of the building, number of floor"
stage5_lightgbm_smote_gpu,151,ORGANIZATION_TYPE_XNA,ORGANIZATION_TYPE,XNA,one_hot,categorical_profile,0.0011215736640907195,0.00021657122999262448,工作单位/组织类型。
stage5_lightgbm_smote_gpu,152,REG_REGION_NOT_WORK_REGION,REG_REGION_NOT_WORK_REGION,,numeric,other,0.0011155988327845017,-0.0010623918712192699,"Flag if client's permanent address does not match work address (1=different, 0=same, at region level)"
stage5_lightgbm_smote_gpu,153,ELEVATORS_MEDI,ELEVATORS_MEDI,,numeric,other,0.00102315914891411,-1.8654092325149795e-05,"Normalized information about building where the client lives, What is average (_AVG suffix), modus (_MODE suffix), median (_MEDI suffix) apartment size, common area, living area, age of building, number of elevators, number of entrances, state of the building, number of floor"
stage5_lightgbm_smote_gpu,154,OCCUPATION_TYPE_Cleaning staff,OCCUPATION_TYPE,Cleaning staff,one_hot,categorical_profile,0.0010219803413223155,0.00010362163575921328,职业类型。
stage5_lightgbm_smote_gpu,155,NONLIVINGAPARTMENTS_MODE,NONLIVINGAPARTMENTS_MODE,,numeric,other,0.0009844945443750258,-4.148046935756831e-05,"Normalized information about building where the client lives, What is average (_AVG suffix), modus (_MODE suffix), median (_MEDI suffix) apartment size, common area, living area, age of building, number of elevators, number of entrances, state of the building, number of floor"
stage5_lightgbm_smote_gpu,156,OCCUPATION_TYPE_Medicine staff,OCCUPATION_TYPE,Medicine staff,one_hot,categorical_profile,0.0009552316857889522,-0.0008698919788366978,职业类型。
stage5_lightgbm_smote_gpu,157,LIVINGAPARTMENTS_MODE,LIVINGAPARTMENTS_MODE,,numeric,other,0.0009417427789953919,-0.00031856045840733657,"Normalized information about building where the client lives, What is average (_AVG suffix), modus (_MODE suffix), median (_MEDI suffix) apartment size, common area, living area, age of building, number of elevators, number of entrances, state of the building, number of floor"
stage5_lightgbm_smote_gpu,158,CNT_FAM_MEMBERS,CNT_FAM_MEMBERS,,numeric,family_structure,0.0008077991759305439,0.000131168807669939,How many family members does client have
stage5_lightgbm_smote_gpu,159,children_ratio,children_ratio,,numeric,amount_and_ratio,0.000799647120609994,-9.17110812323837e-05,家庭中儿童占比，反映家庭抚养压力。
stage5_lightgbm_smote_gpu,160,ORGANIZATION_TYPE_Realtor,ORGANIZATION_TYPE,Realtor,one_hot,categorical_profile,0.0007904636816233407,-5.312959542454423e-05,工作单位/组织类型。
stage5_lightgbm_smote_gpu,161,NAME_TYPE_SUITE_Children,NAME_TYPE_SUITE,Children,one_hot,categorical_profile,0.0007541091670999494,-0.00034079587748498384,Who was accompanying client when he was applying for the loan
stage5_lightgbm_smote_gpu,162,FONDKAPREMONT_MODE_not specified,FONDKAPREMONT_MODE,not specified,one_hot,other,0.0007440634428617012,-0.00031289023131581364,"Normalized information about building where the client lives, What is average (_AVG suffix), modus (_MODE suffix), median (_MEDI suffix) apartment size, common area, living area, age of building, number of elevators, number of entrances, state of the building, number of floor"
stage5_lightgbm_smote_gpu,163,OCCUPATION_TYPE_Low-skill Laborers,OCCUPATION_TYPE,Low-skill Laborers,one_hot,categorical_profile,0.000725170998586915,-0.0003415802697364855,职业类型。
stage5_lightgbm_smote_gpu,164,NONLIVINGAPARTMENTS_MEDI,NONLIVINGAPARTMENTS_MEDI,,numeric,other,0.0007208135472132239,-8.639013839859375e-05,"Normalized information about building where the client lives, What is average (_AVG suffix), modus (_MODE suffix), median (_MEDI suffix) apartment size, common area, living area, age of building, number of elevators, number of entrances, state of the building, number of floor"
stage5_lightgbm_smote_gpu,165,ORGANIZATION_TYPE_Hotel,ORGANIZATION_TYPE,Hotel,one_hot,categorical_profile,0.0006360321221033739,-0.00032396730662463365,工作单位/组织类型。
stage5_lightgbm_smote_gpu,166,ORGANIZATION_TYPE_Other,ORGANIZATION_TYPE,Other,one_hot,categorical_profile,0.0006085682253607562,-5.319663437287778e-05,工作单位/组织类型。
stage5_lightgbm_smote_gpu,167,HOUSETYPE_MODE_specific housing,HOUSETYPE_MODE,specific housing,one_hot,other,0.0005450457560195209,-1.4130842526097297e-05,"Normalized information about building where the client lives, What is average (_AVG suffix), modus (_MODE suffix), median (_MEDI suffix) apartment size, common area, living area, age of building, number of elevators, number of entrances, state of the building, number of floor"
stage5_lightgbm_smote_gpu,168,ORGANIZATION_TYPE_Trade: type 7,ORGANIZATION_TYPE,Trade: type 7,one_hot,categorical_profile,0.000539870331051158,-0.00011367805429466808,工作单位/组织类型。
stage5_lightgbm_smote_gpu,169,ORGANIZATION_TYPE_Medicine,ORGANIZATION_TYPE,Medicine,one_hot,categorical_profile,0.0005385828401300201,-0.00034457883058654703,工作单位/组织类型。
stage5_lightgbm_smote_gpu,170,REG_REGION_NOT_LIVE_REGION,REG_REGION_NOT_LIVE_REGION,,numeric,other,0.000488189064643974,-0.00021591844345535488,"Flag if client's permanent address does not match contact address (1=different, 0=same, at region level)"
stage5_lightgbm_smote_gpu,171,LIVE_REGION_NOT_WORK_REGION,LIVE_REGION_NOT_WORK_REGION,,numeric,other,0.0004739781502572468,-0.0002852431780330931,"Flag if client's contact address does not match work address (1=different, 0=same, at region level)"
stage5_lightgbm_smote_gpu,172,OCCUPATION_TYPE_Security staff,OCCUPATION_TYPE,Security staff,one_hot,categorical_profile,0.0004527456950161457,-0.00011709415194105899,职业类型。
stage5_lightgbm_smote_gpu,173,ORGANIZATION_TYPE_Electricity,ORGANIZATION_TYPE,Electricity,one_hot,categorical_profile,0.0004426811049278578,-0.0002492089186423923,工作单位/组织类型。
stage5_lightgbm_smote_gpu,174,FLOORSMIN_MEDI,FLOORSMIN_MEDI,,numeric,other,0.0004019638362058335,-8.908851162419414e-05,"Normalized information about building where the client lives, What is average (_AVG suffix), modus (_MODE suffix), median (_MEDI suffix) apartment size, common area, living area, age of building, number of elevators, number of entrances, state of the building, number of floor"
stage5_lightgbm_smote_gpu,175,ORGANIZATION_TYPE_Trade: type 1,ORGANIZATION_TYPE,Trade: type 1,one_hot,categorical_profile,0.00039333105281865843,0.0001379080909245412,工作单位/组织类型。
stage5_lightgbm_smote_gpu,176,ORGANIZATION_TYPE_Trade: type 3,ORGANIZATION_TYPE,Trade: type 3,one_hot,categorical_profile,0.0003404175373113865,-8.657205516645814e-05,工作单位/组织类型。
stage5_lightgbm_smote_gpu,177,NAME_HOUSING_TYPE_Municipal apartment,NAME_HOUSING_TYPE,Municipal apartment,one_hot,categorical_profile,0.00033317572159646564,3.6038006085000474e-05,居住情况。
stage5_lightgbm_smote_gpu,178,OCCUPATION_TYPE_Managers,OCCUPATION_TYPE,Managers,one_hot,categorical_profile,0.0003264729534262676,-0.00021003304814319748,职业类型。
stage5_lightgbm_smote_gpu,179,NAME_HOUSING_TYPE_Office apartment,NAME_HOUSING_TYPE,Office apartment,one_hot,categorical_profile,0.00032154820238979015,-1.1528958002793258e-05,居住情况。
stage5_lightgbm_smote_gpu,180,FLOORSMIN_AVG,FLOORSMIN_AVG,,numeric,other,0.00032125151151072597,-6.837417212271881e-05,"Normalized information about building where the client lives, What is average (_AVG suffix), modus (_MODE suffix), median (_MEDI suffix) apartment size, common area, living area, age of building, number of elevators, number of entrances, state of the building, number of floor"
stage5_lightgbm_smote_gpu,181,ORGANIZATION_TYPE_Transport: type 4,ORGANIZATION_TYPE,Transport: type 4,one_hot,categorical_profile,0.00031158777092243277,-5.616382933651384e-05,工作单位/组织类型。
stage5_lightgbm_smote_gpu,182,HOUSETYPE_MODE_terraced house,HOUSETYPE_MODE,terraced house,one_hot,other,0.0003047229417205275,-7.759505032794279e-05,"Normalized information about building where the client lives, What is average (_AVG suffix), modus (_MODE suffix), median (_MEDI suffix) apartment size, common area, living area, age of building, number of elevators, number of entrances, state of the building, number of floor"
stage5_lightgbm_smote_gpu,183,WALLSMATERIAL_MODE_Block,WALLSMATERIAL_MODE,Block,one_hot,other,0.000304020326979403,0.00011441010567471416,"Normalized information about building where the client lives, What is average (_AVG suffix), modus (_MODE suffix), median (_MEDI suffix) apartment size, common area, living area, age of building, number of elevators, number of entrances, state of the building, number of floor"
stage5_lightgbm_smote_gpu,184,FLOORSMIN_MODE,FLOORSMIN_MODE,,numeric,other,0.0002993838280362248,-5.298348808808748e-05,"Normalized information about building where the client lives, What is average (_AVG suffix), modus (_MODE suffix), median (_MEDI suffix) apartment size, common area, living area, age of building, number of elevators, number of entrances, state of the building, number of floor"
stage5_lightgbm_smote_gpu,185,NAME_EDUCATION_TYPE___RARE__,NAME_EDUCATION_TYPE,__RARE__,one_hot,categorical_profile,0.00029909673076777355,-7.82938547712638e-05,教育程度。
stage5_lightgbm_smote_gpu,186,ORGANIZATION_TYPE_Postal,ORGANIZATION_TYPE,Postal,one_hot,categorical_profile,0.00029304715001443203,-0.00018289635110685316,工作单位/组织类型。
stage5_lightgbm_smote_gpu,187,OCCUPATION_TYPE_Private service staff,OCCUPATION_TYPE,Private service staff,one_hot,categorical_profile,0.00026927270552927707,-7.718529857580121e-05,职业类型。
stage5_lightgbm_smote_gpu,188,ELEVATORS_AVG,ELEVATORS_AVG,,numeric,other,0.000262755803764896,9.963367378827813e-05,"Normalized information about building where the client lives, What is average (_AVG suffix), modus (_MODE suffix), median (_MEDI suffix) apartment size, common area, living area, age of building, number of elevators, number of entrances, state of the building, number of floor"
stage5_lightgbm_smote_gpu,189,OCCUPATION_TYPE_Waiters/barmen staff,OCCUPATION_TYPE,Waiters/barmen staff,one_hot,categorical_profile,0.00026068790833726007,5.079955593905922e-05,职业类型。
stage5_lightgbm_smote_gpu,190,ORGANIZATION_TYPE_Housing,ORGANIZATION_TYPE,Housing,one_hot,categorical_profile,0.00025847606151583236,-0.00018797652611136106,工作单位/组织类型。
stage5_lightgbm_smote_gpu,191,NAME_TYPE_SUITE_Other_B,NAME_TYPE_SUITE,Other_B,one_hot,categorical_profile,0.00024184221918779615,-4.578284749304294e-05,Who was accompanying client when he was applying for the loan
stage5_lightgbm_smote_gpu,192,ORGANIZATION_TYPE_Transport: type 2,ORGANIZATION_TYPE,Transport: type 2,one_hot,categorical_profile,0.0002123587664353992,-1.215631222230439e-05,工作单位/组织类型。
stage5_lightgbm_smote_gpu,193,NAME_HOUSING_TYPE_Co-op apartment,NAME_HOUSING_TYPE,Co-op apartment,one_hot,categorical_profile,0.00020322875675254885,6.376765529611554e-06,居住情况。
stage5_lightgbm_smote_gpu,194,"NAME_TYPE_SUITE_Spouse, partner",NAME_TYPE_SUITE,"Spouse, partner",one_hot,categorical_profile,0.00019436628760464297,-5.311519492717509e-05,Who was accompanying client when he was applying for the loan
stage5_lightgbm_smote_gpu,195,FONDKAPREMONT_MODE_org spec account,FONDKAPREMONT_MODE,org spec account,one_hot,other,0.00019283448334748534,1.504434916333438e-05,"Normalized information about building where the client lives, What is average (_AVG suffix), modus (_MODE suffix), median (_MEDI suffix) apartment size, common area, living area, age of building, number of elevators, number of entrances, state of the building, number of floor"
stage5_lightgbm_smote_gpu,196,ORGANIZATION_TYPE_Restaurant,ORGANIZATION_TYPE,Restaurant,one_hot,categorical_profile,0.00017065474900027658,-4.715530366575534e-05,工作单位/组织类型。
stage5_lightgbm_smote_gpu,197,AMT_REQ_CREDIT_BUREAU_HOUR,AMT_REQ_CREDIT_BUREAU_HOUR,,numeric,amount_and_ratio,0.00016221177196455906,-6.091451424922115e-05,Number of enquiries to Credit Bureau about the client one hour before application
stage5_lightgbm_smote_gpu,198,ORGANIZATION_TYPE_Business Entity Type 2,ORGANIZATION_TYPE,Business Entity Type 2,one_hot,categorical_profile,0.0001612391460915734,2.83967776594842e-05,工作单位/组织类型。
stage5_lightgbm_smote_gpu,199,WALLSMATERIAL_MODE_Others,WALLSMATERIAL_MODE,Others,one_hot,other,0.0001576655886043187,-6.722340433208188e-05,"Normalized information about building where the client lives, What is average (_AVG suffix), modus (_MODE suffix), median (_MEDI suffix) apartment size, common area, living area, age of building, number of elevators, number of entrances, state of the building, number of floor"
stage5_lightgbm_smote_gpu,200,FLAG_DOCUMENT_8,FLAG_DOCUMENT_8,,numeric,flags_and_contacts,0.00014142236062307908,-6.447445247056063e-06,申请材料中的文件提交标记，反映材料完整性。
stage5_lightgbm_smote_gpu,201,FONDKAPREMONT_MODE_reg oper spec account,FONDKAPREMONT_MODE,reg oper spec account,one_hot,other,0.000127111515082911,1.5785799492122935e-05,"Normalized information about building where the client lives, What is average (_AVG suffix), modus (_MODE suffix), median (_MEDI suffix) apartment size, common area, living area, age of building, number of elevators, number of entrances, state of the building, number of floor"
stage5_lightgbm_smote_gpu,202,ORGANIZATION_TYPE_Business Entity Type 1,ORGANIZATION_TYPE,Business Entity Type 1,one_hot,categorical_profile,0.0001232168022987909,2.0395919240361538e-05,工作单位/组织类型。
stage5_lightgbm_smote_gpu,203,ORGANIZATION_TYPE_Government,ORGANIZATION_TYPE,Government,one_hot,categorical_profile,0.00012273440490544215,-3.1900369717300386e-06,工作单位/组织类型。
stage5_lightgbm_smote_gpu,204,OCCUPATION_TYPE_Secretaries,OCCUPATION_TYPE,Secretaries,one_hot,categorical_profile,0.00011589538424107052,-6.726778809805476e-05,职业类型。
stage5_lightgbm_smote_gpu,205,NAME_HOUSING_TYPE_Rented apartment,NAME_HOUSING_TYPE,Rented apartment,one_hot,categorical_profile,0.00010403629933163239,2.2367288558560053e-05,居住情况。
stage5_lightgbm_smote_gpu,206,ORGANIZATION_TYPE_Police,ORGANIZATION_TYPE,Police,one_hot,categorical_profile,0.00010258123527501525,-4.260170964835889e-05,工作单位/组织类型。
stage5_lightgbm_smote_gpu,207,WALLSMATERIAL_MODE_Wooden,WALLSMATERIAL_MODE,Wooden,one_hot,other,9.743377247199601e-05,-4.867011398652889e-05,"Normalized information about building where the client lives, What is average (_AVG suffix), modus (_MODE suffix), median (_MEDI suffix) apartment size, common area, living area, age of building, number of elevators, number of entrances, state of the building, number of floor"
stage5_lightgbm_smote_gpu,208,ORGANIZATION_TYPE_Security,ORGANIZATION_TYPE,Security,one_hot,categorical_profile,7.836942612523553e-05,2.9974477942825302e-05,工作单位/组织类型。
stage5_lightgbm_smote_gpu,209,ORGANIZATION_TYPE_Industry: type 11,ORGANIZATION_TYPE,Industry: type 11,one_hot,categorical_profile,7.380446147448106e-05,-4.631859542169439e-05,工作单位/组织类型。
stage5_lightgbm_smote_gpu,210,ORGANIZATION_TYPE_Bank,ORGANIZATION_TYPE,Bank,one_hot,categorical_profile,7.13113175984917e-05,-1.7116551123474948e-05,工作单位/组织类型。
stage5_lightgbm_smote_gpu,211,AMT_REQ_CREDIT_BUREAU_DAY,AMT_REQ_CREDIT_BUREAU_DAY,,numeric,amount_and_ratio,6.965481592163744e-05,3.8374369471389144e-06,Number of enquiries to Credit Bureau about the client one day before application (excluding one hour before application)
stage5_lightgbm_smote_gpu,212,OCCUPATION_TYPE_Cooking staff,OCCUPATION_TYPE,Cooking staff,one_hot,categorical_profile,5.7899913625289933e-05,-2.387878726445582e-05,职业类型。
stage5_lightgbm_smote_gpu,213,EMERGENCYSTATE_MODE_Yes,EMERGENCYSTATE_MODE,Yes,one_hot,other,5.761683982565877e-05,1.867883921468618e-06,居住房屋所在区域的紧急状态标记。
stage5_lightgbm_smote_gpu,214,NAME_TYPE_SUITE___MISSING__,NAME_TYPE_SUITE,__MISSING__,one_hot,categorical_profile,5.502489579356564e-05,-3.0460125987641045e-05,Who was accompanying client when he was applying for the loan
stage5_lightgbm_smote_gpu,215,ORGANIZATION_TYPE_Culture,ORGANIZATION_TYPE,Culture,one_hot,categorical_profile,5.269662327058322e-05,-2.7304315775499422e-05,工作单位/组织类型。
stage5_lightgbm_smote_gpu,216,FLAG_DOCUMENT_16,FLAG_DOCUMENT_16,,numeric,flags_and_contacts,4.795984703171338e-05,1.5834404472873286e-05,申请材料中的文件提交标记，反映材料完整性。
stage5_lightgbm_smote_gpu,217,ORGANIZATION_TYPE_Telecom,ORGANIZATION_TYPE,Telecom,one_hot,categorical_profile,4.063431151878485e-05,-9.686932359108262e-06,工作单位/组织类型。
stage5_lightgbm_smote_gpu,218,NAME_TYPE_SUITE___RARE__,NAME_TYPE_SUITE,__RARE__,one_hot,categorical_profile,3.906954654784026e-05,-3.3375223291138703e-05,Who was accompanying client when he was applying for the loan
stage5_lightgbm_smote_gpu,219,FLAG_CONT_MOBILE,FLAG_CONT_MOBILE,,numeric,flags_and_contacts,3.867436924314693e-05,-5.574483326542637e-07,布尔标记类字段，反映申请材料、联系方式或资产信息是否存在。
stage5_lightgbm_smote_gpu,220,FLAG_DOCUMENT_18,FLAG_DOCUMENT_18,,numeric,flags_and_contacts,3.7503285680631776e-05,-9.577191671775904e-06,申请材料中的文件提交标记，反映材料完整性。
stage5_lightgbm_smote_gpu,221,ORGANIZATION_TYPE_Advertising,ORGANIZATION_TYPE,Advertising,one_hot,categorical_profile,3.453636521236227e-05,-3.149574978982844e-05,工作单位/组织类型。
stage5_lightgbm_smote_gpu,222,ORGANIZATION_TYPE_Trade: type 6,ORGANIZATION_TYPE,Trade: type 6,one_hot,categorical_profile,2.7611947382419297e-05,-1.6017582456668697e-05,工作单位/组织类型。
stage5_lightgbm_smote_gpu,223,WALLSMATERIAL_MODE_Mixed,WALLSMATERIAL_MODE,Mixed,one_hot,other,2.6571799026489152e-05,-1.4727378400157929e-06,"Normalized information about building where the client lives, What is average (_AVG suffix), modus (_MODE suffix), median (_MEDI suffix) apartment size, common area, living area, age of building, number of elevators, number of entrances, state of the building, number of floor"
stage5_lightgbm_smote_gpu,224,ORGANIZATION_TYPE_Industry: type 2,ORGANIZATION_TYPE,Industry: type 2,one_hot,categorical_profile,2.5976538468542602e-05,-1.8706817380441157e-05,工作单位/组织类型。
stage5_lightgbm_smote_gpu,225,ORGANIZATION_TYPE_Services,ORGANIZATION_TYPE,Services,one_hot,categorical_profile,2.532022749505936e-05,-1.3368901921931496e-06,工作单位/组织类型。
stage5_lightgbm_smote_gpu,226,ORGANIZATION_TYPE_Mobile,ORGANIZATION_TYPE,Mobile,one_hot,categorical_profile,2.1165488156438908e-05,-1.7846459362683513e-05,工作单位/组织类型。
stage5_lightgbm_smote_gpu,227,ORGANIZATION_TYPE_University,ORGANIZATION_TYPE,University,one_hot,categorical_profile,2.071759310816506e-05,-1.3786499587959423e-05,工作单位/组织类型。
stage5_lightgbm_smote_gpu,228,ORGANIZATION_TYPE_Industry: type 4,ORGANIZATION_TYPE,Industry: type 4,one_hot,categorical_profile,1.8729291673112332e-05,3.682311695675755e-06,工作单位/组织类型。
stage5_lightgbm_smote_gpu,229,OCCUPATION_TYPE_Realty agents,OCCUPATION_TYPE,Realty agents,one_hot,categorical_profile,1.7752640571306514e-05,1.107366879597397e-05,职业类型。
stage5_lightgbm_smote_gpu,230,FLAG_DOCUMENT_19,FLAG_DOCUMENT_19,,numeric,flags_and_contacts,1.5406347181469745e-05,1.6908548671510949e-06,申请材料中的文件提交标记，反映材料完整性。
stage5_lightgbm_smote_gpu,231,NAME_INCOME_TYPE_infrequent_sklearn,NAME_INCOME_TYPE,infrequent_sklearn,one_hot,categorical_profile,1.2616549888154277e-05,-1.2616549888154277e-05,收入来源类型。
stage5_lightgbm_smote_gpu,232,ORGANIZATION_TYPE_Industry: type 1,ORGANIZATION_TYPE,Industry: type 1,one_hot,categorical_profile,1.106575755096601e-05,-2.118900627433002e-07,工作单位/组织类型。
stage5_lightgbm_smote_gpu,233,FLAG_DOCUMENT_2,FLAG_DOCUMENT_2,,numeric,flags_and_contacts,7.620023347063017e-06,-7.620023347063017e-06,申请材料中的文件提交标记，反映材料完整性。
stage5_lightgbm_smote_gpu,234,ORGANIZATION_TYPE_Agriculture,ORGANIZATION_TYPE,Agriculture,one_hot,categorical_profile,7.340508439315523e-06,-3.093097777948951e-06,工作单位/组织类型。
stage5_lightgbm_smote_gpu,235,ORGANIZATION_TYPE_Insurance,ORGANIZATION_TYPE,Insurance,one_hot,categorical_profile,6.4264951552651e-06,-5.208645183113619e-06,工作单位/组织类型。
stage5_lightgbm_smote_gpu,236,OCCUPATION_TYPE_IT staff,OCCUPATION_TYPE,IT staff,one_hot,categorical_profile,5.8324058061836e-06,-5.8324058061836e-06,职业类型。
stage5_lightgbm_smote_gpu,237,FLAG_DOCUMENT_20,FLAG_DOCUMENT_20,,numeric,flags_and_contacts,0.0,0.0,申请材料中的文件提交标记，反映材料完整性。
stage5_lightgbm_smote_gpu,238,FLAG_DOCUMENT_21,FLAG_DOCUMENT_21,,numeric,flags_and_contacts,0.0,0.0,申请材料中的文件提交标记，反映材料完整性。
stage5_lightgbm_smote_gpu,239,FLAG_DOCUMENT_4,FLAG_DOCUMENT_4,,numeric,flags_and_contacts,0.0,0.0,申请材料中的文件提交标记，反映材料完整性。
stage5_lightgbm_smote_gpu,240,FLAG_DOCUMENT_7,FLAG_DOCUMENT_7,,numeric,flags_and_contacts,0.0,0.0,申请材料中的文件提交标记，反映材料完整性。
stage5_lightgbm_smote_gpu,241,FLAG_MOBIL,FLAG_MOBIL,,numeric,flags_and_contacts,0.0,0.0,布尔标记类字段，反映申请材料、联系方式或资产信息是否存在。
stage5_lightgbm_smote_gpu,242,WALLSMATERIAL_MODE_Monolithic,WALLSMATERIAL_MODE,Monolithic,one_hot,other,0.0,0.0,"Normalized information about building where the client lives, What is average (_AVG suffix), modus (_MODE suffix), median (_MEDI suffix) apartment size, common area, living area, age of building, number of elevators, number of entrances, state of the building, number of floor"
stage5_lightgbm_smote_gpu,243,FLAG_DOCUMENT_11,FLAG_DOCUMENT_11,,numeric,flags_and_contacts,0.0,0.0,申请材料中的文件提交标记，反映材料完整性。
stage5_lightgbm_smote_gpu,244,FLAG_DOCUMENT_9,FLAG_DOCUMENT_9,,numeric,flags_and_contacts,0.0,0.0,申请材料中的文件提交标记，反映材料完整性。
stage5_lightgbm_smote_gpu,245,FLAG_DOCUMENT_15,FLAG_DOCUMENT_15,,numeric,flags_and_contacts,0.0,0.0,申请材料中的文件提交标记，反映材料完整性。
stage5_lightgbm_smote_gpu,246,FLAG_DOCUMENT_14,FLAG_DOCUMENT_14,,numeric,flags_and_contacts,0.0,0.0,申请材料中的文件提交标记，反映材料完整性。
stage5_lightgbm_smote_gpu,247,FLAG_DOCUMENT_13,FLAG_DOCUMENT_13,,numeric,flags_and_contacts,0.0,0.0,申请材料中的文件提交标记，反映材料完整性。
stage5_lightgbm_smote_gpu,248,FLAG_DOCUMENT_12,FLAG_DOCUMENT_12,,numeric,flags_and_contacts,0.0,0.0,申请材料中的文件提交标记，反映材料完整性。
stage5_lightgbm_smote_gpu,249,FLAG_DOCUMENT_10,FLAG_DOCUMENT_10,,numeric,flags_and_contacts,0.0,0.0,申请材料中的文件提交标记，反映材料完整性。
stage5_lightgbm_smote_gpu,250,FLAG_DOCUMENT_17,FLAG_DOCUMENT_17,,numeric,flags_and_contacts,0.0,0.0,申请材料中的文件提交标记，反映材料完整性。
stage5_lightgbm_smote_gpu,251,NAME_TYPE_SUITE_Other_A,NAME_TYPE_SUITE,Other_A,one_hot,categorical_profile,0.0,0.0,Who was accompanying client when he was applying for the loan
stage5_lightgbm_smote_gpu,252,CODE_GENDER_infrequent_sklearn,CODE_GENDER,infrequent_sklearn,one_hot,categorical_profile,0.0,0.0,申请人性别。
stage5_lightgbm_smote_gpu,253,OCCUPATION_TYPE_HR staff,OCCUPATION_TYPE,HR staff,one_hot,categorical_profile,0.0,0.0,职业类型。
stage5_lightgbm_smote_gpu,254,NAME_FAMILY_STATUS_infrequent_sklearn,NAME_FAMILY_STATUS,infrequent_sklearn,one_hot,categorical_profile,0.0,0.0,婚姻/家庭状态。
stage5_lightgbm_smote_gpu,255,ORGANIZATION_TYPE_Industry: type 7,ORGANIZATION_TYPE,Industry: type 7,one_hot,categorical_profile,0.0,0.0,工作单位/组织类型。
stage5_lightgbm_smote_gpu,256,ORGANIZATION_TYPE_Emergency,ORGANIZATION_TYPE,Emergency,one_hot,categorical_profile,0.0,0.0,工作单位/组织类型。
stage5_lightgbm_smote_gpu,257,ORGANIZATION_TYPE_Industry: type 5,ORGANIZATION_TYPE,Industry: type 5,one_hot,categorical_profile,0.0,0.0,工作单位/组织类型。
stage5_lightgbm_smote_gpu,258,ORGANIZATION_TYPE_Industry: type 12,ORGANIZATION_TYPE,Industry: type 12,one_hot,categorical_profile,0.0,0.0,工作单位/组织类型。
stage5_lightgbm_smote_gpu,259,ORGANIZATION_TYPE_Trade: type 2,ORGANIZATION_TYPE,Trade: type 2,one_hot,categorical_profile,0.0,0.0,工作单位/组织类型。
stage5_lightgbm_smote_gpu,260,ORGANIZATION_TYPE___RARE__,ORGANIZATION_TYPE,__RARE__,one_hot,categorical_profile,0.0,0.0,工作单位/组织类型。
stage5_lightgbm_raw_gpu,1,ext_source_mean,ext_source_mean,,numeric,external_score,0.5300156469692148,0.22058621923098917,三个外部信用评分的平均水平，用来概括申请人的综合外部信用质量。
stage5_lightgbm_raw_gpu,2,annuity_credit_ratio,annuity_credit_ratio,,numeric,amount_and_ratio,0.13890767074959112,0.03414127524915778,分期还款额相对授信金额的压力。
stage5_lightgbm_raw_gpu,3,goods_credit_ratio,goods_credit_ratio,,numeric,amount_and_ratio,0.12004030678261134,0.009117086267531502,商品价格相对授信金额的比例。
stage5_lightgbm_raw_gpu,4,EXT_SOURCE_3,EXT_SOURCE_3,,numeric,external_score,0.08965371701137832,0.014399653430292267,外部信用评分相关变量，通常反映第三方或外部数据源对申请人风险质量的综合判断。
stage5_lightgbm_raw_gpu,5,NAME_EDUCATION_TYPE_Higher education,NAME_EDUCATION_TYPE,Higher education,one_hot,categorical_profile,0.0674366463926841,0.006319932731734766,教育程度。
stage5_lightgbm_raw_gpu,6,CODE_GENDER_M,CODE_GENDER,M,one_hot,categorical_profile,0.06654641981049354,0.0006317980973978075,申请人性别。
stage5_lightgbm_raw_gpu,7,EXT_SOURCE_1,EXT_SOURCE_1,,numeric,external_score,0.06589830703958875,0.00721156183658339,外部信用评分相关变量，通常反映第三方或外部数据源对申请人风险质量的综合判断。
stage5_lightgbm_raw_gpu,8,ext_source_max,ext_source_max,,numeric,external_score,0.06562320050841453,0.022086062913272118,三个外部信用评分中的最高值，用来反映申请人最好的一侧外部信用信号。
stage5_lightgbm_raw_gpu,9,ext_source_min,ext_source_min,,numeric,external_score,0.0646999312901555,0.013158430647263117,三个外部信用评分中的最低值，用来捕捉外部评分中的短板信号。
stage5_lightgbm_raw_gpu,10,employment_age_ratio,employment_age_ratio,,numeric,amount_and_ratio,0.0569501771277968,0.004932488455604237,"Derived feature: employment days divided by birth days, both relative to application date."
stage5_lightgbm_raw_gpu,11,DAYS_ID_PUBLISH,DAYS_ID_PUBLISH,,numeric,age_and_tenure,0.05421027343786869,0.004580790359982942,身份证件签发距申请日的时间。
stage5_lightgbm_raw_gpu,12,age_years,age_years,,numeric,age_and_tenure,0.04302297668642567,0.010518730705839996,申请人年龄（年）。
stage5_lightgbm_raw_gpu,13,CODE_GENDER_F,CODE_GENDER,F,one_hot,categorical_profile,0.04076377179868562,0.0021358153777249,申请人性别。
stage5_lightgbm_raw_gpu,14,FLAG_OWN_CAR_N,FLAG_OWN_CAR,N,one_hot,flags_and_contacts,0.038185823930382605,0.0037003876261426437,是否拥有车辆，可能反映资产状况。
stage5_lightgbm_raw_gpu,15,log_AMT_ANNUITY,log_AMT_ANNUITY,,numeric,other,0.03809189862283995,0.0006789769384398926,分期还款金额的对数变换，用来降低极端年金值对模型的影响。
stage5_lightgbm_raw_gpu,16,REGION_POPULATION_RELATIVE,REGION_POPULATION_RELATIVE,,numeric,other,0.03315781014345085,0.00045659748094152125,申请人所在地区的人口相对密度。
stage5_lightgbm_raw_gpu,17,AMT_ANNUITY,AMT_ANNUITY,,numeric,amount_and_ratio,0.03190832727368085,0.00044050756579155155,贷款年金/分期还款压力。
stage5_lightgbm_raw_gpu,18,FLAG_WORK_PHONE,FLAG_WORK_PHONE,,numeric,flags_and_contacts,0.03126561323734408,0.0039097155203755745,是否提供工作电话，反映可联系性和工作信息完整度。
stage5_lightgbm_raw_gpu,19,NAME_FAMILY_STATUS_Married,NAME_FAMILY_STATUS,Married,one_hot,categorical_profile,0.030414206966205882,0.0024847666399797144,婚姻/家庭状态。
stage5_lightgbm_raw_gpu,20,DAYS_BIRTH,DAYS_BIRTH,,numeric,age_and_tenure,0.030255201411578014,0.0067161128982384365,申请人年龄，通常通过年龄阶段反映生命周期和收入稳定性。
stage5_lightgbm_raw_gpu,21,AMT_GOODS_PRICE,AMT_GOODS_PRICE,,numeric,amount_and_ratio,0.02947865815466085,0.003995514842119341,消费贷款对应商品价格。
stage5_lightgbm_raw_gpu,22,DAYS_LAST_PHONE_CHANGE,DAYS_LAST_PHONE_CHANGE,,numeric,age_and_tenure,0.02917746468140927,0.0022884382393207796,最近一次更换电话号码距申请日的时间，可能反映联系方式稳定性。
stage5_lightgbm_raw_gpu,23,DAYS_EMPLOYED,DAYS_EMPLOYED,,numeric,age_and_tenure,0.028864397895167922,0.0030432361151168986,当前工作年限，反映就业稳定性。
stage5_lightgbm_raw_gpu,24,OWN_CAR_AGE,OWN_CAR_AGE,,numeric,other,0.028407512601733874,0.0021132508088454846,Age of client's car
stage5_lightgbm_raw_gpu,25,AMT_REQ_CREDIT_BUREAU_QRT,AMT_REQ_CREDIT_BUREAU_QRT,,numeric,amount_and_ratio,0.027571043079589522,0.0010182503161252443,Number of enquiries to Credit Bureau about the client 3 month before application (excluding one month before application)
stage5_lightgbm_raw_gpu,26,EXT_SOURCE_2,EXT_SOURCE_2,,numeric,external_score,0.02743560843987427,0.008611947322862983,外部信用评分相关变量，通常反映第三方或外部数据源对申请人风险质量的综合判断。
stage5_lightgbm_raw_gpu,27,FLAG_DOCUMENT_3,FLAG_DOCUMENT_3,,numeric,flags_and_contacts,0.027348846409559882,0.0030897351649500156,申请材料中的文件提交标记，反映材料完整性。
stage5_lightgbm_raw_gpu,28,REGION_RATING_CLIENT_W_CITY,REGION_RATING_CLIENT_W_CITY,,numeric,other,0.026680400714855786,0.0018328675456766566,结合城市后的客户所在区域评级。
stage5_lightgbm_raw_gpu,29,FLAG_OWN_CAR_Y,FLAG_OWN_CAR,Y,one_hot,flags_and_contacts,0.026302198122071487,0.002949687540005784,是否拥有车辆，可能反映资产状况。
stage5_lightgbm_raw_gpu,30,annuity_income_ratio,annuity_income_ratio,,numeric,amount_and_ratio,0.025098683381609112,0.001403981052833559,分期还款额相对收入的压力。
stage5_lightgbm_raw_gpu,31,log_AMT_GOODS_PRICE,log_AMT_GOODS_PRICE,,numeric,other,0.024635438972795822,0.003125070199197113,商品价格的对数变换，用来降低极端商品价格对模型的影响。
stage5_lightgbm_raw_gpu,32,employment_years,employment_years,,numeric,age_and_tenure,0.02441188359891077,0.004128544466602706,当前就业年限（年）。
stage5_lightgbm_raw_gpu,33,AMT_REQ_CREDIT_BUREAU_YEAR,AMT_REQ_CREDIT_BUREAU_YEAR,,numeric,amount_and_ratio,0.022192415155985336,0.0005041938977935353,申请前一年内的征信查询次数，反映中期信贷申请活跃度。
stage5_lightgbm_raw_gpu,34,DEF_30_CNT_SOCIAL_CIRCLE,DEF_30_CNT_SOCIAL_CIRCLE,,numeric,other,0.020791410201361604,0.00021592534830392745,申请人社交圈中出现 30 天以上逾期的人数，反映周边信用环境。
stage5_lightgbm_raw_gpu,35,NAME_EDUCATION_TYPE_Secondary / secondary special,NAME_EDUCATION_TYPE,Secondary / secondary special,one_hot,categorical_profile,0.020425945652619182,0.0010809755989825535,教育程度。
stage5_lightgbm_raw_gpu,36,document_flag_sum,document_flag_sum,,numeric,flags_and_contacts,0.018773606648289805,0.0025224547618933274,提交文件数量汇总，反映申请材料完整性。
stage5_lightgbm_raw_gpu,37,NAME_INCOME_TYPE_Working,NAME_INCOME_TYPE,Working,one_hot,categorical_profile,0.016299501906097514,0.0011096877258694243,收入来源类型。
stage5_lightgbm_raw_gpu,38,DAYS_REGISTRATION,DAYS_REGISTRATION,,numeric,age_and_tenure,0.01616019597844268,0.0009409851611716658,最近一次变更登记信息距申请日的时间，可能反映居住或身份信息稳定性。
stage5_lightgbm_raw_gpu,39,ORGANIZATION_TYPE_Self-employed,ORGANIZATION_TYPE,Self-employed,one_hot,categorical_profile,0.015867309129603997,0.0012124446952432454,工作单位/组织类型。
stage5_lightgbm_raw_gpu,40,credit_per_person,credit_per_person,,numeric,amount_and_ratio,0.014889895493148848,-5.442967462136902e-05,家庭人均授信金额。
stage5_lightgbm_raw_gpu,41,HOUR_APPR_PROCESS_START,HOUR_APPR_PROCESS_START,,numeric,other,0.013795547271527132,0.0012478272556498337,Approximately at what hour did the client apply for the loan
stage5_lightgbm_raw_gpu,42,DEF_60_CNT_SOCIAL_CIRCLE,DEF_60_CNT_SOCIAL_CIRCLE,,numeric,other,0.013221840014365145,0.0006704060821281317,How many observation of client's social surroundings defaulted on 60 (days past due) DPD
stage5_lightgbm_raw_gpu,43,income_per_person,income_per_person,,numeric,amount_and_ratio,0.012504690759452274,-0.00023173565699284614,家庭人均收入。
stage5_lightgbm_raw_gpu,44,log_AMT_CREDIT,log_AMT_CREDIT,,numeric,other,0.012296367359175928,0.0014828054523517318,授信金额的对数变换，用来降低极端授信金额对模型的影响。
stage5_lightgbm_raw_gpu,45,ORGANIZATION_TYPE_Business Entity Type 3,ORGANIZATION_TYPE,Business Entity Type 3,one_hot,categorical_profile,0.01184218831203542,-0.0004600153029954221,工作单位/组织类型。
stage5_lightgbm_raw_gpu,46,WALLSMATERIAL_MODE_Panel,WALLSMATERIAL_MODE,Panel,one_hot,other,0.011064323656075655,0.0002558494893540536,"Normalized information about building where the client lives, What is average (_AVG suffix), modus (_MODE suffix), median (_MEDI suffix) apartment size, common area, living area, age of building, number of elevators, number of entrances, state of the building, number of floor"
stage5_lightgbm_raw_gpu,47,OCCUPATION_TYPE_Core staff,OCCUPATION_TYPE,Core staff,one_hot,categorical_profile,0.010708066304911466,0.0005524872268017269,职业类型。
stage5_lightgbm_raw_gpu,48,NAME_CONTRACT_TYPE_Cash loans,NAME_CONTRACT_TYPE,Cash loans,one_hot,categorical_profile,0.010574158467205799,-0.0007030853528079606,贷款产品类型。
stage5_lightgbm_raw_gpu,49,REG_CITY_NOT_LIVE_CITY,REG_CITY_NOT_LIVE_CITY,,numeric,other,0.010138782209594722,0.0009968126406465685,"Flag if client's permanent address does not match contact address (1=different, 0=same, at city level)"
stage5_lightgbm_raw_gpu,50,YEARS_BEGINEXPLUATATION_MEDI,YEARS_BEGINEXPLUATATION_MEDI,,numeric,other,0.010110461600267599,0.0002466412825600241,"Normalized information about building where the client lives, What is average (_AVG suffix), modus (_MODE suffix), median (_MEDI suffix) apartment size, common area, living area, age of building, number of elevators, number of entrances, state of the building, number of floor"
stage5_lightgbm_raw_gpu,51,credit_income_ratio,credit_income_ratio,,numeric,amount_and_ratio,0.009973982772666689,0.0007431665506623627,授信金额相对收入的杠杆水平。
stage5_lightgbm_raw_gpu,52,ext_source_std,ext_source_std,,numeric,external_score,0.00967830391450934,0.0014112569799738899,三个外部信用评分的离散程度，用来衡量外部评分是否一致。
stage5_lightgbm_raw_gpu,53,FLAG_DOCUMENT_8,FLAG_DOCUMENT_8,,numeric,flags_and_contacts,0.00897896552313414,0.0009219237834982122,申请材料中的文件提交标记，反映材料完整性。
stage5_lightgbm_raw_gpu,54,WEEKDAY_APPR_PROCESS_START_MONDAY,WEEKDAY_APPR_PROCESS_START,MONDAY,one_hot,other,0.008654021988116538,-4.904845674932518e-05,贷款申请提交的星期几。
stage5_lightgbm_raw_gpu,55,AMT_CREDIT,AMT_CREDIT,,numeric,amount_and_ratio,0.008594889635120681,0.002983684468803122,贷款授信金额，金额越高，潜在敞口越大。
stage5_lightgbm_raw_gpu,56,OCCUPATION_TYPE_Accountants,OCCUPATION_TYPE,Accountants,one_hot,categorical_profile,0.0082064930792082,0.0006372224214170019,职业类型。
stage5_lightgbm_raw_gpu,57,bureau_request_total,bureau_request_total,,numeric,other,0.007680131725983485,-0.0003802426338980223,征信查询次数汇总，可能反映近期信贷活跃度。
stage5_lightgbm_raw_gpu,58,NONLIVINGAREA_MODE,NONLIVINGAREA_MODE,,numeric,other,0.007657305458157762,-0.0013465579644754216,"Normalized information about building where the client lives, What is average (_AVG suffix), modus (_MODE suffix), median (_MEDI suffix) apartment size, common area, living area, age of building, number of elevators, number of entrances, state of the building, number of floor"
stage5_lightgbm_raw_gpu,59,AMT_REQ_CREDIT_BUREAU_MON,AMT_REQ_CREDIT_BUREAU_MON,,numeric,amount_and_ratio,0.007593742554607686,0.0003901766113712148,申请前一个月内的征信查询次数，反映近期信贷申请活跃度。
stage5_lightgbm_raw_gpu,60,ORGANIZATION_TYPE_School,ORGANIZATION_TYPE,School,one_hot,categorical_profile,0.006659691130045102,0.0004956357640276525,工作单位/组织类型。
stage5_lightgbm_raw_gpu,61,NAME_INCOME_TYPE_State servant,NAME_INCOME_TYPE,State servant,one_hot,categorical_profile,0.006416395974548928,0.0002278723882676742,收入来源类型。
stage5_lightgbm_raw_gpu,62,COMMONAREA_MEDI,COMMONAREA_MEDI,,numeric,other,0.005406375216967101,2.206885480522135e-05,"Normalized information about building where the client lives, What is average (_AVG suffix), modus (_MODE suffix), median (_MEDI suffix) apartment size, common area, living area, age of building, number of elevators, number of entrances, state of the building, number of floor"
stage5_lightgbm_raw_gpu,63,YEARS_BEGINEXPLUATATION_AVG,YEARS_BEGINEXPLUATATION_AVG,,numeric,other,0.005272004986316942,0.00016287341996659287,"Normalized information about building where the client lives, What is average (_AVG suffix), modus (_MODE suffix), median (_MEDI suffix) apartment size, common area, living area, age of building, number of elevators, number of entrances, state of the building, number of floor"
stage5_lightgbm_raw_gpu,64,YEARS_BUILD_MODE,YEARS_BUILD_MODE,,numeric,other,0.004759462212511051,7.482921158465786e-06,"Normalized information about building where the client lives, What is average (_AVG suffix), modus (_MODE suffix), median (_MEDI suffix) apartment size, common area, living area, age of building, number of elevators, number of entrances, state of the building, number of floor"
stage5_lightgbm_raw_gpu,65,ORGANIZATION_TYPE_Construction,ORGANIZATION_TYPE,Construction,one_hot,categorical_profile,0.004747075785079846,0.0006029690112337945,工作单位/组织类型。
stage5_lightgbm_raw_gpu,66,FLOORSMAX_AVG,FLOORSMAX_AVG,,numeric,other,0.0047352763353293685,0.00020242055270328419,"Normalized information about building where the client lives, What is average (_AVG suffix), modus (_MODE suffix), median (_MEDI suffix) apartment size, common area, living area, age of building, number of elevators, number of entrances, state of the building, number of floor"
stage5_lightgbm_raw_gpu,67,log_AMT_INCOME_TOTAL,log_AMT_INCOME_TOTAL,,numeric,other,0.004538409664423315,0.0009465862611068372,收入金额的对数变换，用来降低极端收入值对模型的影响。
stage5_lightgbm_raw_gpu,68,ORGANIZATION_TYPE_Industry: type 9,ORGANIZATION_TYPE,Industry: type 9,one_hot,categorical_profile,0.004453098707022118,7.815194107993998e-07,工作单位/组织类型。
stage5_lightgbm_raw_gpu,69,LANDAREA_MODE,LANDAREA_MODE,,numeric,other,0.00425473323553439,0.00016687740116547194,"Normalized information about building where the client lives, What is average (_AVG suffix), modus (_MODE suffix), median (_MEDI suffix) apartment size, common area, living area, age of building, number of elevators, number of entrances, state of the building, number of floor"
stage5_lightgbm_raw_gpu,70,NAME_HOUSING_TYPE_House / apartment,NAME_HOUSING_TYPE,House / apartment,one_hot,categorical_profile,0.004134916372373302,0.0006686914937575366,居住情况。
stage5_lightgbm_raw_gpu,71,OCCUPATION_TYPE_High skill tech staff,OCCUPATION_TYPE,High skill tech staff,one_hot,categorical_profile,0.004049589649469611,0.0003345796195694785,职业类型。
stage5_lightgbm_raw_gpu,72,APARTMENTS_MODE,APARTMENTS_MODE,,numeric,other,0.003970114713035744,5.298787312541092e-05,"Normalized information about building where the client lives, What is average (_AVG suffix), modus (_MODE suffix), median (_MEDI suffix) apartment size, common area, living area, age of building, number of elevators, number of entrances, state of the building, number of floor"
stage5_lightgbm_raw_gpu,73,ORGANIZATION_TYPE_Transport: type 3,ORGANIZATION_TYPE,Transport: type 3,one_hot,categorical_profile,0.00377194912252196,0.001066732925817597,工作单位/组织类型。
stage5_lightgbm_raw_gpu,74,ORGANIZATION_TYPE_Military,ORGANIZATION_TYPE,Military,one_hot,categorical_profile,0.0037573729079485754,0.00040961425594733,工作单位/组织类型。
stage5_lightgbm_raw_gpu,75,FLOORSMAX_MEDI,FLOORSMAX_MEDI,,numeric,other,0.0036614512496279746,0.00033393452660267285,"Normalized information about building where the client lives, What is average (_AVG suffix), modus (_MODE suffix), median (_MEDI suffix) apartment size, common area, living area, age of building, number of elevators, number of entrances, state of the building, number of floor"
stage5_lightgbm_raw_gpu,76,NONLIVINGAREA_AVG,NONLIVINGAREA_AVG,,numeric,other,0.003657647547356958,0.0010371161120496682,"Normalized information about building where the client lives, What is average (_AVG suffix), modus (_MODE suffix), median (_MEDI suffix) apartment size, common area, living area, age of building, number of elevators, number of entrances, state of the building, number of floor"
stage5_lightgbm_raw_gpu,77,FLAG_OWN_REALTY_N,FLAG_OWN_REALTY,N,one_hot,flags_and_contacts,0.003529379912702242,0.0001454376127133259,布尔标记类字段，反映申请材料、联系方式或资产信息是否存在。
stage5_lightgbm_raw_gpu,78,YEARS_BEGINEXPLUATATION_MODE,YEARS_BEGINEXPLUATATION_MODE,,numeric,other,0.0034427164593687767,0.0002234813883537492,"Normalized information about building where the client lives, What is average (_AVG suffix), modus (_MODE suffix), median (_MEDI suffix) apartment size, common area, living area, age of building, number of elevators, number of entrances, state of the building, number of floor"
stage5_lightgbm_raw_gpu,79,OCCUPATION_TYPE_Laborers,OCCUPATION_TYPE,Laborers,one_hot,categorical_profile,0.00343628052898566,0.00038613393422580857,职业类型。
stage5_lightgbm_raw_gpu,80,AMT_INCOME_TOTAL,AMT_INCOME_TOTAL,,numeric,amount_and_ratio,0.0034227013695447245,3.6762016979269754e-05,申请人收入水平，用于衡量还款能力。
stage5_lightgbm_raw_gpu,81,BASEMENTAREA_MEDI,BASEMENTAREA_MEDI,,numeric,other,0.0033516283640279577,-0.00034498039364389704,"Normalized information about building where the client lives, What is average (_AVG suffix), modus (_MODE suffix), median (_MEDI suffix) apartment size, common area, living area, age of building, number of elevators, number of entrances, state of the building, number of floor"
stage5_lightgbm_raw_gpu,82,COMMONAREA_MODE,COMMONAREA_MODE,,numeric,other,0.003347994300805956,0.0011666708511772366,"Normalized information about building where the client lives, What is average (_AVG suffix), modus (_MODE suffix), median (_MEDI suffix) apartment size, common area, living area, age of building, number of elevators, number of entrances, state of the building, number of floor"
stage5_lightgbm_raw_gpu,83,OBS_60_CNT_SOCIAL_CIRCLE,OBS_60_CNT_SOCIAL_CIRCLE,,numeric,other,0.003320609153835474,8.608287881888266e-05,How many observation of client's social surroundings with observable 60 DPD (days past due) default
stage5_lightgbm_raw_gpu,84,LANDAREA_AVG,LANDAREA_AVG,,numeric,other,0.0033137843651894123,0.00034235156380445046,"Normalized information about building where the client lives, What is average (_AVG suffix), modus (_MODE suffix), median (_MEDI suffix) apartment size, common area, living area, age of building, number of elevators, number of entrances, state of the building, number of floor"
stage5_lightgbm_raw_gpu,85,OCCUPATION_TYPE_Sales staff,OCCUPATION_TYPE,Sales staff,one_hot,categorical_profile,0.0032966435566881545,0.00018129818579647904,职业类型。
stage5_lightgbm_raw_gpu,86,OBS_30_CNT_SOCIAL_CIRCLE,OBS_30_CNT_SOCIAL_CIRCLE,,numeric,other,0.0032862551001499683,-2.68131219822892e-05,How many observation of client's social surroundings with observable 30 DPD (days past due) default
stage5_lightgbm_raw_gpu,87,FONDKAPREMONT_MODE___MISSING__,FONDKAPREMONT_MODE,__MISSING__,one_hot,other,0.003231621293341439,8.883375990153544e-05,"Normalized information about building where the client lives, What is average (_AVG suffix), modus (_MODE suffix), median (_MEDI suffix) apartment size, common area, living area, age of building, number of elevators, number of entrances, state of the building, number of floor"
stage5_lightgbm_raw_gpu,88,LIVINGAREA_AVG,LIVINGAREA_AVG,,numeric,other,0.003226313724161968,0.0005516646539743807,"Normalized information about building where the client lives, What is average (_AVG suffix), modus (_MODE suffix), median (_MEDI suffix) apartment size, common area, living area, age of building, number of elevators, number of entrances, state of the building, number of floor"
stage5_lightgbm_raw_gpu,89,ENTRANCES_MEDI,ENTRANCES_MEDI,,numeric,other,0.003139406419888179,0.00012820924445626914,"Normalized information about building where the client lives, What is average (_AVG suffix), modus (_MODE suffix), median (_MEDI suffix) apartment size, common area, living area, age of building, number of elevators, number of entrances, state of the building, number of floor"
stage5_lightgbm_raw_gpu,90,LIVINGAREA_MODE,LIVINGAREA_MODE,,numeric,other,0.0031045456130996863,-0.0007247961581150148,"Normalized information about building where the client lives, What is average (_AVG suffix), modus (_MODE suffix), median (_MEDI suffix) apartment size, common area, living area, age of building, number of elevators, number of entrances, state of the building, number of floor"
stage5_lightgbm_raw_gpu,91,TOTALAREA_MODE,TOTALAREA_MODE,,numeric,other,0.003075300028899163,0.0005830619206607198,"Normalized information about building where the client lives, What is average (_AVG suffix), modus (_MODE suffix), median (_MEDI suffix) apartment size, common area, living area, age of building, number of elevators, number of entrances, state of the building, number of floor"
stage5_lightgbm_raw_gpu,92,APARTMENTS_MEDI,APARTMENTS_MEDI,,numeric,other,0.0030104329737836878,0.0004269027264602819,"Normalized information about building where the client lives, What is average (_AVG suffix), modus (_MODE suffix), median (_MEDI suffix) apartment size, common area, living area, age of building, number of elevators, number of entrances, state of the building, number of floor"
stage5_lightgbm_raw_gpu,93,BASEMENTAREA_MODE,BASEMENTAREA_MODE,,numeric,other,0.0027692638312496465,0.0007950058342746513,"Normalized information about building where the client lives, What is average (_AVG suffix), modus (_MODE suffix), median (_MEDI suffix) apartment size, common area, living area, age of building, number of elevators, number of entrances, state of the building, number of floor"
stage5_lightgbm_raw_gpu,94,APARTMENTS_AVG,APARTMENTS_AVG,,numeric,other,0.0026898992549226216,0.0006372884766971743,"Normalized information about building where the client lives, What is average (_AVG suffix), modus (_MODE suffix), median (_MEDI suffix) apartment size, common area, living area, age of building, number of elevators, number of entrances, state of the building, number of floor"
stage5_lightgbm_raw_gpu,95,WEEKDAY_APPR_PROCESS_START_WEDNESDAY,WEEKDAY_APPR_PROCESS_START,WEDNESDAY,one_hot,other,0.0026494939493820284,0.0001366632364016871,贷款申请提交的星期几。
stage5_lightgbm_raw_gpu,96,BASEMENTAREA_AVG,BASEMENTAREA_AVG,,numeric,other,0.002618512436669314,0.0003356649545520094,居住房屋地下室面积相关标准化信息，属于居住条件特征。
stage5_lightgbm_raw_gpu,97,LANDAREA_MEDI,LANDAREA_MEDI,,numeric,other,0.002578709204751381,0.000433140407907424,"Normalized information about building where the client lives, What is average (_AVG suffix), modus (_MODE suffix), median (_MEDI suffix) apartment size, common area, living area, age of building, number of elevators, number of entrances, state of the building, number of floor"
stage5_lightgbm_raw_gpu,98,LIVINGAPARTMENTS_AVG,LIVINGAPARTMENTS_AVG,,numeric,other,0.002549816541657726,-0.00021221588859659903,"Normalized information about building where the client lives, What is average (_AVG suffix), modus (_MODE suffix), median (_MEDI suffix) apartment size, common area, living area, age of building, number of elevators, number of entrances, state of the building, number of floor"
stage5_lightgbm_raw_gpu,99,LIVE_CITY_NOT_WORK_CITY,LIVE_CITY_NOT_WORK_CITY,,numeric,other,0.0025226239940789904,-0.0002983974684155409,"Flag if client's contact address does not match work address (1=different, 0=same, at city level)"
stage5_lightgbm_raw_gpu,100,LIVINGAREA_MEDI,LIVINGAREA_MEDI,,numeric,other,0.0024778539283138866,0.00037236617548565477,"Normalized information about building where the client lives, What is average (_AVG suffix), modus (_MODE suffix), median (_MEDI suffix) apartment size, common area, living area, age of building, number of elevators, number of entrances, state of the building, number of floor"
stage5_lightgbm_raw_gpu,101,ENTRANCES_MODE,ENTRANCES_MODE,,numeric,other,0.0024532632005315976,0.00013613699102336306,"Normalized information about building where the client lives, What is average (_AVG suffix), modus (_MODE suffix), median (_MEDI suffix) apartment size, common area, living area, age of building, number of elevators, number of entrances, state of the building, number of floor"
stage5_lightgbm_raw_gpu,102,OCCUPATION_TYPE_Medicine staff,OCCUPATION_TYPE,Medicine staff,one_hot,categorical_profile,0.0023589792732563665,0.0002341469988929981,职业类型。
stage5_lightgbm_raw_gpu,103,REGION_RATING_CLIENT,REGION_RATING_CLIENT,,numeric,other,0.0022804351415459116,0.00015367907161657334,客户所在区域评级。
stage5_lightgbm_raw_gpu,104,ORGANIZATION_TYPE_Security Ministries,ORGANIZATION_TYPE,Security Ministries,one_hot,categorical_profile,0.0022275067901508052,0.0002650121119395784,工作单位/组织类型。
stage5_lightgbm_raw_gpu,105,NAME_CONTRACT_TYPE_Revolving loans,NAME_CONTRACT_TYPE,Revolving loans,one_hot,categorical_profile,0.002193134006315754,-0.00019992377966586322,贷款产品类型。
stage5_lightgbm_raw_gpu,106,ORGANIZATION_TYPE_Kindergarten,ORGANIZATION_TYPE,Kindergarten,one_hot,categorical_profile,0.002143330733436602,-0.00015292778671427805,工作单位/组织类型。
stage5_lightgbm_raw_gpu,107,OCCUPATION_TYPE_Drivers,OCCUPATION_TYPE,Drivers,one_hot,categorical_profile,0.002140797835833145,0.0002470201920558199,职业类型。
stage5_lightgbm_raw_gpu,108,YEARS_BUILD_MEDI,YEARS_BUILD_MEDI,,numeric,other,0.0020946267854332263,-8.930685228228838e-05,"Normalized information about building where the client lives, What is average (_AVG suffix), modus (_MODE suffix), median (_MEDI suffix) apartment size, common area, living area, age of building, number of elevators, number of entrances, state of the building, number of floor"
stage5_lightgbm_raw_gpu,109,NONLIVINGAREA_MEDI,NONLIVINGAREA_MEDI,,numeric,other,0.0020848099199938567,-9.945731751506892e-05,"Normalized information about building where the client lives, What is average (_AVG suffix), modus (_MODE suffix), median (_MEDI suffix) apartment size, common area, living area, age of building, number of elevators, number of entrances, state of the building, number of floor"
stage5_lightgbm_raw_gpu,110,WEEKDAY_APPR_PROCESS_START_SUNDAY,WEEKDAY_APPR_PROCESS_START,SUNDAY,one_hot,other,0.002048126858959625,5.973764904720629e-05,贷款申请提交的星期几。
stage5_lightgbm_raw_gpu,111,ENTRANCES_AVG,ENTRANCES_AVG,,numeric,other,0.0020396933264058416,-4.4991914583406855e-05,"Normalized information about building where the client lives, What is average (_AVG suffix), modus (_MODE suffix), median (_MEDI suffix) apartment size, common area, living area, age of building, number of elevators, number of entrances, state of the building, number of floor"
stage5_lightgbm_raw_gpu,112,FLAG_DOCUMENT_6,FLAG_DOCUMENT_6,,numeric,flags_and_contacts,0.0019399154401319246,-0.0003999886718232714,申请材料中的文件提交标记，反映材料完整性。
stage5_lightgbm_raw_gpu,113,COMMONAREA_AVG,COMMONAREA_AVG,,numeric,other,0.0019163972868717397,-3.258731778300794e-05,"Normalized information about building where the client lives, What is average (_AVG suffix), modus (_MODE suffix), median (_MEDI suffix) apartment size, common area, living area, age of building, number of elevators, number of entrances, state of the building, number of floor"
stage5_lightgbm_raw_gpu,114,LIVINGAPARTMENTS_MODE,LIVINGAPARTMENTS_MODE,,numeric,other,0.0018578229581542244,0.00016531562752554251,"Normalized information about building where the client lives, What is average (_AVG suffix), modus (_MODE suffix), median (_MEDI suffix) apartment size, common area, living area, age of building, number of elevators, number of entrances, state of the building, number of floor"
stage5_lightgbm_raw_gpu,115,LIVINGAPARTMENTS_MEDI,LIVINGAPARTMENTS_MEDI,,numeric,other,0.0018318923128106672,2.149775041599643e-06,"Normalized information about building where the client lives, What is average (_AVG suffix), modus (_MODE suffix), median (_MEDI suffix) apartment size, common area, living area, age of building, number of elevators, number of entrances, state of the building, number of floor"
stage5_lightgbm_raw_gpu,116,AMT_REQ_CREDIT_BUREAU_WEEK,AMT_REQ_CREDIT_BUREAU_WEEK,,numeric,amount_and_ratio,0.0017764158919616197,-0.0002358381959897571,Number of enquiries to Credit Bureau about the client one week before application (excluding one day before application)
stage5_lightgbm_raw_gpu,117,CNT_CHILDREN,CNT_CHILDREN,,numeric,family_structure,0.0016869481686912447,-0.00029754778202227474,Number of children the client has
stage5_lightgbm_raw_gpu,118,YEARS_BUILD_AVG,YEARS_BUILD_AVG,,numeric,other,0.0015996111532167936,-0.00014035234071638046,"Normalized information about building where the client lives, What is average (_AVG suffix), modus (_MODE suffix), median (_MEDI suffix) apartment size, common area, living area, age of building, number of elevators, number of entrances, state of the building, number of floor"
stage5_lightgbm_raw_gpu,119,NAME_FAMILY_STATUS_Civil marriage,NAME_FAMILY_STATUS,Civil marriage,one_hot,categorical_profile,0.0015900990415905025,-2.7373240576821092e-06,婚姻/家庭状态。
stage5_lightgbm_raw_gpu,120,contact_flag_sum,contact_flag_sum,,numeric,flags_and_contacts,0.0015781930420567538,-0.00016526897627995604,联系方式标记数量汇总，反映联系信息完整程度。
stage5_lightgbm_raw_gpu,121,FLAG_PHONE,FLAG_PHONE,,numeric,flags_and_contacts,0.0014252478818177587,0.0001110199317218946,是否提供联系电话，反映联系信息完整度。
stage5_lightgbm_raw_gpu,122,NAME_FAMILY_STATUS_Single / not married,NAME_FAMILY_STATUS,Single / not married,one_hot,categorical_profile,0.0013938196360653526,0.0004660908805603039,婚姻/家庭状态。
stage5_lightgbm_raw_gpu,123,FLOORSMIN_AVG,FLOORSMIN_AVG,,numeric,other,0.00139228720663121,-0.00021853475523766645,"Normalized information about building where the client lives, What is average (_AVG suffix), modus (_MODE suffix), median (_MEDI suffix) apartment size, common area, living area, age of building, number of elevators, number of entrances, state of the building, number of floor"
stage5_lightgbm_raw_gpu,124,WEEKDAY_APPR_PROCESS_START_TUESDAY,WEEKDAY_APPR_PROCESS_START,TUESDAY,one_hot,other,0.0013183519434736108,1.8276328771188733e-05,贷款申请提交的星期几。
stage5_lightgbm_raw_gpu,125,CNT_FAM_MEMBERS,CNT_FAM_MEMBERS,,numeric,family_structure,0.0012403233860031608,0.0003025976193859459,How many family members does client have
stage5_lightgbm_raw_gpu,126,NONLIVINGAPARTMENTS_AVG,NONLIVINGAPARTMENTS_AVG,,numeric,other,0.0012182113385536067,2.2456149250045574e-05,"Normalized information about building where the client lives, What is average (_AVG suffix), modus (_MODE suffix), median (_MEDI suffix) apartment size, common area, living area, age of building, number of elevators, number of entrances, state of the building, number of floor"
stage5_lightgbm_raw_gpu,127,EMERGENCYSTATE_MODE___MISSING__,EMERGENCYSTATE_MODE,__MISSING__,one_hot,other,0.0011999649671448145,-1.923132073018316e-05,居住房屋所在区域的紧急状态标记。
stage5_lightgbm_raw_gpu,128,FLAG_OWN_REALTY_Y,FLAG_OWN_REALTY,Y,one_hot,flags_and_contacts,0.0011310636372075119,9.381148807567223e-05,布尔标记类字段，反映申请材料、联系方式或资产信息是否存在。
stage5_lightgbm_raw_gpu,129,FLOORSMAX_MODE,FLOORSMAX_MODE,,numeric,other,0.0011283291560062786,0.0001449935735105004,"Normalized information about building where the client lives, What is average (_AVG suffix), modus (_MODE suffix), median (_MEDI suffix) apartment size, common area, living area, age of building, number of elevators, number of entrances, state of the building, number of floor"
stage5_lightgbm_raw_gpu,130,FLOORSMIN_MODE,FLOORSMIN_MODE,,numeric,other,0.0011229259193146436,9.854514620786896e-05,"Normalized information about building where the client lives, What is average (_AVG suffix), modus (_MODE suffix), median (_MEDI suffix) apartment size, common area, living area, age of building, number of elevators, number of entrances, state of the building, number of floor"
stage5_lightgbm_raw_gpu,131,FLAG_DOCUMENT_5,FLAG_DOCUMENT_5,,numeric,flags_and_contacts,0.0009957957477358846,-0.0002634210522888246,申请材料中的文件提交标记，反映材料完整性。
stage5_lightgbm_raw_gpu,132,children_ratio,children_ratio,,numeric,amount_and_ratio,0.0009160978033621484,0.00026658029356026766,家庭中儿童占比，反映家庭抚养压力。
stage5_lightgbm_raw_gpu,133,NONLIVINGAPARTMENTS_MEDI,NONLIVINGAPARTMENTS_MEDI,,numeric,other,0.0008878449895673582,-3.554529994399918e-05,"Normalized information about building where the client lives, What is average (_AVG suffix), modus (_MODE suffix), median (_MEDI suffix) apartment size, common area, living area, age of building, number of elevators, number of entrances, state of the building, number of floor"
stage5_lightgbm_raw_gpu,134,NONLIVINGAPARTMENTS_MODE,NONLIVINGAPARTMENTS_MODE,,numeric,other,0.0008844863959083457,-8.904817621883537e-05,"Normalized information about building where the client lives, What is average (_AVG suffix), modus (_MODE suffix), median (_MEDI suffix) apartment size, common area, living area, age of building, number of elevators, number of entrances, state of the building, number of floor"
stage5_lightgbm_raw_gpu,135,NAME_INCOME_TYPE_Commercial associate,NAME_INCOME_TYPE,Commercial associate,one_hot,categorical_profile,0.0008669485403561382,9.800252764653836e-05,收入来源类型。
stage5_lightgbm_raw_gpu,136,EMERGENCYSTATE_MODE_No,EMERGENCYSTATE_MODE,No,one_hot,other,0.0008426522835773333,-3.1071150132552265e-05,居住房屋所在区域的紧急状态标记。
stage5_lightgbm_raw_gpu,137,NAME_EDUCATION_TYPE_Lower secondary,NAME_EDUCATION_TYPE,Lower secondary,one_hot,categorical_profile,0.0008337875680292149,0.00024808855614554237,教育程度。
stage5_lightgbm_raw_gpu,138,ORGANIZATION_TYPE_Industry: type 3,ORGANIZATION_TYPE,Industry: type 3,one_hot,categorical_profile,0.0007832246249230462,6.043403076514968e-05,工作单位/组织类型。
stage5_lightgbm_raw_gpu,139,ORGANIZATION_TYPE_Realtor,ORGANIZATION_TYPE,Realtor,one_hot,categorical_profile,0.00076020777891594,0.00020240003617531528,工作单位/组织类型。
stage5_lightgbm_raw_gpu,140,REG_CITY_NOT_WORK_CITY,REG_CITY_NOT_WORK_CITY,,numeric,other,0.0007575537889897903,-7.254678658001212e-05,"Flag if client's permanent address does not match work address (1=different, 0=same, at city level)"
stage5_lightgbm_raw_gpu,141,FLOORSMIN_MEDI,FLOORSMIN_MEDI,,numeric,other,0.0007542127180915046,-7.156492888289732e-05,"Normalized information about building where the client lives, What is average (_AVG suffix), modus (_MODE suffix), median (_MEDI suffix) apartment size, common area, living area, age of building, number of elevators, number of entrances, state of the building, number of floor"
stage5_lightgbm_raw_gpu,142,WEEKDAY_APPR_PROCESS_START_FRIDAY,WEEKDAY_APPR_PROCESS_START,FRIDAY,one_hot,other,0.0007540727283322176,-2.0567961012525483e-05,贷款申请提交的星期几。
stage5_lightgbm_raw_gpu,143,ORGANIZATION_TYPE_Transport: type 4,ORGANIZATION_TYPE,Transport: type 4,one_hot,categorical_profile,0.0007431204010522061,0.00021398591214802682,工作单位/组织类型。
stage5_lightgbm_raw_gpu,144,NAME_TYPE_SUITE_Unaccompanied,NAME_TYPE_SUITE,Unaccompanied,one_hot,categorical_profile,0.0007384279407577989,5.049107569402521e-05,Who was accompanying client when he was applying for the loan
stage5_lightgbm_raw_gpu,145,ORGANIZATION_TYPE_Hotel,ORGANIZATION_TYPE,Hotel,one_hot,categorical_profile,0.0007329275326488906,6.978867631376201e-05,工作单位/组织类型。
stage5_lightgbm_raw_gpu,146,OCCUPATION_TYPE___MISSING__,OCCUPATION_TYPE,__MISSING__,one_hot,categorical_profile,0.0007195270952670369,-2.3288374563702904e-05,职业类型。
stage5_lightgbm_raw_gpu,147,WEEKDAY_APPR_PROCESS_START_THURSDAY,WEEKDAY_APPR_PROCESS_START,THURSDAY,one_hot,other,0.0007019617947581257,-2.5182516478579902e-05,贷款申请提交的星期几。
stage5_lightgbm_raw_gpu,148,NAME_FAMILY_STATUS_Separated,NAME_FAMILY_STATUS,Separated,one_hot,categorical_profile,0.0006862872753630736,8.383740667578475e-05,婚姻/家庭状态。
stage5_lightgbm_raw_gpu,149,HOUSETYPE_MODE_specific housing,HOUSETYPE_MODE,specific housing,one_hot,other,0.0006688722475738885,0.00010917132691030588,"Normalized information about building where the client lives, What is average (_AVG suffix), modus (_MODE suffix), median (_MEDI suffix) apartment size, common area, living area, age of building, number of elevators, number of entrances, state of the building, number of floor"
stage5_lightgbm_raw_gpu,150,FLAG_EMP_PHONE,FLAG_EMP_PHONE,,numeric,flags_and_contacts,0.0006616322712216748,0.00013111535083520717,布尔标记类字段，反映申请材料、联系方式或资产信息是否存在。
stage5_lightgbm_raw_gpu,151,NAME_INCOME_TYPE_Pensioner,NAME_INCOME_TYPE,Pensioner,one_hot,categorical_profile,0.0006280364559997671,0.0001250814463369539,收入来源类型。
stage5_lightgbm_raw_gpu,152,NAME_HOUSING_TYPE_Rented apartment,NAME_HOUSING_TYPE,Rented apartment,one_hot,categorical_profile,0.0006038185769142503,-3.703314707762343e-05,居住情况。
stage5_lightgbm_raw_gpu,153,NAME_EDUCATION_TYPE___RARE__,NAME_EDUCATION_TYPE,__RARE__,one_hot,categorical_profile,0.000602927760289291,1.5357463723654647e-06,教育程度。
stage5_lightgbm_raw_gpu,154,ORGANIZATION_TYPE_Medicine,ORGANIZATION_TYPE,Medicine,one_hot,categorical_profile,0.0005940099205105925,6.385260622369213e-05,工作单位/组织类型。
stage5_lightgbm_raw_gpu,155,OCCUPATION_TYPE_Cleaning staff,OCCUPATION_TYPE,Cleaning staff,one_hot,categorical_profile,0.0005566652803481388,0.00017318992785504347,职业类型。
stage5_lightgbm_raw_gpu,156,NAME_HOUSING_TYPE_Office apartment,NAME_HOUSING_TYPE,Office apartment,one_hot,categorical_profile,0.0005496727005334058,0.0001711231893136871,居住情况。
stage5_lightgbm_raw_gpu,157,OCCUPATION_TYPE_Low-skill Laborers,OCCUPATION_TYPE,Low-skill Laborers,one_hot,categorical_profile,0.0005457354659725614,-6.819648053940892e-05,职业类型。
stage5_lightgbm_raw_gpu,158,"WALLSMATERIAL_MODE_Stone, brick",WALLSMATERIAL_MODE,"Stone, brick",one_hot,other,0.0005439956884175515,-2.001764120264894e-05,"Normalized information about building where the client lives, What is average (_AVG suffix), modus (_MODE suffix), median (_MEDI suffix) apartment size, common area, living area, age of building, number of elevators, number of entrances, state of the building, number of floor"
stage5_lightgbm_raw_gpu,159,NAME_FAMILY_STATUS_Widow,NAME_FAMILY_STATUS,Widow,one_hot,categorical_profile,0.0005411878856518908,0.00012133178239926348,婚姻/家庭状态。
stage5_lightgbm_raw_gpu,160,NAME_TYPE_SUITE_Family,NAME_TYPE_SUITE,Family,one_hot,categorical_profile,0.0005369339456416166,6.132524918365869e-05,Who was accompanying client when he was applying for the loan
stage5_lightgbm_raw_gpu,161,OCCUPATION_TYPE_Security staff,OCCUPATION_TYPE,Security staff,one_hot,categorical_profile,0.0005154703843310841,1.8854042169840933e-06,职业类型。
stage5_lightgbm_raw_gpu,162,OCCUPATION_TYPE_Private service staff,OCCUPATION_TYPE,Private service staff,one_hot,categorical_profile,0.0005039843943239995,3.3062782111082044e-05,职业类型。
stage5_lightgbm_raw_gpu,163,HOUSETYPE_MODE_block of flats,HOUSETYPE_MODE,block of flats,one_hot,other,0.00048653691745339725,-1.330645195057078e-05,"Normalized information about building where the client lives, What is average (_AVG suffix), modus (_MODE suffix), median (_MEDI suffix) apartment size, common area, living area, age of building, number of elevators, number of entrances, state of the building, number of floor"
stage5_lightgbm_raw_gpu,164,ORGANIZATION_TYPE_Electricity,ORGANIZATION_TYPE,Electricity,one_hot,categorical_profile,0.000479691982597976,-0.00014352953675106356,工作单位/组织类型。
stage5_lightgbm_raw_gpu,165,NAME_TYPE_SUITE_Children,NAME_TYPE_SUITE,Children,one_hot,categorical_profile,0.0004708188572415902,-0.00011183306543584725,Who was accompanying client when he was applying for the loan
stage5_lightgbm_raw_gpu,166,ELEVATORS_MEDI,ELEVATORS_MEDI,,numeric,other,0.00045675360063826835,6.906714235555536e-05,"Normalized information about building where the client lives, What is average (_AVG suffix), modus (_MODE suffix), median (_MEDI suffix) apartment size, common area, living area, age of building, number of elevators, number of entrances, state of the building, number of floor"
stage5_lightgbm_raw_gpu,167,LIVE_REGION_NOT_WORK_REGION,LIVE_REGION_NOT_WORK_REGION,,numeric,other,0.000455330758860337,-1.6560062496472574e-05,"Flag if client's contact address does not match work address (1=different, 0=same, at region level)"
stage5_lightgbm_raw_gpu,168,FONDKAPREMONT_MODE_not specified,FONDKAPREMONT_MODE,not specified,one_hot,other,0.0004328180741015412,-1.1407728565623422e-05,"Normalized information about building where the client lives, What is average (_AVG suffix), modus (_MODE suffix), median (_MEDI suffix) apartment size, common area, living area, age of building, number of elevators, number of entrances, state of the building, number of floor"
stage5_lightgbm_raw_gpu,169,AMT_REQ_CREDIT_BUREAU_DAY,AMT_REQ_CREDIT_BUREAU_DAY,,numeric,amount_and_ratio,0.0004210669394747836,8.759568954461313e-05,Number of enquiries to Credit Bureau about the client one day before application (excluding one hour before application)
stage5_lightgbm_raw_gpu,170,ORGANIZATION_TYPE_XNA,ORGANIZATION_TYPE,XNA,one_hot,categorical_profile,0.00038081955812667873,1.4558032319667998e-05,工作单位/组织类型。
stage5_lightgbm_raw_gpu,171,NAME_HOUSING_TYPE_Municipal apartment,NAME_HOUSING_TYPE,Municipal apartment,one_hot,categorical_profile,0.0003808156992194942,-4.397110945601193e-05,居住情况。
stage5_lightgbm_raw_gpu,172,WEEKDAY_APPR_PROCESS_START_SATURDAY,WEEKDAY_APPR_PROCESS_START,SATURDAY,one_hot,other,0.000367214285732065,0.00010304155574970222,贷款申请提交的星期几。
stage5_lightgbm_raw_gpu,173,ORGANIZATION_TYPE_Other,ORGANIZATION_TYPE,Other,one_hot,categorical_profile,0.00036206513280960496,-3.733773749250553e-05,工作单位/组织类型。
stage5_lightgbm_raw_gpu,174,ORGANIZATION_TYPE_Trade: type 3,ORGANIZATION_TYPE,Trade: type 3,one_hot,categorical_profile,0.00033380695709554894,1.2200653529407686e-05,工作单位/组织类型。
stage5_lightgbm_raw_gpu,175,REG_REGION_NOT_LIVE_REGION,REG_REGION_NOT_LIVE_REGION,,numeric,other,0.0003268090280377812,4.979556166654615e-05,"Flag if client's permanent address does not match contact address (1=different, 0=same, at region level)"
stage5_lightgbm_raw_gpu,176,ELEVATORS_AVG,ELEVATORS_AVG,,numeric,other,0.0003215260364527816,-2.2529811034579028e-05,"Normalized information about building where the client lives, What is average (_AVG suffix), modus (_MODE suffix), median (_MEDI suffix) apartment size, common area, living area, age of building, number of elevators, number of entrances, state of the building, number of floor"
stage5_lightgbm_raw_gpu,177,FONDKAPREMONT_MODE_reg oper account,FONDKAPREMONT_MODE,reg oper account,one_hot,other,0.0003075924166602546,-2.044354059344083e-05,"Normalized information about building where the client lives, What is average (_AVG suffix), modus (_MODE suffix), median (_MEDI suffix) apartment size, common area, living area, age of building, number of elevators, number of entrances, state of the building, number of floor"
stage5_lightgbm_raw_gpu,178,ELEVATORS_MODE,ELEVATORS_MODE,,numeric,other,0.0003065850379927334,-4.2776405815476035e-06,"Normalized information about building where the client lives, What is average (_AVG suffix), modus (_MODE suffix), median (_MEDI suffix) apartment size, common area, living area, age of building, number of elevators, number of entrances, state of the building, number of floor"
stage5_lightgbm_raw_gpu,179,ORGANIZATION_TYPE_Business Entity Type 2,ORGANIZATION_TYPE,Business Entity Type 2,one_hot,categorical_profile,0.00029584584105618367,5.581518261980022e-05,工作单位/组织类型。
stage5_lightgbm_raw_gpu,180,ORGANIZATION_TYPE_Transport: type 2,ORGANIZATION_TYPE,Transport: type 2,one_hot,categorical_profile,0.00028238307270942397,2.6319727267203867e-05,工作单位/组织类型。
stage5_lightgbm_raw_gpu,181,FLAG_EMAIL,FLAG_EMAIL,,numeric,flags_and_contacts,0.00027492573771766883,1.8946319241448345e-05,布尔标记类字段，反映申请材料、联系方式或资产信息是否存在。
stage5_lightgbm_raw_gpu,182,OCCUPATION_TYPE_Waiters/barmen staff,OCCUPATION_TYPE,Waiters/barmen staff,one_hot,categorical_profile,0.00026848611665503314,0.00010680748620888913,职业类型。
stage5_lightgbm_raw_gpu,183,ORGANIZATION_TYPE_Postal,ORGANIZATION_TYPE,Postal,one_hot,categorical_profile,0.0002668442157933698,-0.00010426218218582328,工作单位/组织类型。
stage5_lightgbm_raw_gpu,184,FONDKAPREMONT_MODE_org spec account,FONDKAPREMONT_MODE,org spec account,one_hot,other,0.00026433716700337886,-5.0201614632712025e-05,"Normalized information about building where the client lives, What is average (_AVG suffix), modus (_MODE suffix), median (_MEDI suffix) apartment size, common area, living area, age of building, number of elevators, number of entrances, state of the building, number of floor"
stage5_lightgbm_raw_gpu,185,REG_REGION_NOT_WORK_REGION,REG_REGION_NOT_WORK_REGION,,numeric,other,0.0002408351897832922,-3.7267017618314564e-05,"Flag if client's permanent address does not match work address (1=different, 0=same, at region level)"
stage5_lightgbm_raw_gpu,186,OCCUPATION_TYPE_Managers,OCCUPATION_TYPE,Managers,one_hot,categorical_profile,0.00023569129340167893,-9.34227699484202e-06,职业类型。
stage5_lightgbm_raw_gpu,187,NAME_HOUSING_TYPE_With parents,NAME_HOUSING_TYPE,With parents,one_hot,categorical_profile,0.00020615013301486618,-4.337350089651344e-06,居住情况。
stage5_lightgbm_raw_gpu,188,ORGANIZATION_TYPE_Industry: type 12,ORGANIZATION_TYPE,Industry: type 12,one_hot,categorical_profile,0.00018839000351859425,3.870885930226478e-05,工作单位/组织类型。
stage5_lightgbm_raw_gpu,189,ORGANIZATION_TYPE_Police,ORGANIZATION_TYPE,Police,one_hot,categorical_profile,0.00018283487236249725,3.8258890624012716e-05,工作单位/组织类型。
stage5_lightgbm_raw_gpu,190,WALLSMATERIAL_MODE_Block,WALLSMATERIAL_MODE,Block,one_hot,other,0.00017573924197374514,-5.982985736078347e-05,"Normalized information about building where the client lives, What is average (_AVG suffix), modus (_MODE suffix), median (_MEDI suffix) apartment size, common area, living area, age of building, number of elevators, number of entrances, state of the building, number of floor"
stage5_lightgbm_raw_gpu,191,WALLSMATERIAL_MODE_Mixed,WALLSMATERIAL_MODE,Mixed,one_hot,other,0.00016587749543239865,-2.627232952691894e-06,"Normalized information about building where the client lives, What is average (_AVG suffix), modus (_MODE suffix), median (_MEDI suffix) apartment size, common area, living area, age of building, number of elevators, number of entrances, state of the building, number of floor"
stage5_lightgbm_raw_gpu,192,AMT_REQ_CREDIT_BUREAU_HOUR,AMT_REQ_CREDIT_BUREAU_HOUR,,numeric,amount_and_ratio,0.000156229776776157,-7.157431112670211e-05,Number of enquiries to Credit Bureau about the client one hour before application
stage5_lightgbm_raw_gpu,193,WALLSMATERIAL_MODE_Wooden,WALLSMATERIAL_MODE,Wooden,one_hot,other,0.0001515322351023494,2.57932053145893e-05,"Normalized information about building where the client lives, What is average (_AVG suffix), modus (_MODE suffix), median (_MEDI suffix) apartment size, common area, living area, age of building, number of elevators, number of entrances, state of the building, number of floor"
stage5_lightgbm_raw_gpu,194,ORGANIZATION_TYPE_Trade: type 2,ORGANIZATION_TYPE,Trade: type 2,one_hot,categorical_profile,0.00014696997255070284,3.62746542690713e-05,工作单位/组织类型。
stage5_lightgbm_raw_gpu,195,ORGANIZATION_TYPE_Housing,ORGANIZATION_TYPE,Housing,one_hot,categorical_profile,0.00014557883232619686,-2.667092947757419e-05,工作单位/组织类型。
stage5_lightgbm_raw_gpu,196,NAME_EDUCATION_TYPE_Incomplete higher,NAME_EDUCATION_TYPE,Incomplete higher,one_hot,categorical_profile,0.0001364430176060234,-1.5804140991678442e-05,教育程度。
stage5_lightgbm_raw_gpu,197,ORGANIZATION_TYPE_Industry: type 4,ORGANIZATION_TYPE,Industry: type 4,one_hot,categorical_profile,0.00013085251175984524,2.476960093955463e-05,工作单位/组织类型。
stage5_lightgbm_raw_gpu,198,ORGANIZATION_TYPE_Trade: type 1,ORGANIZATION_TYPE,Trade: type 1,one_hot,categorical_profile,0.00012150400917318692,4.5582895325387185e-05,工作单位/组织类型。
stage5_lightgbm_raw_gpu,199,HOUSETYPE_MODE___MISSING__,HOUSETYPE_MODE,__MISSING__,one_hot,other,0.00011626691620894605,-5.02196414442352e-06,"Normalized information about building where the client lives, What is average (_AVG suffix), modus (_MODE suffix), median (_MEDI suffix) apartment size, common area, living area, age of building, number of elevators, number of entrances, state of the building, number of floor"
stage5_lightgbm_raw_gpu,200,FONDKAPREMONT_MODE_reg oper spec account,FONDKAPREMONT_MODE,reg oper spec account,one_hot,other,0.00011602689259964081,-6.644072930317355e-06,"Normalized information about building where the client lives, What is average (_AVG suffix), modus (_MODE suffix), median (_MEDI suffix) apartment size, common area, living area, age of building, number of elevators, number of entrances, state of the building, number of floor"
stage5_lightgbm_raw_gpu,201,WALLSMATERIAL_MODE___MISSING__,WALLSMATERIAL_MODE,__MISSING__,one_hot,other,0.00011585842322236788,-8.889725186519808e-06,"Normalized information about building where the client lives, What is average (_AVG suffix), modus (_MODE suffix), median (_MEDI suffix) apartment size, common area, living area, age of building, number of elevators, number of entrances, state of the building, number of floor"
stage5_lightgbm_raw_gpu,202,ORGANIZATION_TYPE_Restaurant,ORGANIZATION_TYPE,Restaurant,one_hot,categorical_profile,0.00011078850550807329,-1.1491658840796766e-05,工作单位/组织类型。
stage5_lightgbm_raw_gpu,203,ORGANIZATION_TYPE_University,ORGANIZATION_TYPE,University,one_hot,categorical_profile,0.00010010040544486272,2.057933785343558e-05,工作单位/组织类型。
stage5_lightgbm_raw_gpu,204,OCCUPATION_TYPE_Cooking staff,OCCUPATION_TYPE,Cooking staff,one_hot,categorical_profile,9.98178986614768e-05,-2.7724436069798483e-05,职业类型。
stage5_lightgbm_raw_gpu,205,"NAME_TYPE_SUITE_Spouse, partner",NAME_TYPE_SUITE,"Spouse, partner",one_hot,categorical_profile,9.954471952781585e-05,-2.7019638581014243e-05,Who was accompanying client when he was applying for the loan
stage5_lightgbm_raw_gpu,206,HOUSETYPE_MODE_terraced house,HOUSETYPE_MODE,terraced house,one_hot,other,9.808269636698757e-05,-2.0464219241434624e-05,"Normalized information about building where the client lives, What is average (_AVG suffix), modus (_MODE suffix), median (_MEDI suffix) apartment size, common area, living area, age of building, number of elevators, number of entrances, state of the building, number of floor"
stage5_lightgbm_raw_gpu,207,FLAG_DOCUMENT_16,FLAG_DOCUMENT_16,,numeric,flags_and_contacts,8.886060166094586e-05,-4.925842351921476e-05,申请材料中的文件提交标记，反映材料完整性。
stage5_lightgbm_raw_gpu,208,WALLSMATERIAL_MODE_Others,WALLSMATERIAL_MODE,Others,one_hot,other,8.274536536966009e-05,1.2867329797717522e-05,"Normalized information about building where the client lives, What is average (_AVG suffix), modus (_MODE suffix), median (_MEDI suffix) apartment size, common area, living area, age of building, number of elevators, number of entrances, state of the building, number of floor"
stage5_lightgbm_raw_gpu,209,NAME_HOUSING_TYPE_Co-op apartment,NAME_HOUSING_TYPE,Co-op apartment,one_hot,categorical_profile,7.935303682552043e-05,3.4728091023612486e-05,居住情况。
stage5_lightgbm_raw_gpu,210,EMERGENCYSTATE_MODE_Yes,EMERGENCYSTATE_MODE,Yes,one_hot,other,7.853965181449095e-05,1.6074976418193734e-05,居住房屋所在区域的紧急状态标记。
stage5_lightgbm_raw_gpu,211,FLAG_DOCUMENT_11,FLAG_DOCUMENT_11,,numeric,flags_and_contacts,6.868548381781124e-05,1.0677899867697089e-05,申请材料中的文件提交标记，反映材料完整性。
stage5_lightgbm_raw_gpu,212,ORGANIZATION_TYPE_Agriculture,ORGANIZATION_TYPE,Agriculture,one_hot,categorical_profile,6.747933729179768e-05,-9.68702427934701e-06,工作单位/组织类型。
stage5_lightgbm_raw_gpu,213,NAME_TYPE_SUITE___MISSING__,NAME_TYPE_SUITE,__MISSING__,one_hot,categorical_profile,6.25445253224912e-05,-1.0092985170873829e-05,Who was accompanying client when he was applying for the loan
stage5_lightgbm_raw_gpu,214,ORGANIZATION_TYPE_Security,ORGANIZATION_TYPE,Security,one_hot,categorical_profile,6.19607442304119e-05,-5.243152368616551e-06,工作单位/组织类型。
stage5_lightgbm_raw_gpu,215,FLAG_DOCUMENT_19,FLAG_DOCUMENT_19,,numeric,flags_and_contacts,5.963520056626494e-05,-1.4809162121807603e-05,申请材料中的文件提交标记，反映材料完整性。
stage5_lightgbm_raw_gpu,216,NAME_TYPE_SUITE_Other_A,NAME_TYPE_SUITE,Other_A,one_hot,categorical_profile,5.84416877496834e-05,5.79653182031387e-06,Who was accompanying client when he was applying for the loan
stage5_lightgbm_raw_gpu,217,ORGANIZATION_TYPE_Trade: type 7,ORGANIZATION_TYPE,Trade: type 7,one_hot,categorical_profile,5.690546939207516e-05,-9.234513360682335e-06,工作单位/组织类型。
stage5_lightgbm_raw_gpu,218,ORGANIZATION_TYPE_Industry: type 2,ORGANIZATION_TYPE,Industry: type 2,one_hot,categorical_profile,5.6029365344136246e-05,-3.3670616117625886e-05,工作单位/组织类型。
stage5_lightgbm_raw_gpu,219,ORGANIZATION_TYPE_Government,ORGANIZATION_TYPE,Government,one_hot,categorical_profile,4.898924934325037e-05,-4.890576948803261e-06,工作单位/组织类型。
stage5_lightgbm_raw_gpu,220,OCCUPATION_TYPE_Secretaries,OCCUPATION_TYPE,Secretaries,one_hot,categorical_profile,4.476717780893824e-05,-1.4736591167102085e-05,职业类型。
stage5_lightgbm_raw_gpu,221,WALLSMATERIAL_MODE_Monolithic,WALLSMATERIAL_MODE,Monolithic,one_hot,other,4.3554242592683555e-05,1.4808499492884992e-05,"Normalized information about building where the client lives, What is average (_AVG suffix), modus (_MODE suffix), median (_MEDI suffix) apartment size, common area, living area, age of building, number of elevators, number of entrances, state of the building, number of floor"
stage5_lightgbm_raw_gpu,222,FLAG_CONT_MOBILE,FLAG_CONT_MOBILE,,numeric,flags_and_contacts,3.693183875236157e-05,1.3545640332338558e-05,布尔标记类字段，反映申请材料、联系方式或资产信息是否存在。
stage5_lightgbm_raw_gpu,223,ORGANIZATION_TYPE_Industry: type 11,ORGANIZATION_TYPE,Industry: type 11,one_hot,categorical_profile,3.5772694990962684e-05,-1.2150535898668586e-05,工作单位/组织类型。
stage5_lightgbm_raw_gpu,224,NAME_TYPE_SUITE_Other_B,NAME_TYPE_SUITE,Other_B,one_hot,categorical_profile,3.016421688224519e-05,-2.7946131024250676e-06,Who was accompanying client when he was applying for the loan
stage5_lightgbm_raw_gpu,225,NAME_INCOME_TYPE_infrequent_sklearn,NAME_INCOME_TYPE,infrequent_sklearn,one_hot,categorical_profile,2.747109499168986e-05,-2.747109499168986e-05,收入来源类型。
stage5_lightgbm_raw_gpu,226,ORGANIZATION_TYPE_Industry: type 1,ORGANIZATION_TYPE,Industry: type 1,one_hot,categorical_profile,2.6704870334668393e-05,-1.0862718701260294e-05,工作单位/组织类型。
stage5_lightgbm_raw_gpu,227,ORGANIZATION_TYPE_Industry: type 7,ORGANIZATION_TYPE,Industry: type 7,one_hot,categorical_profile,2.656334337526737e-05,-9.237418195590814e-06,工作单位/组织类型。
stage5_lightgbm_raw_gpu,228,ORGANIZATION_TYPE_Business Entity Type 1,ORGANIZATION_TYPE,Business Entity Type 1,one_hot,categorical_profile,1.9431825194912558e-05,-2.700475009701859e-06,工作单位/组织类型。
stage5_lightgbm_raw_gpu,229,OCCUPATION_TYPE_HR staff,OCCUPATION_TYPE,HR staff,one_hot,categorical_profile,1.893392851918241e-05,-1.32811745123512e-05,职业类型。
stage5_lightgbm_raw_gpu,230,FLAG_DOCUMENT_14,FLAG_DOCUMENT_14,,numeric,flags_and_contacts,1.386267947484694e-05,-1.2984398446539427e-05,申请材料中的文件提交标记，反映材料完整性。
stage5_lightgbm_raw_gpu,231,ORGANIZATION_TYPE_Advertising,ORGANIZATION_TYPE,Advertising,one_hot,categorical_profile,1.3678279866424123e-05,-1.1103507213340558e-05,工作单位/组织类型。
stage5_lightgbm_raw_gpu,232,OCCUPATION_TYPE_IT staff,OCCUPATION_TYPE,IT staff,one_hot,categorical_profile,1.3337628865356024e-05,-1.3337628865356024e-05,职业类型。
stage5_lightgbm_raw_gpu,233,FLAG_DOCUMENT_18,FLAG_DOCUMENT_18,,numeric,flags_and_contacts,1.243993057261698e-05,-8.447561371436665e-06,申请材料中的文件提交标记，反映材料完整性。
stage5_lightgbm_raw_gpu,234,OCCUPATION_TYPE_Realty agents,OCCUPATION_TYPE,Realty agents,one_hot,categorical_profile,1.0601400602369923e-05,-5.122690285361801e-06,职业类型。
stage5_lightgbm_raw_gpu,235,FLAG_DOCUMENT_21,FLAG_DOCUMENT_21,,numeric,flags_and_contacts,1.0407045952870817e-05,-1.0407045952870817e-05,申请材料中的文件提交标记，反映材料完整性。
stage5_lightgbm_raw_gpu,236,NAME_TYPE_SUITE___RARE__,NAME_TYPE_SUITE,__RARE__,one_hot,categorical_profile,8.342515397961013e-06,-5.12593473760122e-06,Who was accompanying client when he was applying for the loan
stage5_lightgbm_raw_gpu,237,FLAG_DOCUMENT_4,FLAG_DOCUMENT_4,,numeric,flags_and_contacts,0.0,0.0,申请材料中的文件提交标记，反映材料完整性。
stage5_lightgbm_raw_gpu,238,FLAG_DOCUMENT_2,FLAG_DOCUMENT_2,,numeric,flags_and_contacts,0.0,0.0,申请材料中的文件提交标记，反映材料完整性。
stage5_lightgbm_raw_gpu,239,FLAG_DOCUMENT_7,FLAG_DOCUMENT_7,,numeric,flags_and_contacts,0.0,0.0,申请材料中的文件提交标记，反映材料完整性。
stage5_lightgbm_raw_gpu,240,FLAG_MOBIL,FLAG_MOBIL,,numeric,flags_and_contacts,0.0,0.0,布尔标记类字段，反映申请材料、联系方式或资产信息是否存在。
stage5_lightgbm_raw_gpu,241,FLAG_DOCUMENT_10,FLAG_DOCUMENT_10,,numeric,flags_and_contacts,0.0,0.0,申请材料中的文件提交标记，反映材料完整性。
stage5_lightgbm_raw_gpu,242,FLAG_DOCUMENT_20,FLAG_DOCUMENT_20,,numeric,flags_and_contacts,0.0,0.0,申请材料中的文件提交标记，反映材料完整性。
stage5_lightgbm_raw_gpu,243,FLAG_DOCUMENT_12,FLAG_DOCUMENT_12,,numeric,flags_and_contacts,0.0,0.0,申请材料中的文件提交标记，反映材料完整性。
stage5_lightgbm_raw_gpu,244,FLAG_DOCUMENT_9,FLAG_DOCUMENT_9,,numeric,flags_and_contacts,0.0,0.0,申请材料中的文件提交标记，反映材料完整性。
stage5_lightgbm_raw_gpu,245,DAYS_EMPLOYED_ANOMALY,DAYS_EMPLOYED_ANOMALY,,numeric,age_and_tenure,0.0,0.0,当前工作年限，反映就业稳定性。
stage5_lightgbm_raw_gpu,246,FLAG_DOCUMENT_15,FLAG_DOCUMENT_15,,numeric,flags_and_contacts,0.0,0.0,申请材料中的文件提交标记，反映材料完整性。
stage5_lightgbm_raw_gpu,247,FLAG_DOCUMENT_17,FLAG_DOCUMENT_17,,numeric,flags_and_contacts,0.0,0.0,申请材料中的文件提交标记，反映材料完整性。
stage5_lightgbm_raw_gpu,248,FLAG_DOCUMENT_13,FLAG_DOCUMENT_13,,numeric,flags_and_contacts,0.0,0.0,申请材料中的文件提交标记，反映材料完整性。
stage5_lightgbm_raw_gpu,249,NAME_FAMILY_STATUS_infrequent_sklearn,NAME_FAMILY_STATUS,infrequent_sklearn,one_hot,categorical_profile,0.0,0.0,婚姻/家庭状态。
stage5_lightgbm_raw_gpu,250,CODE_GENDER_infrequent_sklearn,CODE_GENDER,infrequent_sklearn,one_hot,categorical_profile,0.0,0.0,申请人性别。
stage5_lightgbm_raw_gpu,251,ORGANIZATION_TYPE_Culture,ORGANIZATION_TYPE,Culture,one_hot,categorical_profile,0.0,0.0,工作单位/组织类型。
stage5_lightgbm_raw_gpu,252,ORGANIZATION_TYPE_Bank,ORGANIZATION_TYPE,Bank,one_hot,categorical_profile,0.0,0.0,工作单位/组织类型。
stage5_lightgbm_raw_gpu,253,ORGANIZATION_TYPE_Industry: type 5,ORGANIZATION_TYPE,Industry: type 5,one_hot,categorical_profile,0.0,0.0,工作单位/组织类型。
stage5_lightgbm_raw_gpu,254,ORGANIZATION_TYPE_Emergency,ORGANIZATION_TYPE,Emergency,one_hot,categorical_profile,0.0,0.0,工作单位/组织类型。
stage5_lightgbm_raw_gpu,255,ORGANIZATION_TYPE_Insurance,ORGANIZATION_TYPE,Insurance,one_hot,categorical_profile,0.0,0.0,工作单位/组织类型。
stage5_lightgbm_raw_gpu,256,ORGANIZATION_TYPE_Mobile,ORGANIZATION_TYPE,Mobile,one_hot,categorical_profile,0.0,0.0,工作单位/组织类型。
stage5_lightgbm_raw_gpu,257,ORGANIZATION_TYPE_Services,ORGANIZATION_TYPE,Services,one_hot,categorical_profile,0.0,0.0,工作单位/组织类型。
stage5_lightgbm_raw_gpu,258,ORGANIZATION_TYPE_Telecom,ORGANIZATION_TYPE,Telecom,one_hot,categorical_profile,0.0,0.0,工作单位/组织类型。
stage5_lightgbm_raw_gpu,259,ORGANIZATION_TYPE_Trade: type 6,ORGANIZATION_TYPE,Trade: type 6,one_hot,categorical_profile,0.0,0.0,工作单位/组织类型。
stage5_lightgbm_raw_gpu,260,ORGANIZATION_TYPE___RARE__,ORGANIZATION_TYPE,__RARE__,one_hot,categorical_profile,0.0,0.0,工作单位/组织类型。
