model,model_family,strategy,actual_device,selection_split,cost_scenario,cost_ratio,roc_auc,pr_auc,precision,recall,f1,threshold,tn,fp,fn,tp,fn_cost,fp_cost,total_cost
stage5_lightgbm_raw_gpu,lightgbm,raw,gpu,valid,fn5_fp1,5:1,0.7641809727961154,0.2569212584816172,0.08281688884925766,0.9975832438238453,0.15293730188135524,0.01,1260,41143,9,3715,5,1,41188
stage5_lightgbm_raw_gpu,lightgbm,raw,gpu,valid,fn5_fp1,5:1,0.7641809727961154,0.2569212584816172,0.09276366435719785,0.9707303974221267,0.1693446385909027,0.02,7048,35355,109,3615,5,1,35900
stage5_lightgbm_raw_gpu,lightgbm,raw,gpu,valid,fn5_fp1,5:1,0.7641809727961154,0.2569212584816172,0.10650018362100624,0.9344790547798066,0.1912087912087912,0.03,13207,29196,244,3480,5,1,30416
stage5_lightgbm_raw_gpu,lightgbm,raw,gpu,valid,fn5_fp1,5:1,0.7641809727961154,0.2569212584816172,0.11941867207886343,0.8848012889366272,0.21043556009707498,0.04,18106,24297,429,3295,5,1,26442
stage5_lightgbm_raw_gpu,lightgbm,raw,gpu,valid,fn5_fp1,5:1,0.7641809727961154,0.2569212584816172,0.1330523268190914,0.8391514500537057,0.22968652383227373,0.05,22041,20362,599,3125,5,1,23357
stage5_lightgbm_raw_gpu,lightgbm,raw,gpu,valid,fn5_fp1,5:1,0.7641809727961154,0.2569212584816172,0.14479794486710798,0.7870569280343717,0.24459651172494368,0.06,25092,17311,793,2931,5,1,21276
stage5_lightgbm_raw_gpu,lightgbm,raw,gpu,valid,fn5_fp1,5:1,0.7641809727961154,0.2569212584816172,0.15647574085660657,0.7387218045112782,0.2582492372682469,0.07,27573,14830,973,2751,5,1,19695
stage5_lightgbm_raw_gpu,lightgbm,raw,gpu,valid,fn5_fp1,5:1,0.7641809727961154,0.2569212584816172,0.1673522690173033,0.6882384532760473,0.2692368296654236,0.08,29651,12752,1161,2563,5,1,18557
stage5_lightgbm_raw_gpu,lightgbm,raw,gpu,valid,fn5_fp1,5:1,0.7641809727961154,0.2569212584816172,0.17865671641791045,0.6428571428571429,0.27960756832515765,0.09,31397,11006,1330,2394,5,1,17656
stage5_lightgbm_raw_gpu,lightgbm,raw,gpu,valid,fn5_fp1,5:1,0.7641809727961154,0.2569212584816172,0.19094153636981645,0.6033834586466166,0.2900852052672347,0.1,32882,9521,1477,2247,5,1,16906
stage5_lightgbm_raw_gpu,lightgbm,raw,gpu,valid,fn5_fp1,5:1,0.7641809727961154,0.2569212584816172,0.2022256331542594,0.5660580021482277,0.2979926491376873,0.11,34087,8316,1616,2108,5,1,16396
stage5_lightgbm_raw_gpu,lightgbm,raw,gpu,valid,fn5_fp1,5:1,0.7641809727961154,0.2569212584816172,0.2131979695431472,0.5300751879699248,0.3040899637988138,0.12,35118,7285,1750,1974,5,1,16035
stage5_lightgbm_raw_gpu,lightgbm,raw,gpu,valid,fn5_fp1,5:1,0.7641809727961154,0.2569212584816172,0.22375423318819546,0.4967776584317938,0.3085390260173449,0.13,35985,6418,1874,1850,5,1,15788
stage5_lightgbm_raw_gpu,lightgbm,raw,gpu,valid,fn5_fp1,5:1,0.7641809727961154,0.2569212584816172,0.235038084874864,0.4640171858216971,0.3120260021668472,0.14,36779,5624,1996,1728,5,1,15604
stage5_lightgbm_raw_gpu,lightgbm,raw,gpu,valid,fn5_fp1,5:1,0.7641809727961154,0.2569212584816172,0.244599939154244,0.4317937701396348,0.312293649252282,0.15,37437,4966,2116,1608,5,1,15546
stage5_lightgbm_raw_gpu,lightgbm,raw,gpu,valid,fn5_fp1,5:1,0.7641809727961154,0.2569212584816172,0.25708432912256746,0.40440386680988183,0.3143393863494051,0.16,38051,4352,2218,1506,5,1,15442
stage5_lightgbm_raw_gpu,lightgbm,raw,gpu,valid,fn5_fp1,5:1,0.7641809727961154,0.2569212584816172,0.2689655172413793,0.3770139634801289,0.313953488372093,0.17,38587,3816,2320,1404,5,1,15416
stage5_lightgbm_raw_gpu,lightgbm,raw,gpu,valid,fn5_fp1,5:1,0.7641809727961154,0.2569212584816172,0.28289473684210525,0.3579484425349087,0.3160265528686581,0.18,39024,3379,2391,1333,5,1,15334
stage5_lightgbm_raw_gpu,lightgbm,raw,gpu,valid,fn5_fp1,5:1,0.7641809727961154,0.2569212584816172,0.29700401037980656,0.33807733619763697,0.31621248273263847,0.19,39423,2980,2465,1259,5,1,15305
stage5_lightgbm_raw_gpu,lightgbm,raw,gpu,valid,fn5_fp1,5:1,0.7641809727961154,0.2569212584816172,0.30779357556608744,0.31390977443609025,0.31082159000265885,0.2,39774,2629,2555,1169,5,1,15404
stage5_lightgbm_raw_gpu,lightgbm,raw,gpu,valid,fn5_fp1,5:1,0.7641809727961154,0.2569212584816172,0.3205950991831972,0.2951127819548872,0.30732662192393734,0.21,40074,2329,2625,1099,5,1,15454
stage5_lightgbm_raw_gpu,lightgbm,raw,gpu,valid,fn5_fp1,5:1,0.7641809727961154,0.2569212584816172,0.33322591040928135,0.27765843179377014,0.3029148967335579,0.22,40334,2069,2690,1034,5,1,15519
stage5_lightgbm_raw_gpu,lightgbm,raw,gpu,valid,fn5_fp1,5:1,0.7641809727961154,0.2569212584816172,0.3408929836995039,0.25832438238453276,0.2939199511151848,0.23,40543,1860,2762,962,5,1,15670
stage5_lightgbm_raw_gpu,lightgbm,raw,gpu,valid,fn5_fp1,5:1,0.7641809727961154,0.2569212584816172,0.3508017207665233,0.2408700322234157,0.2856233083903837,0.24,40743,1660,2827,897,5,1,15795
stage5_lightgbm_raw_gpu,lightgbm,raw,gpu,valid,fn5_fp1,5:1,0.7641809727961154,0.2569212584816172,0.3577306193157211,0.22180451127819548,0.2738272832753191,0.25,40920,1483,2898,826,5,1,15973
stage5_lightgbm_raw_gpu,lightgbm,raw,gpu,valid,fn5_fp1,5:1,0.7641809727961154,0.2569212584816172,0.3605212355212355,0.2005907626208378,0.2577639751552795,0.26,41078,1325,2977,747,5,1,16210
stage5_lightgbm_raw_gpu,lightgbm,raw,gpu,valid,fn5_fp1,5:1,0.7641809727961154,0.2569212584816172,0.371931696905016,0.1871643394199785,0.24901750625223293,0.27,41226,1177,3027,697,5,1,16312
stage5_lightgbm_raw_gpu,lightgbm,raw,gpu,valid,fn5_fp1,5:1,0.7641809727961154,0.2569212584816172,0.37572590011614404,0.17373791621911922,0.23760558207858978,0.28,41328,1075,3077,647,5,1,16460
stage5_lightgbm_raw_gpu,lightgbm,raw,gpu,valid,fn5_fp1,5:1,0.7641809727961154,0.2569212584816172,0.3879746835443038,0.1646079484425349,0.23114630467571645,0.29,41436,967,3111,613,5,1,16522
stage5_lightgbm_raw_gpu,lightgbm,raw,gpu,valid,fn5_fp1,5:1,0.7641809727961154,0.2569212584816172,0.39986043265875787,0.15386680988184748,0.2222222222222222,0.3,41543,860,3151,573,5,1,16615
stage5_lightgbm_raw_gpu,lightgbm,raw,gpu,valid,fn5_fp1,5:1,0.7641809727961154,0.2569212584816172,0.41035548686244205,0.14258861439312567,0.21163810282981269,0.31,41640,763,3193,531,5,1,16728
stage5_lightgbm_raw_gpu,lightgbm,raw,gpu,valid,fn5_fp1,5:1,0.7641809727961154,0.2569212584816172,0.4174428450465707,0.1323845327604726,0.20101936799184505,0.32,41715,688,3231,493,5,1,16843
stage5_lightgbm_raw_gpu,lightgbm,raw,gpu,valid,fn5_fp1,5:1,0.7641809727961154,0.2569212584816172,0.43059490084985835,0.12244897959183673,0.19067530838385952,0.33,41800,603,3268,456,5,1,16943
stage5_lightgbm_raw_gpu,lightgbm,raw,gpu,valid,fn5_fp1,5:1,0.7641809727961154,0.2569212584816172,0.43912591050988553,0.11331901181525242,0.18014941302027748,0.34,41864,539,3302,422,5,1,17049
stage5_lightgbm_raw_gpu,lightgbm,raw,gpu,valid,fn5_fp1,5:1,0.7641809727961154,0.2569212584816172,0.4460093896713615,0.10204081632653061,0.1660839160839161,0.35,41931,472,3344,380,5,1,17192
stage5_lightgbm_raw_gpu,lightgbm,raw,gpu,valid,fn5_fp1,5:1,0.7641809727961154,0.2569212584816172,0.44502617801047123,0.09129967776584318,0.15151515151515152,0.36,41979,424,3384,340,5,1,17344
stage5_lightgbm_raw_gpu,lightgbm,raw,gpu,valid,fn5_fp1,5:1,0.7641809727961154,0.2569212584816172,0.4566813509544787,0.08351235230934478,0.14120317820658343,0.37,42033,370,3413,311,5,1,17435
stage5_lightgbm_raw_gpu,lightgbm,raw,gpu,valid,fn5_fp1,5:1,0.7641809727961154,0.2569212584816172,0.4560530679933665,0.0738453276047261,0.12710885139819736,0.38,42075,328,3449,275,5,1,17573
stage5_lightgbm_raw_gpu,lightgbm,raw,gpu,valid,fn5_fp1,5:1,0.7641809727961154,0.2569212584816172,0.474671669793621,0.06793770139634801,0.11886304909560723,0.39,42123,280,3471,253,5,1,17635
stage5_lightgbm_raw_gpu,lightgbm,raw,gpu,valid,fn5_fp1,5:1,0.7641809727961154,0.2569212584816172,0.48333333333333334,0.06229860365198711,0.11037107516650808,0.4,42155,248,3492,232,5,1,17708
stage5_lightgbm_raw_gpu,lightgbm,raw,gpu,valid,fn5_fp1,5:1,0.7641809727961154,0.2569212584816172,0.4825174825174825,0.055585392051557464,0.09968697327233325,0.41,42181,222,3517,207,5,1,17807
stage5_lightgbm_raw_gpu,lightgbm,raw,gpu,valid,fn5_fp1,5:1,0.7641809727961154,0.2569212584816172,0.506426735218509,0.05290010741138561,0.09579382445903234,0.42,42211,192,3527,197,5,1,17827
stage5_lightgbm_raw_gpu,lightgbm,raw,gpu,valid,fn5_fp1,5:1,0.7641809727961154,0.2569212584816172,0.5114942528735632,0.04779806659505908,0.08742632612966601,0.43,42233,170,3546,178,5,1,17900
stage5_lightgbm_raw_gpu,lightgbm,raw,gpu,valid,fn5_fp1,5:1,0.7641809727961154,0.2569212584816172,0.5344262295081967,0.04377013963480129,0.08091337800943162,0.44,42261,142,3561,163,5,1,17947
stage5_lightgbm_raw_gpu,lightgbm,raw,gpu,valid,fn5_fp1,5:1,0.7641809727961154,0.2569212584816172,0.5410447761194029,0.03893662728249194,0.07264529058116233,0.45,42280,123,3579,145,5,1,18018
stage5_lightgbm_raw_gpu,lightgbm,raw,gpu,valid,fn5_fp1,5:1,0.7641809727961154,0.2569212584816172,0.5371900826446281,0.03490870032223416,0.06555723651033787,0.46,42291,112,3594,130,5,1,18082
stage5_lightgbm_raw_gpu,lightgbm,raw,gpu,valid,fn5_fp1,5:1,0.7641809727961154,0.2569212584816172,0.5424528301886793,0.03088077336197637,0.058434959349593495,0.47,42306,97,3609,115,5,1,18142
stage5_lightgbm_raw_gpu,lightgbm,raw,gpu,valid,fn5_fp1,5:1,0.7641809727961154,0.2569212584816172,0.5513513513513514,0.027389903329752954,0.052187260168841135,0.48,42320,83,3622,102,5,1,18193
stage5_lightgbm_raw_gpu,lightgbm,raw,gpu,valid,fn5_fp1,5:1,0.7641809727961154,0.2569212584816172,0.5568862275449101,0.02497314715359828,0.047802621434078645,0.49,42329,74,3631,93,5,1,18229
stage5_lightgbm_raw_gpu,lightgbm,raw,gpu,valid,fn5_fp1,5:1,0.7641809727961154,0.2569212584816172,0.5763888888888888,0.02228786251342642,0.042916235780765255,0.5,42342,61,3641,83,5,1,18266
stage5_lightgbm_raw_gpu,lightgbm,raw,gpu,valid,fn5_fp1,5:1,0.7641809727961154,0.2569212584816172,0.5725806451612904,0.019065520945220193,0.036902286902286904,0.51,42350,53,3653,71,5,1,18318
stage5_lightgbm_raw_gpu,lightgbm,raw,gpu,valid,fn5_fp1,5:1,0.7641809727961154,0.2569212584816172,0.5825242718446602,0.01611170784103115,0.03135615364515286,0.52,42360,43,3664,60,5,1,18363
stage5_lightgbm_raw_gpu,lightgbm,raw,gpu,valid,fn5_fp1,5:1,0.7641809727961154,0.2569212584816172,0.6067415730337079,0.014500537056928034,0.02832415420928403,0.53,42368,35,3670,54,5,1,18385
stage5_lightgbm_raw_gpu,lightgbm,raw,gpu,valid,fn5_fp1,5:1,0.7641809727961154,0.2569212584816172,0.631578947368421,0.01288936627282492,0.02526315789473684,0.54,42375,28,3676,48,5,1,18408
stage5_lightgbm_raw_gpu,lightgbm,raw,gpu,valid,fn5_fp1,5:1,0.7641809727961154,0.2569212584816172,0.6615384615384615,0.01154672395273899,0.022697281604645025,0.55,42381,22,3681,43,5,1,18427
stage5_lightgbm_raw_gpu,lightgbm,raw,gpu,valid,fn5_fp1,5:1,0.7641809727961154,0.2569212584816172,0.6896551724137931,0.010741138560687433,0.021152829190904283,0.56,42385,18,3684,40,5,1,18438
stage5_lightgbm_raw_gpu,lightgbm,raw,gpu,valid,fn5_fp1,5:1,0.7641809727961154,0.2569212584816172,0.6666666666666666,0.008592910848549946,0.016967126193001062,0.57,42387,16,3692,32,5,1,18476
stage5_lightgbm_raw_gpu,lightgbm,raw,gpu,valid,fn5_fp1,5:1,0.7641809727961154,0.2569212584816172,0.6666666666666666,0.006981740064446832,0.013818761626361946,0.58,42390,13,3698,26,5,1,18503
stage5_lightgbm_raw_gpu,lightgbm,raw,gpu,valid,fn5_fp1,5:1,0.7641809727961154,0.2569212584816172,0.6666666666666666,0.005907626208378088,0.011711471919084376,0.59,42392,11,3702,22,5,1,18521
stage5_lightgbm_raw_gpu,lightgbm,raw,gpu,valid,fn5_fp1,5:1,0.7641809727961154,0.2569212584816172,0.6666666666666666,0.004833512352309345,0.00959744068248467,0.6,42394,9,3706,18,5,1,18539
stage5_lightgbm_raw_gpu,lightgbm,raw,gpu,valid,fn5_fp1,5:1,0.7641809727961154,0.2569212584816172,0.75,0.004027926960257788,0.008012820512820512,0.61,42398,5,3709,15,5,1,18550
stage5_lightgbm_raw_gpu,lightgbm,raw,gpu,valid,fn5_fp1,5:1,0.7641809727961154,0.2569212584816172,0.7333333333333333,0.002953813104189044,0.005883926183471516,0.62,42399,4,3713,11,5,1,18569
stage5_lightgbm_raw_gpu,lightgbm,raw,gpu,valid,fn5_fp1,5:1,0.7641809727961154,0.2569212584816172,0.6923076923076923,0.0024167561761546724,0.004816697886004816,0.63,42399,4,3715,9,5,1,18579
stage5_lightgbm_raw_gpu,lightgbm,raw,gpu,valid,fn5_fp1,5:1,0.7641809727961154,0.2569212584816172,0.7777777777777778,0.0018796992481203006,0.003750334851326011,0.64,42401,2,3717,7,5,1,18587
stage5_lightgbm_raw_gpu,lightgbm,raw,gpu,valid,fn5_fp1,5:1,0.7641809727961154,0.2569212584816172,0.75,0.001611170784103115,0.003215434083601286,0.65,42401,2,3718,6,5,1,18592
stage5_lightgbm_raw_gpu,lightgbm,raw,gpu,valid,fn5_fp1,5:1,0.7641809727961154,0.2569212584816172,0.75,0.001611170784103115,0.003215434083601286,0.66,42401,2,3718,6,5,1,18592
stage5_lightgbm_raw_gpu,lightgbm,raw,gpu,valid,fn5_fp1,5:1,0.7641809727961154,0.2569212584816172,0.7142857142857143,0.0013426423200859291,0.002680246582685607,0.67,42401,2,3719,5,5,1,18597
stage5_lightgbm_raw_gpu,lightgbm,raw,gpu,valid,fn5_fp1,5:1,0.7641809727961154,0.2569212584816172,0.6,0.0008055853920515575,0.0016090104585679806,0.68,42401,2,3721,3,5,1,18607
stage5_lightgbm_raw_gpu,lightgbm,raw,gpu,valid,fn5_fp1,5:1,0.7641809727961154,0.2569212584816172,0.5,0.0005370569280343716,0.001072961373390558,0.69,42401,2,3722,2,5,1,18612
stage5_lightgbm_raw_gpu,lightgbm,raw,gpu,valid,fn5_fp1,5:1,0.7641809727961154,0.2569212584816172,0.3333333333333333,0.0002685284640171858,0.0005366246310705661,0.7,42401,2,3723,1,5,1,18617
stage5_lightgbm_raw_gpu,lightgbm,raw,gpu,valid,fn5_fp1,5:1,0.7641809727961154,0.2569212584816172,0.0,0.0,0.0,0.71,42401,2,3724,0,5,1,18622
stage5_lightgbm_raw_gpu,lightgbm,raw,gpu,valid,fn5_fp1,5:1,0.7641809727961154,0.2569212584816172,0.0,0.0,0.0,0.72,42401,2,3724,0,5,1,18622
stage5_lightgbm_raw_gpu,lightgbm,raw,gpu,valid,fn5_fp1,5:1,0.7641809727961154,0.2569212584816172,0.0,0.0,0.0,0.73,42402,1,3724,0,5,1,18621
stage5_lightgbm_raw_gpu,lightgbm,raw,gpu,valid,fn5_fp1,5:1,0.7641809727961154,0.2569212584816172,0.0,0.0,0.0,0.74,42402,1,3724,0,5,1,18621
stage5_lightgbm_raw_gpu,lightgbm,raw,gpu,valid,fn5_fp1,5:1,0.7641809727961154,0.2569212584816172,0.0,0.0,0.0,0.75,42403,0,3724,0,5,1,18620
stage5_lightgbm_raw_gpu,lightgbm,raw,gpu,valid,fn5_fp1,5:1,0.7641809727961154,0.2569212584816172,0.0,0.0,0.0,0.76,42403,0,3724,0,5,1,18620
stage5_lightgbm_raw_gpu,lightgbm,raw,gpu,valid,fn5_fp1,5:1,0.7641809727961154,0.2569212584816172,0.0,0.0,0.0,0.77,42403,0,3724,0,5,1,18620
stage5_lightgbm_raw_gpu,lightgbm,raw,gpu,valid,fn5_fp1,5:1,0.7641809727961154,0.2569212584816172,0.0,0.0,0.0,0.78,42403,0,3724,0,5,1,18620
stage5_lightgbm_raw_gpu,lightgbm,raw,gpu,valid,fn5_fp1,5:1,0.7641809727961154,0.2569212584816172,0.0,0.0,0.0,0.79,42403,0,3724,0,5,1,18620
stage5_lightgbm_raw_gpu,lightgbm,raw,gpu,valid,fn5_fp1,5:1,0.7641809727961154,0.2569212584816172,0.0,0.0,0.0,0.8,42403,0,3724,0,5,1,18620
stage5_lightgbm_raw_gpu,lightgbm,raw,gpu,valid,fn5_fp1,5:1,0.7641809727961154,0.2569212584816172,0.0,0.0,0.0,0.81,42403,0,3724,0,5,1,18620
stage5_lightgbm_raw_gpu,lightgbm,raw,gpu,valid,fn5_fp1,5:1,0.7641809727961154,0.2569212584816172,0.0,0.0,0.0,0.82,42403,0,3724,0,5,1,18620
stage5_lightgbm_raw_gpu,lightgbm,raw,gpu,valid,fn5_fp1,5:1,0.7641809727961154,0.2569212584816172,0.0,0.0,0.0,0.83,42403,0,3724,0,5,1,18620
stage5_lightgbm_raw_gpu,lightgbm,raw,gpu,valid,fn5_fp1,5:1,0.7641809727961154,0.2569212584816172,0.0,0.0,0.0,0.84,42403,0,3724,0,5,1,18620
stage5_lightgbm_raw_gpu,lightgbm,raw,gpu,valid,fn5_fp1,5:1,0.7641809727961154,0.2569212584816172,0.0,0.0,0.0,0.85,42403,0,3724,0,5,1,18620
stage5_lightgbm_raw_gpu,lightgbm,raw,gpu,valid,fn5_fp1,5:1,0.7641809727961154,0.2569212584816172,0.0,0.0,0.0,0.86,42403,0,3724,0,5,1,18620
stage5_lightgbm_raw_gpu,lightgbm,raw,gpu,valid,fn5_fp1,5:1,0.7641809727961154,0.2569212584816172,0.0,0.0,0.0,0.87,42403,0,3724,0,5,1,18620
stage5_lightgbm_raw_gpu,lightgbm,raw,gpu,valid,fn5_fp1,5:1,0.7641809727961154,0.2569212584816172,0.0,0.0,0.0,0.88,42403,0,3724,0,5,1,18620
stage5_lightgbm_raw_gpu,lightgbm,raw,gpu,valid,fn5_fp1,5:1,0.7641809727961154,0.2569212584816172,0.0,0.0,0.0,0.89,42403,0,3724,0,5,1,18620
stage5_lightgbm_raw_gpu,lightgbm,raw,gpu,valid,fn5_fp1,5:1,0.7641809727961154,0.2569212584816172,0.0,0.0,0.0,0.9,42403,0,3724,0,5,1,18620
stage5_lightgbm_raw_gpu,lightgbm,raw,gpu,valid,fn5_fp1,5:1,0.7641809727961154,0.2569212584816172,0.0,0.0,0.0,0.91,42403,0,3724,0,5,1,18620
stage5_lightgbm_raw_gpu,lightgbm,raw,gpu,valid,fn5_fp1,5:1,0.7641809727961154,0.2569212584816172,0.0,0.0,0.0,0.92,42403,0,3724,0,5,1,18620
stage5_lightgbm_raw_gpu,lightgbm,raw,gpu,valid,fn5_fp1,5:1,0.7641809727961154,0.2569212584816172,0.0,0.0,0.0,0.93,42403,0,3724,0,5,1,18620
stage5_lightgbm_raw_gpu,lightgbm,raw,gpu,valid,fn5_fp1,5:1,0.7641809727961154,0.2569212584816172,0.0,0.0,0.0,0.94,42403,0,3724,0,5,1,18620
stage5_lightgbm_raw_gpu,lightgbm,raw,gpu,valid,fn5_fp1,5:1,0.7641809727961154,0.2569212584816172,0.0,0.0,0.0,0.95,42403,0,3724,0,5,1,18620
stage5_lightgbm_raw_gpu,lightgbm,raw,gpu,valid,fn5_fp1,5:1,0.7641809727961154,0.2569212584816172,0.0,0.0,0.0,0.96,42403,0,3724,0,5,1,18620
stage5_lightgbm_raw_gpu,lightgbm,raw,gpu,valid,fn5_fp1,5:1,0.7641809727961154,0.2569212584816172,0.0,0.0,0.0,0.97,42403,0,3724,0,5,1,18620
stage5_lightgbm_raw_gpu,lightgbm,raw,gpu,valid,fn5_fp1,5:1,0.7641809727961154,0.2569212584816172,0.0,0.0,0.0,0.98,42403,0,3724,0,5,1,18620
stage5_lightgbm_raw_gpu,lightgbm,raw,gpu,valid,fn5_fp1,5:1,0.7641809727961154,0.2569212584816172,0.0,0.0,0.0,0.99,42403,0,3724,0,5,1,18620
stage5_lightgbm_raw_gpu,lightgbm,raw,gpu,valid,fn10_fp1,10:1,0.7641809727961154,0.2569212584816172,0.08281688884925766,0.9975832438238453,0.15293730188135524,0.01,1260,41143,9,3715,10,1,41233
stage5_lightgbm_raw_gpu,lightgbm,raw,gpu,valid,fn10_fp1,10:1,0.7641809727961154,0.2569212584816172,0.09276366435719785,0.9707303974221267,0.1693446385909027,0.02,7048,35355,109,3615,10,1,36445
stage5_lightgbm_raw_gpu,lightgbm,raw,gpu,valid,fn10_fp1,10:1,0.7641809727961154,0.2569212584816172,0.10650018362100624,0.9344790547798066,0.1912087912087912,0.03,13207,29196,244,3480,10,1,31636
stage5_lightgbm_raw_gpu,lightgbm,raw,gpu,valid,fn10_fp1,10:1,0.7641809727961154,0.2569212584816172,0.11941867207886343,0.8848012889366272,0.21043556009707498,0.04,18106,24297,429,3295,10,1,28587
stage5_lightgbm_raw_gpu,lightgbm,raw,gpu,valid,fn10_fp1,10:1,0.7641809727961154,0.2569212584816172,0.1330523268190914,0.8391514500537057,0.22968652383227373,0.05,22041,20362,599,3125,10,1,26352
stage5_lightgbm_raw_gpu,lightgbm,raw,gpu,valid,fn10_fp1,10:1,0.7641809727961154,0.2569212584816172,0.14479794486710798,0.7870569280343717,0.24459651172494368,0.06,25092,17311,793,2931,10,1,25241
stage5_lightgbm_raw_gpu,lightgbm,raw,gpu,valid,fn10_fp1,10:1,0.7641809727961154,0.2569212584816172,0.15647574085660657,0.7387218045112782,0.2582492372682469,0.07,27573,14830,973,2751,10,1,24560
stage5_lightgbm_raw_gpu,lightgbm,raw,gpu,valid,fn10_fp1,10:1,0.7641809727961154,0.2569212584816172,0.1673522690173033,0.6882384532760473,0.2692368296654236,0.08,29651,12752,1161,2563,10,1,24362
stage5_lightgbm_raw_gpu,lightgbm,raw,gpu,valid,fn10_fp1,10:1,0.7641809727961154,0.2569212584816172,0.17865671641791045,0.6428571428571429,0.27960756832515765,0.09,31397,11006,1330,2394,10,1,24306
stage5_lightgbm_raw_gpu,lightgbm,raw,gpu,valid,fn10_fp1,10:1,0.7641809727961154,0.2569212584816172,0.19094153636981645,0.6033834586466166,0.2900852052672347,0.1,32882,9521,1477,2247,10,1,24291
stage5_lightgbm_raw_gpu,lightgbm,raw,gpu,valid,fn10_fp1,10:1,0.7641809727961154,0.2569212584816172,0.2022256331542594,0.5660580021482277,0.2979926491376873,0.11,34087,8316,1616,2108,10,1,24476
stage5_lightgbm_raw_gpu,lightgbm,raw,gpu,valid,fn10_fp1,10:1,0.7641809727961154,0.2569212584816172,0.2131979695431472,0.5300751879699248,0.3040899637988138,0.12,35118,7285,1750,1974,10,1,24785
stage5_lightgbm_raw_gpu,lightgbm,raw,gpu,valid,fn10_fp1,10:1,0.7641809727961154,0.2569212584816172,0.22375423318819546,0.4967776584317938,0.3085390260173449,0.13,35985,6418,1874,1850,10,1,25158
stage5_lightgbm_raw_gpu,lightgbm,raw,gpu,valid,fn10_fp1,10:1,0.7641809727961154,0.2569212584816172,0.235038084874864,0.4640171858216971,0.3120260021668472,0.14,36779,5624,1996,1728,10,1,25584
stage5_lightgbm_raw_gpu,lightgbm,raw,gpu,valid,fn10_fp1,10:1,0.7641809727961154,0.2569212584816172,0.244599939154244,0.4317937701396348,0.312293649252282,0.15,37437,4966,2116,1608,10,1,26126
stage5_lightgbm_raw_gpu,lightgbm,raw,gpu,valid,fn10_fp1,10:1,0.7641809727961154,0.2569212584816172,0.25708432912256746,0.40440386680988183,0.3143393863494051,0.16,38051,4352,2218,1506,10,1,26532
stage5_lightgbm_raw_gpu,lightgbm,raw,gpu,valid,fn10_fp1,10:1,0.7641809727961154,0.2569212584816172,0.2689655172413793,0.3770139634801289,0.313953488372093,0.17,38587,3816,2320,1404,10,1,27016
stage5_lightgbm_raw_gpu,lightgbm,raw,gpu,valid,fn10_fp1,10:1,0.7641809727961154,0.2569212584816172,0.28289473684210525,0.3579484425349087,0.3160265528686581,0.18,39024,3379,2391,1333,10,1,27289
stage5_lightgbm_raw_gpu,lightgbm,raw,gpu,valid,fn10_fp1,10:1,0.7641809727961154,0.2569212584816172,0.29700401037980656,0.33807733619763697,0.31621248273263847,0.19,39423,2980,2465,1259,10,1,27630
stage5_lightgbm_raw_gpu,lightgbm,raw,gpu,valid,fn10_fp1,10:1,0.7641809727961154,0.2569212584816172,0.30779357556608744,0.31390977443609025,0.31082159000265885,0.2,39774,2629,2555,1169,10,1,28179
stage5_lightgbm_raw_gpu,lightgbm,raw,gpu,valid,fn10_fp1,10:1,0.7641809727961154,0.2569212584816172,0.3205950991831972,0.2951127819548872,0.30732662192393734,0.21,40074,2329,2625,1099,10,1,28579
stage5_lightgbm_raw_gpu,lightgbm,raw,gpu,valid,fn10_fp1,10:1,0.7641809727961154,0.2569212584816172,0.33322591040928135,0.27765843179377014,0.3029148967335579,0.22,40334,2069,2690,1034,10,1,28969
stage5_lightgbm_raw_gpu,lightgbm,raw,gpu,valid,fn10_fp1,10:1,0.7641809727961154,0.2569212584816172,0.3408929836995039,0.25832438238453276,0.2939199511151848,0.23,40543,1860,2762,962,10,1,29480
stage5_lightgbm_raw_gpu,lightgbm,raw,gpu,valid,fn10_fp1,10:1,0.7641809727961154,0.2569212584816172,0.3508017207665233,0.2408700322234157,0.2856233083903837,0.24,40743,1660,2827,897,10,1,29930
stage5_lightgbm_raw_gpu,lightgbm,raw,gpu,valid,fn10_fp1,10:1,0.7641809727961154,0.2569212584816172,0.3577306193157211,0.22180451127819548,0.2738272832753191,0.25,40920,1483,2898,826,10,1,30463
stage5_lightgbm_raw_gpu,lightgbm,raw,gpu,valid,fn10_fp1,10:1,0.7641809727961154,0.2569212584816172,0.3605212355212355,0.2005907626208378,0.2577639751552795,0.26,41078,1325,2977,747,10,1,31095
stage5_lightgbm_raw_gpu,lightgbm,raw,gpu,valid,fn10_fp1,10:1,0.7641809727961154,0.2569212584816172,0.371931696905016,0.1871643394199785,0.24901750625223293,0.27,41226,1177,3027,697,10,1,31447
stage5_lightgbm_raw_gpu,lightgbm,raw,gpu,valid,fn10_fp1,10:1,0.7641809727961154,0.2569212584816172,0.37572590011614404,0.17373791621911922,0.23760558207858978,0.28,41328,1075,3077,647,10,1,31845
stage5_lightgbm_raw_gpu,lightgbm,raw,gpu,valid,fn10_fp1,10:1,0.7641809727961154,0.2569212584816172,0.3879746835443038,0.1646079484425349,0.23114630467571645,0.29,41436,967,3111,613,10,1,32077
stage5_lightgbm_raw_gpu,lightgbm,raw,gpu,valid,fn10_fp1,10:1,0.7641809727961154,0.2569212584816172,0.39986043265875787,0.15386680988184748,0.2222222222222222,0.3,41543,860,3151,573,10,1,32370
stage5_lightgbm_raw_gpu,lightgbm,raw,gpu,valid,fn10_fp1,10:1,0.7641809727961154,0.2569212584816172,0.41035548686244205,0.14258861439312567,0.21163810282981269,0.31,41640,763,3193,531,10,1,32693
stage5_lightgbm_raw_gpu,lightgbm,raw,gpu,valid,fn10_fp1,10:1,0.7641809727961154,0.2569212584816172,0.4174428450465707,0.1323845327604726,0.20101936799184505,0.32,41715,688,3231,493,10,1,32998
stage5_lightgbm_raw_gpu,lightgbm,raw,gpu,valid,fn10_fp1,10:1,0.7641809727961154,0.2569212584816172,0.43059490084985835,0.12244897959183673,0.19067530838385952,0.33,41800,603,3268,456,10,1,33283
stage5_lightgbm_raw_gpu,lightgbm,raw,gpu,valid,fn10_fp1,10:1,0.7641809727961154,0.2569212584816172,0.43912591050988553,0.11331901181525242,0.18014941302027748,0.34,41864,539,3302,422,10,1,33559
stage5_lightgbm_raw_gpu,lightgbm,raw,gpu,valid,fn10_fp1,10:1,0.7641809727961154,0.2569212584816172,0.4460093896713615,0.10204081632653061,0.1660839160839161,0.35,41931,472,3344,380,10,1,33912
stage5_lightgbm_raw_gpu,lightgbm,raw,gpu,valid,fn10_fp1,10:1,0.7641809727961154,0.2569212584816172,0.44502617801047123,0.09129967776584318,0.15151515151515152,0.36,41979,424,3384,340,10,1,34264
stage5_lightgbm_raw_gpu,lightgbm,raw,gpu,valid,fn10_fp1,10:1,0.7641809727961154,0.2569212584816172,0.4566813509544787,0.08351235230934478,0.14120317820658343,0.37,42033,370,3413,311,10,1,34500
stage5_lightgbm_raw_gpu,lightgbm,raw,gpu,valid,fn10_fp1,10:1,0.7641809727961154,0.2569212584816172,0.4560530679933665,0.0738453276047261,0.12710885139819736,0.38,42075,328,3449,275,10,1,34818
stage5_lightgbm_raw_gpu,lightgbm,raw,gpu,valid,fn10_fp1,10:1,0.7641809727961154,0.2569212584816172,0.474671669793621,0.06793770139634801,0.11886304909560723,0.39,42123,280,3471,253,10,1,34990
stage5_lightgbm_raw_gpu,lightgbm,raw,gpu,valid,fn10_fp1,10:1,0.7641809727961154,0.2569212584816172,0.48333333333333334,0.06229860365198711,0.11037107516650808,0.4,42155,248,3492,232,10,1,35168
stage5_lightgbm_raw_gpu,lightgbm,raw,gpu,valid,fn10_fp1,10:1,0.7641809727961154,0.2569212584816172,0.4825174825174825,0.055585392051557464,0.09968697327233325,0.41,42181,222,3517,207,10,1,35392
stage5_lightgbm_raw_gpu,lightgbm,raw,gpu,valid,fn10_fp1,10:1,0.7641809727961154,0.2569212584816172,0.506426735218509,0.05290010741138561,0.09579382445903234,0.42,42211,192,3527,197,10,1,35462
stage5_lightgbm_raw_gpu,lightgbm,raw,gpu,valid,fn10_fp1,10:1,0.7641809727961154,0.2569212584816172,0.5114942528735632,0.04779806659505908,0.08742632612966601,0.43,42233,170,3546,178,10,1,35630
stage5_lightgbm_raw_gpu,lightgbm,raw,gpu,valid,fn10_fp1,10:1,0.7641809727961154,0.2569212584816172,0.5344262295081967,0.04377013963480129,0.08091337800943162,0.44,42261,142,3561,163,10,1,35752
stage5_lightgbm_raw_gpu,lightgbm,raw,gpu,valid,fn10_fp1,10:1,0.7641809727961154,0.2569212584816172,0.5410447761194029,0.03893662728249194,0.07264529058116233,0.45,42280,123,3579,145,10,1,35913
stage5_lightgbm_raw_gpu,lightgbm,raw,gpu,valid,fn10_fp1,10:1,0.7641809727961154,0.2569212584816172,0.5371900826446281,0.03490870032223416,0.06555723651033787,0.46,42291,112,3594,130,10,1,36052
stage5_lightgbm_raw_gpu,lightgbm,raw,gpu,valid,fn10_fp1,10:1,0.7641809727961154,0.2569212584816172,0.5424528301886793,0.03088077336197637,0.058434959349593495,0.47,42306,97,3609,115,10,1,36187
stage5_lightgbm_raw_gpu,lightgbm,raw,gpu,valid,fn10_fp1,10:1,0.7641809727961154,0.2569212584816172,0.5513513513513514,0.027389903329752954,0.052187260168841135,0.48,42320,83,3622,102,10,1,36303
stage5_lightgbm_raw_gpu,lightgbm,raw,gpu,valid,fn10_fp1,10:1,0.7641809727961154,0.2569212584816172,0.5568862275449101,0.02497314715359828,0.047802621434078645,0.49,42329,74,3631,93,10,1,36384
stage5_lightgbm_raw_gpu,lightgbm,raw,gpu,valid,fn10_fp1,10:1,0.7641809727961154,0.2569212584816172,0.5763888888888888,0.02228786251342642,0.042916235780765255,0.5,42342,61,3641,83,10,1,36471
stage5_lightgbm_raw_gpu,lightgbm,raw,gpu,valid,fn10_fp1,10:1,0.7641809727961154,0.2569212584816172,0.5725806451612904,0.019065520945220193,0.036902286902286904,0.51,42350,53,3653,71,10,1,36583
stage5_lightgbm_raw_gpu,lightgbm,raw,gpu,valid,fn10_fp1,10:1,0.7641809727961154,0.2569212584816172,0.5825242718446602,0.01611170784103115,0.03135615364515286,0.52,42360,43,3664,60,10,1,36683
stage5_lightgbm_raw_gpu,lightgbm,raw,gpu,valid,fn10_fp1,10:1,0.7641809727961154,0.2569212584816172,0.6067415730337079,0.014500537056928034,0.02832415420928403,0.53,42368,35,3670,54,10,1,36735
stage5_lightgbm_raw_gpu,lightgbm,raw,gpu,valid,fn10_fp1,10:1,0.7641809727961154,0.2569212584816172,0.631578947368421,0.01288936627282492,0.02526315789473684,0.54,42375,28,3676,48,10,1,36788
stage5_lightgbm_raw_gpu,lightgbm,raw,gpu,valid,fn10_fp1,10:1,0.7641809727961154,0.2569212584816172,0.6615384615384615,0.01154672395273899,0.022697281604645025,0.55,42381,22,3681,43,10,1,36832
stage5_lightgbm_raw_gpu,lightgbm,raw,gpu,valid,fn10_fp1,10:1,0.7641809727961154,0.2569212584816172,0.6896551724137931,0.010741138560687433,0.021152829190904283,0.56,42385,18,3684,40,10,1,36858
stage5_lightgbm_raw_gpu,lightgbm,raw,gpu,valid,fn10_fp1,10:1,0.7641809727961154,0.2569212584816172,0.6666666666666666,0.008592910848549946,0.016967126193001062,0.57,42387,16,3692,32,10,1,36936
stage5_lightgbm_raw_gpu,lightgbm,raw,gpu,valid,fn10_fp1,10:1,0.7641809727961154,0.2569212584816172,0.6666666666666666,0.006981740064446832,0.013818761626361946,0.58,42390,13,3698,26,10,1,36993
stage5_lightgbm_raw_gpu,lightgbm,raw,gpu,valid,fn10_fp1,10:1,0.7641809727961154,0.2569212584816172,0.6666666666666666,0.005907626208378088,0.011711471919084376,0.59,42392,11,3702,22,10,1,37031
stage5_lightgbm_raw_gpu,lightgbm,raw,gpu,valid,fn10_fp1,10:1,0.7641809727961154,0.2569212584816172,0.6666666666666666,0.004833512352309345,0.00959744068248467,0.6,42394,9,3706,18,10,1,37069
stage5_lightgbm_raw_gpu,lightgbm,raw,gpu,valid,fn10_fp1,10:1,0.7641809727961154,0.2569212584816172,0.75,0.004027926960257788,0.008012820512820512,0.61,42398,5,3709,15,10,1,37095
stage5_lightgbm_raw_gpu,lightgbm,raw,gpu,valid,fn10_fp1,10:1,0.7641809727961154,0.2569212584816172,0.7333333333333333,0.002953813104189044,0.005883926183471516,0.62,42399,4,3713,11,10,1,37134
stage5_lightgbm_raw_gpu,lightgbm,raw,gpu,valid,fn10_fp1,10:1,0.7641809727961154,0.2569212584816172,0.6923076923076923,0.0024167561761546724,0.004816697886004816,0.63,42399,4,3715,9,10,1,37154
stage5_lightgbm_raw_gpu,lightgbm,raw,gpu,valid,fn10_fp1,10:1,0.7641809727961154,0.2569212584816172,0.7777777777777778,0.0018796992481203006,0.003750334851326011,0.64,42401,2,3717,7,10,1,37172
stage5_lightgbm_raw_gpu,lightgbm,raw,gpu,valid,fn10_fp1,10:1,0.7641809727961154,0.2569212584816172,0.75,0.001611170784103115,0.003215434083601286,0.65,42401,2,3718,6,10,1,37182
stage5_lightgbm_raw_gpu,lightgbm,raw,gpu,valid,fn10_fp1,10:1,0.7641809727961154,0.2569212584816172,0.75,0.001611170784103115,0.003215434083601286,0.66,42401,2,3718,6,10,1,37182
stage5_lightgbm_raw_gpu,lightgbm,raw,gpu,valid,fn10_fp1,10:1,0.7641809727961154,0.2569212584816172,0.7142857142857143,0.0013426423200859291,0.002680246582685607,0.67,42401,2,3719,5,10,1,37192
stage5_lightgbm_raw_gpu,lightgbm,raw,gpu,valid,fn10_fp1,10:1,0.7641809727961154,0.2569212584816172,0.6,0.0008055853920515575,0.0016090104585679806,0.68,42401,2,3721,3,10,1,37212
stage5_lightgbm_raw_gpu,lightgbm,raw,gpu,valid,fn10_fp1,10:1,0.7641809727961154,0.2569212584816172,0.5,0.0005370569280343716,0.001072961373390558,0.69,42401,2,3722,2,10,1,37222
stage5_lightgbm_raw_gpu,lightgbm,raw,gpu,valid,fn10_fp1,10:1,0.7641809727961154,0.2569212584816172,0.3333333333333333,0.0002685284640171858,0.0005366246310705661,0.7,42401,2,3723,1,10,1,37232
stage5_lightgbm_raw_gpu,lightgbm,raw,gpu,valid,fn10_fp1,10:1,0.7641809727961154,0.2569212584816172,0.0,0.0,0.0,0.71,42401,2,3724,0,10,1,37242
stage5_lightgbm_raw_gpu,lightgbm,raw,gpu,valid,fn10_fp1,10:1,0.7641809727961154,0.2569212584816172,0.0,0.0,0.0,0.72,42401,2,3724,0,10,1,37242
stage5_lightgbm_raw_gpu,lightgbm,raw,gpu,valid,fn10_fp1,10:1,0.7641809727961154,0.2569212584816172,0.0,0.0,0.0,0.73,42402,1,3724,0,10,1,37241
stage5_lightgbm_raw_gpu,lightgbm,raw,gpu,valid,fn10_fp1,10:1,0.7641809727961154,0.2569212584816172,0.0,0.0,0.0,0.74,42402,1,3724,0,10,1,37241
stage5_lightgbm_raw_gpu,lightgbm,raw,gpu,valid,fn10_fp1,10:1,0.7641809727961154,0.2569212584816172,0.0,0.0,0.0,0.75,42403,0,3724,0,10,1,37240
stage5_lightgbm_raw_gpu,lightgbm,raw,gpu,valid,fn10_fp1,10:1,0.7641809727961154,0.2569212584816172,0.0,0.0,0.0,0.76,42403,0,3724,0,10,1,37240
stage5_lightgbm_raw_gpu,lightgbm,raw,gpu,valid,fn10_fp1,10:1,0.7641809727961154,0.2569212584816172,0.0,0.0,0.0,0.77,42403,0,3724,0,10,1,37240
stage5_lightgbm_raw_gpu,lightgbm,raw,gpu,valid,fn10_fp1,10:1,0.7641809727961154,0.2569212584816172,0.0,0.0,0.0,0.78,42403,0,3724,0,10,1,37240
stage5_lightgbm_raw_gpu,lightgbm,raw,gpu,valid,fn10_fp1,10:1,0.7641809727961154,0.2569212584816172,0.0,0.0,0.0,0.79,42403,0,3724,0,10,1,37240
stage5_lightgbm_raw_gpu,lightgbm,raw,gpu,valid,fn10_fp1,10:1,0.7641809727961154,0.2569212584816172,0.0,0.0,0.0,0.8,42403,0,3724,0,10,1,37240
stage5_lightgbm_raw_gpu,lightgbm,raw,gpu,valid,fn10_fp1,10:1,0.7641809727961154,0.2569212584816172,0.0,0.0,0.0,0.81,42403,0,3724,0,10,1,37240
stage5_lightgbm_raw_gpu,lightgbm,raw,gpu,valid,fn10_fp1,10:1,0.7641809727961154,0.2569212584816172,0.0,0.0,0.0,0.82,42403,0,3724,0,10,1,37240
stage5_lightgbm_raw_gpu,lightgbm,raw,gpu,valid,fn10_fp1,10:1,0.7641809727961154,0.2569212584816172,0.0,0.0,0.0,0.83,42403,0,3724,0,10,1,37240
stage5_lightgbm_raw_gpu,lightgbm,raw,gpu,valid,fn10_fp1,10:1,0.7641809727961154,0.2569212584816172,0.0,0.0,0.0,0.84,42403,0,3724,0,10,1,37240
stage5_lightgbm_raw_gpu,lightgbm,raw,gpu,valid,fn10_fp1,10:1,0.7641809727961154,0.2569212584816172,0.0,0.0,0.0,0.85,42403,0,3724,0,10,1,37240
stage5_lightgbm_raw_gpu,lightgbm,raw,gpu,valid,fn10_fp1,10:1,0.7641809727961154,0.2569212584816172,0.0,0.0,0.0,0.86,42403,0,3724,0,10,1,37240
stage5_lightgbm_raw_gpu,lightgbm,raw,gpu,valid,fn10_fp1,10:1,0.7641809727961154,0.2569212584816172,0.0,0.0,0.0,0.87,42403,0,3724,0,10,1,37240
stage5_lightgbm_raw_gpu,lightgbm,raw,gpu,valid,fn10_fp1,10:1,0.7641809727961154,0.2569212584816172,0.0,0.0,0.0,0.88,42403,0,3724,0,10,1,37240
stage5_lightgbm_raw_gpu,lightgbm,raw,gpu,valid,fn10_fp1,10:1,0.7641809727961154,0.2569212584816172,0.0,0.0,0.0,0.89,42403,0,3724,0,10,1,37240
stage5_lightgbm_raw_gpu,lightgbm,raw,gpu,valid,fn10_fp1,10:1,0.7641809727961154,0.2569212584816172,0.0,0.0,0.0,0.9,42403,0,3724,0,10,1,37240
stage5_lightgbm_raw_gpu,lightgbm,raw,gpu,valid,fn10_fp1,10:1,0.7641809727961154,0.2569212584816172,0.0,0.0,0.0,0.91,42403,0,3724,0,10,1,37240
stage5_lightgbm_raw_gpu,lightgbm,raw,gpu,valid,fn10_fp1,10:1,0.7641809727961154,0.2569212584816172,0.0,0.0,0.0,0.92,42403,0,3724,0,10,1,37240
stage5_lightgbm_raw_gpu,lightgbm,raw,gpu,valid,fn10_fp1,10:1,0.7641809727961154,0.2569212584816172,0.0,0.0,0.0,0.93,42403,0,3724,0,10,1,37240
stage5_lightgbm_raw_gpu,lightgbm,raw,gpu,valid,fn10_fp1,10:1,0.7641809727961154,0.2569212584816172,0.0,0.0,0.0,0.94,42403,0,3724,0,10,1,37240
stage5_lightgbm_raw_gpu,lightgbm,raw,gpu,valid,fn10_fp1,10:1,0.7641809727961154,0.2569212584816172,0.0,0.0,0.0,0.95,42403,0,3724,0,10,1,37240
stage5_lightgbm_raw_gpu,lightgbm,raw,gpu,valid,fn10_fp1,10:1,0.7641809727961154,0.2569212584816172,0.0,0.0,0.0,0.96,42403,0,3724,0,10,1,37240
stage5_lightgbm_raw_gpu,lightgbm,raw,gpu,valid,fn10_fp1,10:1,0.7641809727961154,0.2569212584816172,0.0,0.0,0.0,0.97,42403,0,3724,0,10,1,37240
stage5_lightgbm_raw_gpu,lightgbm,raw,gpu,valid,fn10_fp1,10:1,0.7641809727961154,0.2569212584816172,0.0,0.0,0.0,0.98,42403,0,3724,0,10,1,37240
stage5_lightgbm_raw_gpu,lightgbm,raw,gpu,valid,fn10_fp1,10:1,0.7641809727961154,0.2569212584816172,0.0,0.0,0.0,0.99,42403,0,3724,0,10,1,37240
stage5_lightgbm_raw_gpu,lightgbm,raw,gpu,valid,fn20_fp1,20:1,0.7641809727961154,0.2569212584816172,0.08281688884925766,0.9975832438238453,0.15293730188135524,0.01,1260,41143,9,3715,20,1,41323
stage5_lightgbm_raw_gpu,lightgbm,raw,gpu,valid,fn20_fp1,20:1,0.7641809727961154,0.2569212584816172,0.09276366435719785,0.9707303974221267,0.1693446385909027,0.02,7048,35355,109,3615,20,1,37535
stage5_lightgbm_raw_gpu,lightgbm,raw,gpu,valid,fn20_fp1,20:1,0.7641809727961154,0.2569212584816172,0.10650018362100624,0.9344790547798066,0.1912087912087912,0.03,13207,29196,244,3480,20,1,34076
stage5_lightgbm_raw_gpu,lightgbm,raw,gpu,valid,fn20_fp1,20:1,0.7641809727961154,0.2569212584816172,0.11941867207886343,0.8848012889366272,0.21043556009707498,0.04,18106,24297,429,3295,20,1,32877
stage5_lightgbm_raw_gpu,lightgbm,raw,gpu,valid,fn20_fp1,20:1,0.7641809727961154,0.2569212584816172,0.1330523268190914,0.8391514500537057,0.22968652383227373,0.05,22041,20362,599,3125,20,1,32342
stage5_lightgbm_raw_gpu,lightgbm,raw,gpu,valid,fn20_fp1,20:1,0.7641809727961154,0.2569212584816172,0.14479794486710798,0.7870569280343717,0.24459651172494368,0.06,25092,17311,793,2931,20,1,33171
stage5_lightgbm_raw_gpu,lightgbm,raw,gpu,valid,fn20_fp1,20:1,0.7641809727961154,0.2569212584816172,0.15647574085660657,0.7387218045112782,0.2582492372682469,0.07,27573,14830,973,2751,20,1,34290
stage5_lightgbm_raw_gpu,lightgbm,raw,gpu,valid,fn20_fp1,20:1,0.7641809727961154,0.2569212584816172,0.1673522690173033,0.6882384532760473,0.2692368296654236,0.08,29651,12752,1161,2563,20,1,35972
stage5_lightgbm_raw_gpu,lightgbm,raw,gpu,valid,fn20_fp1,20:1,0.7641809727961154,0.2569212584816172,0.17865671641791045,0.6428571428571429,0.27960756832515765,0.09,31397,11006,1330,2394,20,1,37606
stage5_lightgbm_raw_gpu,lightgbm,raw,gpu,valid,fn20_fp1,20:1,0.7641809727961154,0.2569212584816172,0.19094153636981645,0.6033834586466166,0.2900852052672347,0.1,32882,9521,1477,2247,20,1,39061
stage5_lightgbm_raw_gpu,lightgbm,raw,gpu,valid,fn20_fp1,20:1,0.7641809727961154,0.2569212584816172,0.2022256331542594,0.5660580021482277,0.2979926491376873,0.11,34087,8316,1616,2108,20,1,40636
stage5_lightgbm_raw_gpu,lightgbm,raw,gpu,valid,fn20_fp1,20:1,0.7641809727961154,0.2569212584816172,0.2131979695431472,0.5300751879699248,0.3040899637988138,0.12,35118,7285,1750,1974,20,1,42285
stage5_lightgbm_raw_gpu,lightgbm,raw,gpu,valid,fn20_fp1,20:1,0.7641809727961154,0.2569212584816172,0.22375423318819546,0.4967776584317938,0.3085390260173449,0.13,35985,6418,1874,1850,20,1,43898
stage5_lightgbm_raw_gpu,lightgbm,raw,gpu,valid,fn20_fp1,20:1,0.7641809727961154,0.2569212584816172,0.235038084874864,0.4640171858216971,0.3120260021668472,0.14,36779,5624,1996,1728,20,1,45544
stage5_lightgbm_raw_gpu,lightgbm,raw,gpu,valid,fn20_fp1,20:1,0.7641809727961154,0.2569212584816172,0.244599939154244,0.4317937701396348,0.312293649252282,0.15,37437,4966,2116,1608,20,1,47286
stage5_lightgbm_raw_gpu,lightgbm,raw,gpu,valid,fn20_fp1,20:1,0.7641809727961154,0.2569212584816172,0.25708432912256746,0.40440386680988183,0.3143393863494051,0.16,38051,4352,2218,1506,20,1,48712
stage5_lightgbm_raw_gpu,lightgbm,raw,gpu,valid,fn20_fp1,20:1,0.7641809727961154,0.2569212584816172,0.2689655172413793,0.3770139634801289,0.313953488372093,0.17,38587,3816,2320,1404,20,1,50216
stage5_lightgbm_raw_gpu,lightgbm,raw,gpu,valid,fn20_fp1,20:1,0.7641809727961154,0.2569212584816172,0.28289473684210525,0.3579484425349087,0.3160265528686581,0.18,39024,3379,2391,1333,20,1,51199
stage5_lightgbm_raw_gpu,lightgbm,raw,gpu,valid,fn20_fp1,20:1,0.7641809727961154,0.2569212584816172,0.29700401037980656,0.33807733619763697,0.31621248273263847,0.19,39423,2980,2465,1259,20,1,52280
stage5_lightgbm_raw_gpu,lightgbm,raw,gpu,valid,fn20_fp1,20:1,0.7641809727961154,0.2569212584816172,0.30779357556608744,0.31390977443609025,0.31082159000265885,0.2,39774,2629,2555,1169,20,1,53729
stage5_lightgbm_raw_gpu,lightgbm,raw,gpu,valid,fn20_fp1,20:1,0.7641809727961154,0.2569212584816172,0.3205950991831972,0.2951127819548872,0.30732662192393734,0.21,40074,2329,2625,1099,20,1,54829
stage5_lightgbm_raw_gpu,lightgbm,raw,gpu,valid,fn20_fp1,20:1,0.7641809727961154,0.2569212584816172,0.33322591040928135,0.27765843179377014,0.3029148967335579,0.22,40334,2069,2690,1034,20,1,55869
stage5_lightgbm_raw_gpu,lightgbm,raw,gpu,valid,fn20_fp1,20:1,0.7641809727961154,0.2569212584816172,0.3408929836995039,0.25832438238453276,0.2939199511151848,0.23,40543,1860,2762,962,20,1,57100
stage5_lightgbm_raw_gpu,lightgbm,raw,gpu,valid,fn20_fp1,20:1,0.7641809727961154,0.2569212584816172,0.3508017207665233,0.2408700322234157,0.2856233083903837,0.24,40743,1660,2827,897,20,1,58200
stage5_lightgbm_raw_gpu,lightgbm,raw,gpu,valid,fn20_fp1,20:1,0.7641809727961154,0.2569212584816172,0.3577306193157211,0.22180451127819548,0.2738272832753191,0.25,40920,1483,2898,826,20,1,59443
stage5_lightgbm_raw_gpu,lightgbm,raw,gpu,valid,fn20_fp1,20:1,0.7641809727961154,0.2569212584816172,0.3605212355212355,0.2005907626208378,0.2577639751552795,0.26,41078,1325,2977,747,20,1,60865
stage5_lightgbm_raw_gpu,lightgbm,raw,gpu,valid,fn20_fp1,20:1,0.7641809727961154,0.2569212584816172,0.371931696905016,0.1871643394199785,0.24901750625223293,0.27,41226,1177,3027,697,20,1,61717
stage5_lightgbm_raw_gpu,lightgbm,raw,gpu,valid,fn20_fp1,20:1,0.7641809727961154,0.2569212584816172,0.37572590011614404,0.17373791621911922,0.23760558207858978,0.28,41328,1075,3077,647,20,1,62615
stage5_lightgbm_raw_gpu,lightgbm,raw,gpu,valid,fn20_fp1,20:1,0.7641809727961154,0.2569212584816172,0.3879746835443038,0.1646079484425349,0.23114630467571645,0.29,41436,967,3111,613,20,1,63187
stage5_lightgbm_raw_gpu,lightgbm,raw,gpu,valid,fn20_fp1,20:1,0.7641809727961154,0.2569212584816172,0.39986043265875787,0.15386680988184748,0.2222222222222222,0.3,41543,860,3151,573,20,1,63880
stage5_lightgbm_raw_gpu,lightgbm,raw,gpu,valid,fn20_fp1,20:1,0.7641809727961154,0.2569212584816172,0.41035548686244205,0.14258861439312567,0.21163810282981269,0.31,41640,763,3193,531,20,1,64623
stage5_lightgbm_raw_gpu,lightgbm,raw,gpu,valid,fn20_fp1,20:1,0.7641809727961154,0.2569212584816172,0.4174428450465707,0.1323845327604726,0.20101936799184505,0.32,41715,688,3231,493,20,1,65308
stage5_lightgbm_raw_gpu,lightgbm,raw,gpu,valid,fn20_fp1,20:1,0.7641809727961154,0.2569212584816172,0.43059490084985835,0.12244897959183673,0.19067530838385952,0.33,41800,603,3268,456,20,1,65963
stage5_lightgbm_raw_gpu,lightgbm,raw,gpu,valid,fn20_fp1,20:1,0.7641809727961154,0.2569212584816172,0.43912591050988553,0.11331901181525242,0.18014941302027748,0.34,41864,539,3302,422,20,1,66579
stage5_lightgbm_raw_gpu,lightgbm,raw,gpu,valid,fn20_fp1,20:1,0.7641809727961154,0.2569212584816172,0.4460093896713615,0.10204081632653061,0.1660839160839161,0.35,41931,472,3344,380,20,1,67352
stage5_lightgbm_raw_gpu,lightgbm,raw,gpu,valid,fn20_fp1,20:1,0.7641809727961154,0.2569212584816172,0.44502617801047123,0.09129967776584318,0.15151515151515152,0.36,41979,424,3384,340,20,1,68104
stage5_lightgbm_raw_gpu,lightgbm,raw,gpu,valid,fn20_fp1,20:1,0.7641809727961154,0.2569212584816172,0.4566813509544787,0.08351235230934478,0.14120317820658343,0.37,42033,370,3413,311,20,1,68630
stage5_lightgbm_raw_gpu,lightgbm,raw,gpu,valid,fn20_fp1,20:1,0.7641809727961154,0.2569212584816172,0.4560530679933665,0.0738453276047261,0.12710885139819736,0.38,42075,328,3449,275,20,1,69308
stage5_lightgbm_raw_gpu,lightgbm,raw,gpu,valid,fn20_fp1,20:1,0.7641809727961154,0.2569212584816172,0.474671669793621,0.06793770139634801,0.11886304909560723,0.39,42123,280,3471,253,20,1,69700
stage5_lightgbm_raw_gpu,lightgbm,raw,gpu,valid,fn20_fp1,20:1,0.7641809727961154,0.2569212584816172,0.48333333333333334,0.06229860365198711,0.11037107516650808,0.4,42155,248,3492,232,20,1,70088
stage5_lightgbm_raw_gpu,lightgbm,raw,gpu,valid,fn20_fp1,20:1,0.7641809727961154,0.2569212584816172,0.4825174825174825,0.055585392051557464,0.09968697327233325,0.41,42181,222,3517,207,20,1,70562
stage5_lightgbm_raw_gpu,lightgbm,raw,gpu,valid,fn20_fp1,20:1,0.7641809727961154,0.2569212584816172,0.506426735218509,0.05290010741138561,0.09579382445903234,0.42,42211,192,3527,197,20,1,70732
stage5_lightgbm_raw_gpu,lightgbm,raw,gpu,valid,fn20_fp1,20:1,0.7641809727961154,0.2569212584816172,0.5114942528735632,0.04779806659505908,0.08742632612966601,0.43,42233,170,3546,178,20,1,71090
stage5_lightgbm_raw_gpu,lightgbm,raw,gpu,valid,fn20_fp1,20:1,0.7641809727961154,0.2569212584816172,0.5344262295081967,0.04377013963480129,0.08091337800943162,0.44,42261,142,3561,163,20,1,71362
stage5_lightgbm_raw_gpu,lightgbm,raw,gpu,valid,fn20_fp1,20:1,0.7641809727961154,0.2569212584816172,0.5410447761194029,0.03893662728249194,0.07264529058116233,0.45,42280,123,3579,145,20,1,71703
stage5_lightgbm_raw_gpu,lightgbm,raw,gpu,valid,fn20_fp1,20:1,0.7641809727961154,0.2569212584816172,0.5371900826446281,0.03490870032223416,0.06555723651033787,0.46,42291,112,3594,130,20,1,71992
stage5_lightgbm_raw_gpu,lightgbm,raw,gpu,valid,fn20_fp1,20:1,0.7641809727961154,0.2569212584816172,0.5424528301886793,0.03088077336197637,0.058434959349593495,0.47,42306,97,3609,115,20,1,72277
stage5_lightgbm_raw_gpu,lightgbm,raw,gpu,valid,fn20_fp1,20:1,0.7641809727961154,0.2569212584816172,0.5513513513513514,0.027389903329752954,0.052187260168841135,0.48,42320,83,3622,102,20,1,72523
stage5_lightgbm_raw_gpu,lightgbm,raw,gpu,valid,fn20_fp1,20:1,0.7641809727961154,0.2569212584816172,0.5568862275449101,0.02497314715359828,0.047802621434078645,0.49,42329,74,3631,93,20,1,72694
stage5_lightgbm_raw_gpu,lightgbm,raw,gpu,valid,fn20_fp1,20:1,0.7641809727961154,0.2569212584816172,0.5763888888888888,0.02228786251342642,0.042916235780765255,0.5,42342,61,3641,83,20,1,72881
stage5_lightgbm_raw_gpu,lightgbm,raw,gpu,valid,fn20_fp1,20:1,0.7641809727961154,0.2569212584816172,0.5725806451612904,0.019065520945220193,0.036902286902286904,0.51,42350,53,3653,71,20,1,73113
stage5_lightgbm_raw_gpu,lightgbm,raw,gpu,valid,fn20_fp1,20:1,0.7641809727961154,0.2569212584816172,0.5825242718446602,0.01611170784103115,0.03135615364515286,0.52,42360,43,3664,60,20,1,73323
stage5_lightgbm_raw_gpu,lightgbm,raw,gpu,valid,fn20_fp1,20:1,0.7641809727961154,0.2569212584816172,0.6067415730337079,0.014500537056928034,0.02832415420928403,0.53,42368,35,3670,54,20,1,73435
stage5_lightgbm_raw_gpu,lightgbm,raw,gpu,valid,fn20_fp1,20:1,0.7641809727961154,0.2569212584816172,0.631578947368421,0.01288936627282492,0.02526315789473684,0.54,42375,28,3676,48,20,1,73548
stage5_lightgbm_raw_gpu,lightgbm,raw,gpu,valid,fn20_fp1,20:1,0.7641809727961154,0.2569212584816172,0.6615384615384615,0.01154672395273899,0.022697281604645025,0.55,42381,22,3681,43,20,1,73642
stage5_lightgbm_raw_gpu,lightgbm,raw,gpu,valid,fn20_fp1,20:1,0.7641809727961154,0.2569212584816172,0.6896551724137931,0.010741138560687433,0.021152829190904283,0.56,42385,18,3684,40,20,1,73698
stage5_lightgbm_raw_gpu,lightgbm,raw,gpu,valid,fn20_fp1,20:1,0.7641809727961154,0.2569212584816172,0.6666666666666666,0.008592910848549946,0.016967126193001062,0.57,42387,16,3692,32,20,1,73856
stage5_lightgbm_raw_gpu,lightgbm,raw,gpu,valid,fn20_fp1,20:1,0.7641809727961154,0.2569212584816172,0.6666666666666666,0.006981740064446832,0.013818761626361946,0.58,42390,13,3698,26,20,1,73973
stage5_lightgbm_raw_gpu,lightgbm,raw,gpu,valid,fn20_fp1,20:1,0.7641809727961154,0.2569212584816172,0.6666666666666666,0.005907626208378088,0.011711471919084376,0.59,42392,11,3702,22,20,1,74051
stage5_lightgbm_raw_gpu,lightgbm,raw,gpu,valid,fn20_fp1,20:1,0.7641809727961154,0.2569212584816172,0.6666666666666666,0.004833512352309345,0.00959744068248467,0.6,42394,9,3706,18,20,1,74129
stage5_lightgbm_raw_gpu,lightgbm,raw,gpu,valid,fn20_fp1,20:1,0.7641809727961154,0.2569212584816172,0.75,0.004027926960257788,0.008012820512820512,0.61,42398,5,3709,15,20,1,74185
stage5_lightgbm_raw_gpu,lightgbm,raw,gpu,valid,fn20_fp1,20:1,0.7641809727961154,0.2569212584816172,0.7333333333333333,0.002953813104189044,0.005883926183471516,0.62,42399,4,3713,11,20,1,74264
stage5_lightgbm_raw_gpu,lightgbm,raw,gpu,valid,fn20_fp1,20:1,0.7641809727961154,0.2569212584816172,0.6923076923076923,0.0024167561761546724,0.004816697886004816,0.63,42399,4,3715,9,20,1,74304
stage5_lightgbm_raw_gpu,lightgbm,raw,gpu,valid,fn20_fp1,20:1,0.7641809727961154,0.2569212584816172,0.7777777777777778,0.0018796992481203006,0.003750334851326011,0.64,42401,2,3717,7,20,1,74342
stage5_lightgbm_raw_gpu,lightgbm,raw,gpu,valid,fn20_fp1,20:1,0.7641809727961154,0.2569212584816172,0.75,0.001611170784103115,0.003215434083601286,0.65,42401,2,3718,6,20,1,74362
stage5_lightgbm_raw_gpu,lightgbm,raw,gpu,valid,fn20_fp1,20:1,0.7641809727961154,0.2569212584816172,0.75,0.001611170784103115,0.003215434083601286,0.66,42401,2,3718,6,20,1,74362
stage5_lightgbm_raw_gpu,lightgbm,raw,gpu,valid,fn20_fp1,20:1,0.7641809727961154,0.2569212584816172,0.7142857142857143,0.0013426423200859291,0.002680246582685607,0.67,42401,2,3719,5,20,1,74382
stage5_lightgbm_raw_gpu,lightgbm,raw,gpu,valid,fn20_fp1,20:1,0.7641809727961154,0.2569212584816172,0.6,0.0008055853920515575,0.0016090104585679806,0.68,42401,2,3721,3,20,1,74422
stage5_lightgbm_raw_gpu,lightgbm,raw,gpu,valid,fn20_fp1,20:1,0.7641809727961154,0.2569212584816172,0.5,0.0005370569280343716,0.001072961373390558,0.69,42401,2,3722,2,20,1,74442
stage5_lightgbm_raw_gpu,lightgbm,raw,gpu,valid,fn20_fp1,20:1,0.7641809727961154,0.2569212584816172,0.3333333333333333,0.0002685284640171858,0.0005366246310705661,0.7,42401,2,3723,1,20,1,74462
stage5_lightgbm_raw_gpu,lightgbm,raw,gpu,valid,fn20_fp1,20:1,0.7641809727961154,0.2569212584816172,0.0,0.0,0.0,0.71,42401,2,3724,0,20,1,74482
stage5_lightgbm_raw_gpu,lightgbm,raw,gpu,valid,fn20_fp1,20:1,0.7641809727961154,0.2569212584816172,0.0,0.0,0.0,0.72,42401,2,3724,0,20,1,74482
stage5_lightgbm_raw_gpu,lightgbm,raw,gpu,valid,fn20_fp1,20:1,0.7641809727961154,0.2569212584816172,0.0,0.0,0.0,0.73,42402,1,3724,0,20,1,74481
stage5_lightgbm_raw_gpu,lightgbm,raw,gpu,valid,fn20_fp1,20:1,0.7641809727961154,0.2569212584816172,0.0,0.0,0.0,0.74,42402,1,3724,0,20,1,74481
stage5_lightgbm_raw_gpu,lightgbm,raw,gpu,valid,fn20_fp1,20:1,0.7641809727961154,0.2569212584816172,0.0,0.0,0.0,0.75,42403,0,3724,0,20,1,74480
stage5_lightgbm_raw_gpu,lightgbm,raw,gpu,valid,fn20_fp1,20:1,0.7641809727961154,0.2569212584816172,0.0,0.0,0.0,0.76,42403,0,3724,0,20,1,74480
stage5_lightgbm_raw_gpu,lightgbm,raw,gpu,valid,fn20_fp1,20:1,0.7641809727961154,0.2569212584816172,0.0,0.0,0.0,0.77,42403,0,3724,0,20,1,74480
stage5_lightgbm_raw_gpu,lightgbm,raw,gpu,valid,fn20_fp1,20:1,0.7641809727961154,0.2569212584816172,0.0,0.0,0.0,0.78,42403,0,3724,0,20,1,74480
stage5_lightgbm_raw_gpu,lightgbm,raw,gpu,valid,fn20_fp1,20:1,0.7641809727961154,0.2569212584816172,0.0,0.0,0.0,0.79,42403,0,3724,0,20,1,74480
stage5_lightgbm_raw_gpu,lightgbm,raw,gpu,valid,fn20_fp1,20:1,0.7641809727961154,0.2569212584816172,0.0,0.0,0.0,0.8,42403,0,3724,0,20,1,74480
stage5_lightgbm_raw_gpu,lightgbm,raw,gpu,valid,fn20_fp1,20:1,0.7641809727961154,0.2569212584816172,0.0,0.0,0.0,0.81,42403,0,3724,0,20,1,74480
stage5_lightgbm_raw_gpu,lightgbm,raw,gpu,valid,fn20_fp1,20:1,0.7641809727961154,0.2569212584816172,0.0,0.0,0.0,0.82,42403,0,3724,0,20,1,74480
stage5_lightgbm_raw_gpu,lightgbm,raw,gpu,valid,fn20_fp1,20:1,0.7641809727961154,0.2569212584816172,0.0,0.0,0.0,0.83,42403,0,3724,0,20,1,74480
stage5_lightgbm_raw_gpu,lightgbm,raw,gpu,valid,fn20_fp1,20:1,0.7641809727961154,0.2569212584816172,0.0,0.0,0.0,0.84,42403,0,3724,0,20,1,74480
stage5_lightgbm_raw_gpu,lightgbm,raw,gpu,valid,fn20_fp1,20:1,0.7641809727961154,0.2569212584816172,0.0,0.0,0.0,0.85,42403,0,3724,0,20,1,74480
stage5_lightgbm_raw_gpu,lightgbm,raw,gpu,valid,fn20_fp1,20:1,0.7641809727961154,0.2569212584816172,0.0,0.0,0.0,0.86,42403,0,3724,0,20,1,74480
stage5_lightgbm_raw_gpu,lightgbm,raw,gpu,valid,fn20_fp1,20:1,0.7641809727961154,0.2569212584816172,0.0,0.0,0.0,0.87,42403,0,3724,0,20,1,74480
stage5_lightgbm_raw_gpu,lightgbm,raw,gpu,valid,fn20_fp1,20:1,0.7641809727961154,0.2569212584816172,0.0,0.0,0.0,0.88,42403,0,3724,0,20,1,74480
stage5_lightgbm_raw_gpu,lightgbm,raw,gpu,valid,fn20_fp1,20:1,0.7641809727961154,0.2569212584816172,0.0,0.0,0.0,0.89,42403,0,3724,0,20,1,74480
stage5_lightgbm_raw_gpu,lightgbm,raw,gpu,valid,fn20_fp1,20:1,0.7641809727961154,0.2569212584816172,0.0,0.0,0.0,0.9,42403,0,3724,0,20,1,74480
stage5_lightgbm_raw_gpu,lightgbm,raw,gpu,valid,fn20_fp1,20:1,0.7641809727961154,0.2569212584816172,0.0,0.0,0.0,0.91,42403,0,3724,0,20,1,74480
stage5_lightgbm_raw_gpu,lightgbm,raw,gpu,valid,fn20_fp1,20:1,0.7641809727961154,0.2569212584816172,0.0,0.0,0.0,0.92,42403,0,3724,0,20,1,74480
stage5_lightgbm_raw_gpu,lightgbm,raw,gpu,valid,fn20_fp1,20:1,0.7641809727961154,0.2569212584816172,0.0,0.0,0.0,0.93,42403,0,3724,0,20,1,74480
stage5_lightgbm_raw_gpu,lightgbm,raw,gpu,valid,fn20_fp1,20:1,0.7641809727961154,0.2569212584816172,0.0,0.0,0.0,0.94,42403,0,3724,0,20,1,74480
stage5_lightgbm_raw_gpu,lightgbm,raw,gpu,valid,fn20_fp1,20:1,0.7641809727961154,0.2569212584816172,0.0,0.0,0.0,0.95,42403,0,3724,0,20,1,74480
stage5_lightgbm_raw_gpu,lightgbm,raw,gpu,valid,fn20_fp1,20:1,0.7641809727961154,0.2569212584816172,0.0,0.0,0.0,0.96,42403,0,3724,0,20,1,74480
stage5_lightgbm_raw_gpu,lightgbm,raw,gpu,valid,fn20_fp1,20:1,0.7641809727961154,0.2569212584816172,0.0,0.0,0.0,0.97,42403,0,3724,0,20,1,74480
stage5_lightgbm_raw_gpu,lightgbm,raw,gpu,valid,fn20_fp1,20:1,0.7641809727961154,0.2569212584816172,0.0,0.0,0.0,0.98,42403,0,3724,0,20,1,74480
stage5_lightgbm_raw_gpu,lightgbm,raw,gpu,valid,fn20_fp1,20:1,0.7641809727961154,0.2569212584816172,0.0,0.0,0.0,0.99,42403,0,3724,0,20,1,74480
stage5_lightgbm_weighted_gpu,lightgbm,weighted,gpu,valid,fn5_fp1,5:1,0.7630270217033921,0.253741656635483,0.08074062831992715,1.0,0.14941721668305014,0.01,4,42399,0,3724,5,1,42399
stage5_lightgbm_weighted_gpu,lightgbm,weighted,gpu,valid,fn5_fp1,5:1,0.7630270217033921,0.253741656635483,0.08082584342842256,0.9997314715359829,0.1495601173020528,0.02,64,42339,1,3723,5,1,42344
stage5_lightgbm_weighted_gpu,lightgbm,weighted,gpu,valid,fn5_fp1,5:1,0.7630270217033921,0.253741656635483,0.08115885161205938,0.9997314715359829,0.15013004818839848,0.03,253,42150,1,3723,5,1,42155
stage5_lightgbm_weighted_gpu,lightgbm,weighted,gpu,valid,fn5_fp1,5:1,0.7630270217033921,0.253741656635483,0.08168952276467362,0.9997314715359829,0.15103754640053552,0.04,551,41852,1,3723,5,1,41857
stage5_lightgbm_weighted_gpu,lightgbm,weighted,gpu,valid,fn5_fp1,5:1,0.7630270217033921,0.253741656635483,0.08245983379501386,0.9991944146079484,0.15234702859833363,0.05,999,41404,3,3721,5,1,41419
stage5_lightgbm_weighted_gpu,lightgbm,weighted,gpu,valid,fn5_fp1,5:1,0.7630270217033921,0.253741656635483,0.08321753552377964,0.9970461868958109,0.1536138347606636,0.06,1498,40905,11,3713,5,1,40960
stage5_lightgbm_weighted_gpu,lightgbm,weighted,gpu,valid,fn5_fp1,5:1,0.7630270217033921,0.253741656635483,0.08426199681601092,0.9948979591836735,0.15536545477418542,0.07,2138,40265,19,3705,5,1,40360
stage5_lightgbm_weighted_gpu,lightgbm,weighted,gpu,valid,fn5_fp1,5:1,0.7630270217033921,0.253741656635483,0.08533179457587997,0.992749731471536,0.15715530617016302,0.08,2775,39628,27,3697,5,1,39763
stage5_lightgbm_weighted_gpu,lightgbm,weighted,gpu,valid,fn5_fp1,5:1,0.7630270217033921,0.253741656635483,0.08636267630424069,0.9881847475832438,0.15884320707888205,0.09,3472,38931,44,3680,5,1,39151
stage5_lightgbm_weighted_gpu,lightgbm,weighted,gpu,valid,fn5_fp1,5:1,0.7630270217033921,0.253741656635483,0.0877595393400712,0.9863050483351236,0.16117778704170962,0.1,4223,38180,51,3673,5,1,38435
stage5_lightgbm_weighted_gpu,lightgbm,weighted,gpu,valid,fn5_fp1,5:1,0.7630270217033921,0.253741656635483,0.08907563025210084,0.9820085929108485,0.16333549208334264,0.11,5005,37398,67,3657,5,1,37733
stage5_lightgbm_weighted_gpu,lightgbm,weighted,gpu,valid,fn5_fp1,5:1,0.7630270217033921,0.253741656635483,0.09061102831594635,0.9795918367346939,0.16587850127319026,0.12,5791,36612,76,3648,5,1,36992
stage5_lightgbm_weighted_gpu,lightgbm,weighted,gpu,valid,fn5_fp1,5:1,0.7630270217033921,0.253741656635483,0.09197354081658514,0.9744897959183674,0.16808318473402653,0.13,6575,35828,95,3629,5,1,36303
stage5_lightgbm_weighted_gpu,lightgbm,weighted,gpu,valid,fn5_fp1,5:1,0.7630270217033921,0.253741656635483,0.09344657051862976,0.9691192266380236,0.17045696068012753,0.14,7391,35012,115,3609,5,1,35587
stage5_lightgbm_weighted_gpu,lightgbm,weighted,gpu,valid,fn5_fp1,5:1,0.7630270217033921,0.253741656635483,0.0950579395735224,0.9648227712137487,0.17306488126776168,0.15,8198,34205,131,3593,5,1,34860
stage5_lightgbm_weighted_gpu,lightgbm,weighted,gpu,valid,fn5_fp1,5:1,0.7630270217033921,0.253741656635483,0.09657784390639794,0.9586466165413534,0.17547740175477403,0.16,9008,33395,154,3570,5,1,34165
stage5_lightgbm_weighted_gpu,lightgbm,weighted,gpu,valid,fn5_fp1,5:1,0.7630270217033921,0.253741656635483,0.09853964031368637,0.9548872180451128,0.1786440933410364,0.17,9872,32531,168,3556,5,1,33371
stage5_lightgbm_weighted_gpu,lightgbm,weighted,gpu,valid,fn5_fp1,5:1,0.7630270217033921,0.253741656635483,0.10043618648388376,0.952201933404941,0.18170637970791698,0.18,10643,31760,178,3546,5,1,32650
stage5_lightgbm_weighted_gpu,lightgbm,weighted,gpu,valid,fn5_fp1,5:1,0.7630270217033921,0.253741656635483,0.10244426381792847,0.9476369495166488,0.18489992664780466,0.19,11484,30919,195,3529,5,1,31894
stage5_lightgbm_weighted_gpu,lightgbm,weighted,gpu,valid,fn5_fp1,5:1,0.7630270217033921,0.253741656635483,0.10413011804585055,0.9403866809881848,0.18749832686387363,0.2,12274,30129,222,3502,5,1,31239
stage5_lightgbm_weighted_gpu,lightgbm,weighted,gpu,valid,fn5_fp1,5:1,0.7630270217033921,0.253741656635483,0.10612704793227358,0.9358216970998926,0.19063508560800832,0.21,13050,29353,239,3485,5,1,30548
stage5_lightgbm_weighted_gpu,lightgbm,weighted,gpu,valid,fn5_fp1,5:1,0.7630270217033921,0.253741656635483,0.10794106630041203,0.9285714285714286,0.19340044742729307,0.22,13825,28578,266,3458,5,1,29908
stage5_lightgbm_weighted_gpu,lightgbm,weighted,gpu,valid,fn5_fp1,5:1,0.7630270217033921,0.253741656635483,0.10974165252745142,0.920515574650913,0.19610423042819142,0.23,14594,27809,296,3428,5,1,29289
stage5_lightgbm_weighted_gpu,lightgbm,weighted,gpu,valid,fn5_fp1,5:1,0.7630270217033921,0.253741656635483,0.11148293963254594,0.9124597207303974,0.19869021167114959,0.24,15321,27082,326,3398,5,1,28712
stage5_lightgbm_weighted_gpu,lightgbm,weighted,gpu,valid,fn5_fp1,5:1,0.7630270217033921,0.253741656635483,0.11321008856113413,0.9027926960257787,0.201190868017115,0.25,16068,26335,362,3362,5,1,28145
stage5_lightgbm_weighted_gpu,lightgbm,weighted,gpu,valid,fn5_fp1,5:1,0.7630270217033921,0.253741656635483,0.1152928153862119,0.8950053705692803,0.20427174945607207,0.26,16827,25576,391,3333,5,1,27531
stage5_lightgbm_weighted_gpu,lightgbm,weighted,gpu,valid,fn5_fp1,5:1,0.7630270217033921,0.253741656635483,0.11717279346474871,0.885875402792696,0.20697010571222435,0.27,17547,24856,425,3299,5,1,26981
stage5_lightgbm_weighted_gpu,lightgbm,weighted,gpu,valid,fn5_fp1,5:1,0.7630270217033921,0.253741656635483,0.11920722821334888,0.878625134264232,0.20993199024765816,0.28,18227,24176,452,3272,5,1,26436
stage5_lightgbm_weighted_gpu,lightgbm,weighted,gpu,valid,fn5_fp1,5:1,0.7630270217033921,0.253741656635483,0.12147505422993492,0.8721804511278195,0.2132492942026131,0.29,18913,23490,476,3248,5,1,25870
stage5_lightgbm_weighted_gpu,lightgbm,weighted,gpu,valid,fn5_fp1,5:1,0.7630270217033921,0.253741656635483,0.12328030128352932,0.8614393125671321,0.21569286626773349,0.3,19589,22814,516,3208,5,1,25394
stage5_lightgbm_weighted_gpu,lightgbm,weighted,gpu,valid,fn5_fp1,5:1,0.7630270217033921,0.253741656635483,0.12578069412601786,0.8544575725026853,0.21928192405761146,0.31,20287,22116,542,3182,5,1,24826
stage5_lightgbm_weighted_gpu,lightgbm,weighted,gpu,valid,fn5_fp1,5:1,0.7630270217033921,0.253741656635483,0.12840530210620477,0.8480128893662728,0.22303835016597218,0.32,20967,21436,566,3158,5,1,24266
stage5_lightgbm_weighted_gpu,lightgbm,weighted,gpu,valid,fn5_fp1,5:1,0.7630270217033921,0.253741656635483,0.1302786015621737,0.8375402792696026,0.2254834628592084,0.33,21581,20822,605,3119,5,1,23847
stage5_lightgbm_weighted_gpu,lightgbm,weighted,gpu,valid,fn5_fp1,5:1,0.7630270217033921,0.253741656635483,0.132909762170516,0.8313641245972073,0.229180546302465,0.34,22205,20198,628,3096,5,1,23338
stage5_lightgbm_weighted_gpu,lightgbm,weighted,gpu,valid,fn5_fp1,5:1,0.7630270217033921,0.253741656635483,0.13529022290885015,0.8230397422126745,0.23238181887107168,0.35,22813,19590,659,3065,5,1,22885
stage5_lightgbm_weighted_gpu,lightgbm,weighted,gpu,valid,fn5_fp1,5:1,0.7630270217033921,0.253741656635483,0.13756204180137516,0.8112244897959183,0.23523457270780612,0.36,23463,18940,703,3021,5,1,22455
stage5_lightgbm_weighted_gpu,lightgbm,weighted,gpu,valid,fn5_fp1,5:1,0.7630270217033921,0.253741656635483,0.13997466097320632,0.8010204081632653,0.23830637108048733,0.37,24075,18328,741,2983,5,1,22033
stage5_lightgbm_weighted_gpu,lightgbm,weighted,gpu,valid,fn5_fp1,5:1,0.7630270217033921,0.253741656635483,0.1422501207146306,0.7910848549946294,0.24113939592371286,0.38,24639,17764,778,2946,5,1,21654
stage5_lightgbm_weighted_gpu,lightgbm,weighted,gpu,valid,fn5_fp1,5:1,0.7630270217033921,0.253741656635483,0.14486330362033764,0.7811493018259935,0.24440243646292795,0.39,25231,17172,815,2909,5,1,21247
stage5_lightgbm_weighted_gpu,lightgbm,weighted,gpu,valid,fn5_fp1,5:1,0.7630270217033921,0.253741656635483,0.14777161634832614,0.7728249194414608,0.24810344827586206,0.4,25805,16598,846,2878,5,1,20828
stage5_lightgbm_weighted_gpu,lightgbm,weighted,gpu,valid,fn5_fp1,5:1,0.7630270217033921,0.253741656635483,0.15078228586581807,0.7634264232008593,0.25182691881837105,0.41,26391,16012,881,2843,5,1,20417
stage5_lightgbm_weighted_gpu,lightgbm,weighted,gpu,valid,fn5_fp1,5:1,0.7630270217033921,0.253741656635483,0.15302491103202848,0.7505370569280344,0.2542180180999591,0.42,26933,15470,929,2795,5,1,20115
stage5_lightgbm_weighted_gpu,lightgbm,weighted,gpu,valid,fn5_fp1,5:1,0.7630270217033921,0.253741656635483,0.15560588901472253,0.7379162191192267,0.2570145903479237,0.43,27491,14912,976,2748,5,1,19792
stage5_lightgbm_weighted_gpu,lightgbm,weighted,gpu,valid,fn5_fp1,5:1,0.7630270217033921,0.253741656635483,0.15821560466615864,0.7247583243823845,0.2597315113313766,0.44,28043,14360,1025,2699,5,1,19485
stage5_lightgbm_weighted_gpu,lightgbm,weighted,gpu,valid,fn5_fp1,5:1,0.7630270217033921,0.253741656635483,0.16133139323390325,0.7145542427497314,0.26323078444950043,0.45,28570,13833,1063,2661,5,1,19148
stage5_lightgbm_weighted_gpu,lightgbm,weighted,gpu,valid,fn5_fp1,5:1,0.7630270217033921,0.253741656635483,0.16446172173804,0.7043501611170784,0.26665988918822753,0.46,29077,13326,1101,2623,5,1,18831
stage5_lightgbm_weighted_gpu,lightgbm,weighted,gpu,valid,fn5_fp1,5:1,0.7630270217033921,0.253741656635483,0.1674031713023135,0.6917293233082706,0.2695688572624529,0.47,29591,12812,1148,2576,5,1,18552
stage5_lightgbm_weighted_gpu,lightgbm,weighted,gpu,valid,fn5_fp1,5:1,0.7630270217033921,0.253741656635483,0.17065122230453228,0.6804511278195489,0.27286921875841275,0.48,30088,12315,1190,2534,5,1,18265
stage5_lightgbm_weighted_gpu,lightgbm,weighted,gpu,valid,fn5_fp1,5:1,0.7630270217033921,0.253741656635483,0.17353639793209447,0.6670247046186896,0.275418560816055,0.49,30573,11830,1240,2484,5,1,18030
stage5_lightgbm_weighted_gpu,lightgbm,weighted,gpu,valid,fn5_fp1,5:1,0.7630270217033921,0.253741656635483,0.17737845083689588,0.6573576799140709,0.2793723252496434,0.5,31050,11353,1276,2448,5,1,17733
stage5_lightgbm_weighted_gpu,lightgbm,weighted,gpu,valid,fn5_fp1,5:1,0.7630270217033921,0.253741656635483,0.1801401341068334,0.6420515574650913,0.2813437665470377,0.51,31521,10882,1333,2391,5,1,17547
stage5_lightgbm_weighted_gpu,lightgbm,weighted,gpu,valid,fn5_fp1,5:1,0.7630270217033921,0.253741656635483,0.18273832875637505,0.6254027926960258,0.28283441617584554,0.52,31987,10416,1395,2329,5,1,17391
stage5_lightgbm_weighted_gpu,lightgbm,weighted,gpu,valid,fn5_fp1,5:1,0.7630270217033921,0.253741656635483,0.18683114124663017,0.614124597207304,0.28650172251800815,0.53,32449,9954,1437,2287,5,1,17139
stage5_lightgbm_weighted_gpu,lightgbm,weighted,gpu,valid,fn5_fp1,5:1,0.7630270217033921,0.253741656635483,0.19059004354880027,0.5993555316863588,0.2892128279883382,0.54,32924,9479,1492,2232,5,1,16939
stage5_lightgbm_weighted_gpu,lightgbm,weighted,gpu,valid,fn5_fp1,5:1,0.7630270217033921,0.253741656635483,0.19451148654688477,0.5843179377013964,0.29186506605861445,0.55,33392,9011,1548,2176,5,1,16751
stage5_lightgbm_weighted_gpu,lightgbm,weighted,gpu,valid,fn5_fp1,5:1,0.7630270217033921,0.253741656635483,0.1981105602843513,0.5687432867883996,0.2938605619146722,0.56,33830,8573,1606,2118,5,1,16603
stage5_lightgbm_weighted_gpu,lightgbm,weighted,gpu,valid,fn5_fp1,5:1,0.7630270217033921,0.253741656635483,0.2027717711814429,0.5539742212674543,0.2968772485249676,0.57,34292,8111,1661,2063,5,1,16416
stage5_lightgbm_weighted_gpu,lightgbm,weighted,gpu,valid,fn5_fp1,5:1,0.7630270217033921,0.253741656635483,0.20745944829011262,0.5392051557465092,0.29963441020667014,0.58,34732,7671,1716,2008,5,1,16251
stage5_lightgbm_weighted_gpu,lightgbm,weighted,gpu,valid,fn5_fp1,5:1,0.7630270217033921,0.253741656635483,0.2120948444637807,0.5236305048335124,0.30190431955411057,0.59,35159,7244,1774,1950,5,1,16114
stage5_lightgbm_weighted_gpu,lightgbm,weighted,gpu,valid,fn5_fp1,5:1,0.7630270217033921,0.253741656635483,0.216958462066598,0.5091299677765844,0.30426061140977295,0.6,35560,6843,1828,1896,5,1,15983
stage5_lightgbm_weighted_gpu,lightgbm,weighted,gpu,valid,fn5_fp1,5:1,0.7630270217033921,0.253741656635483,0.2214960058097313,0.49140708915145004,0.30535624895711666,0.61,35971,6432,1894,1830,5,1,15902
stage5_lightgbm_weighted_gpu,lightgbm,weighted,gpu,valid,fn5_fp1,5:1,0.7630270217033921,0.253741656635483,0.2268001540238737,0.4744897959183674,0.3069040382110291,0.62,36379,6024,1957,1767,5,1,15809
stage5_lightgbm_weighted_gpu,lightgbm,weighted,gpu,valid,fn5_fp1,5:1,0.7630270217033921,0.253741656635483,0.23301630434782608,0.4605263157894737,0.30945507037170694,0.63,36758,5645,2009,1715,5,1,15690
stage5_lightgbm_weighted_gpu,lightgbm,weighted,gpu,valid,fn5_fp1,5:1,0.7630270217033921,0.253741656635483,0.23960282054971938,0.4470998925886144,0.31200224866485526,0.64,37119,5284,2059,1665,5,1,15579
stage5_lightgbm_weighted_gpu,lightgbm,weighted,gpu,valid,fn5_fp1,5:1,0.7630270217033921,0.253741656635483,0.2470389170896785,0.4312567132116004,0.3141320293398533,0.65,37508,4895,2118,1606,5,1,15485
stage5_lightgbm_weighted_gpu,lightgbm,weighted,gpu,valid,fn5_fp1,5:1,0.7630270217033921,0.253741656635483,0.2549084309519881,0.4148764769065521,0.3157894736842105,0.66,37887,4516,2179,1545,5,1,15411
stage5_lightgbm_weighted_gpu,lightgbm,weighted,gpu,valid,fn5_fp1,5:1,0.7630270217033921,0.253741656635483,0.26165757522435334,0.3993018259935553,0.3161475496970341,0.67,38207,4196,2237,1487,5,1,15381
stage5_lightgbm_weighted_gpu,lightgbm,weighted,gpu,valid,fn5_fp1,5:1,0.7630270217033921,0.253741656635483,0.2692526017029328,0.3821160042964554,0.3159063159063159,0.68,38541,3862,2301,1423,5,1,15367
stage5_lightgbm_weighted_gpu,lightgbm,weighted,gpu,valid,fn5_fp1,5:1,0.7630270217033921,0.253741656635483,0.27808471454880296,0.36493018259935556,0.315642782487516,0.69,38875,3528,2365,1359,5,1,15353
stage5_lightgbm_weighted_gpu,lightgbm,weighted,gpu,valid,fn5_fp1,5:1,0.7630270217033921,0.253741656635483,0.2876742642177473,0.34908700322234154,0.3154191435157103,0.7,39184,3219,2424,1300,5,1,15339
stage5_lightgbm_weighted_gpu,lightgbm,weighted,gpu,valid,fn5_fp1,5:1,0.7630270217033921,0.253741656635483,0.2968863142650253,0.33029001074113856,0.31269861446548874,0.71,39490,2913,2494,1230,5,1,15383
stage5_lightgbm_weighted_gpu,lightgbm,weighted,gpu,valid,fn5_fp1,5:1,0.7630270217033921,0.253741656635483,0.30935251798561153,0.31176154672395273,0.3105523605724221,0.72,39811,2592,2563,1161,5,1,15407
stage5_lightgbm_weighted_gpu,lightgbm,weighted,gpu,valid,fn5_fp1,5:1,0.7630270217033921,0.253741656635483,0.3221476510067114,0.2964554242749731,0.3087680044748986,0.73,40080,2323,2620,1104,5,1,15423
stage5_lightgbm_weighted_gpu,lightgbm,weighted,gpu,valid,fn5_fp1,5:1,0.7630270217033921,0.253741656635483,0.33170731707317075,0.2738990332975295,0.3000441241359023,0.74,40348,2055,2704,1020,5,1,15575
stage5_lightgbm_weighted_gpu,lightgbm,weighted,gpu,valid,fn5_fp1,5:1,0.7630270217033921,0.253741656635483,0.34479015918958034,0.2559076262083781,0.2937731196054254,0.75,40592,1811,2771,953,5,1,15666
stage5_lightgbm_weighted_gpu,lightgbm,weighted,gpu,valid,fn5_fp1,5:1,0.7630270217033921,0.253741656635483,0.3548915268112976,0.2328141783029001,0.28117399059510295,0.76,40827,1576,2857,867,5,1,15861
stage5_lightgbm_weighted_gpu,lightgbm,weighted,gpu,valid,fn5_fp1,5:1,0.7630270217033921,0.253741656635483,0.36450729927007297,0.21455424274973148,0.27011494252873564,0.77,41010,1393,2925,799,5,1,16018
stage5_lightgbm_weighted_gpu,lightgbm,weighted,gpu,valid,fn5_fp1,5:1,0.7630270217033921,0.253741656635483,0.3770319874147876,0.1930719656283566,0.2553720475936779,0.78,41215,1188,3005,719,5,1,16213
stage5_lightgbm_weighted_gpu,lightgbm,weighted,gpu,valid,fn5_fp1,5:1,0.7630270217033921,0.253741656635483,0.3873929008567931,0.1699785177228786,0.23628219484882418,0.79,41402,1001,3091,633,5,1,16456
stage5_lightgbm_weighted_gpu,lightgbm,weighted,gpu,valid,fn5_fp1,5:1,0.7630270217033921,0.253741656635483,0.40099361249112847,0.15171858216971,0.22014416520553282,0.8,41559,844,3159,565,5,1,16639
stage5_lightgbm_weighted_gpu,lightgbm,weighted,gpu,valid,fn5_fp1,5:1,0.7630270217033921,0.253741656635483,0.4131578947368421,0.1264769065520945,0.19366776315789475,0.81,41734,669,3253,471,5,1,16934
stage5_lightgbm_weighted_gpu,lightgbm,weighted,gpu,valid,fn5_fp1,5:1,0.7630270217033921,0.253741656635483,0.4216738197424893,0.10553168635875403,0.16881443298969073,0.82,41864,539,3331,393,5,1,17194
stage5_lightgbm_weighted_gpu,lightgbm,weighted,gpu,valid,fn5_fp1,5:1,0.7630270217033921,0.253741656635483,0.4350736278447122,0.08727175080558539,0.14538134645493178,0.83,41981,422,3399,325,5,1,17417
stage5_lightgbm_weighted_gpu,lightgbm,weighted,gpu,valid,fn5_fp1,5:1,0.7630270217033921,0.253741656635483,0.4557595993322204,0.07330827067669173,0.12630117973629423,0.84,42077,326,3451,273,5,1,17581
stage5_lightgbm_weighted_gpu,lightgbm,weighted,gpu,valid,fn5_fp1,5:1,0.7630270217033921,0.253741656635483,0.48043478260869565,0.059344790547798065,0.10564053537284895,0.85,42164,239,3503,221,5,1,17754
stage5_lightgbm_weighted_gpu,lightgbm,weighted,gpu,valid,fn5_fp1,5:1,0.7630270217033921,0.253741656635483,0.4744744744744745,0.04242749731471536,0.07789006655163914,0.86,42228,175,3566,158,5,1,18005
stage5_lightgbm_weighted_gpu,lightgbm,weighted,gpu,valid,fn5_fp1,5:1,0.7630270217033921,0.253741656635483,0.4957983193277311,0.03168635875402793,0.05956587582029278,0.87,42283,120,3606,118,5,1,18150
stage5_lightgbm_weighted_gpu,lightgbm,weighted,gpu,valid,fn5_fp1,5:1,0.7630270217033921,0.253741656635483,0.5414012738853503,0.022824919441460794,0.043803143519711416,0.88,42331,72,3639,85,5,1,18267
stage5_lightgbm_weighted_gpu,lightgbm,weighted,gpu,valid,fn5_fp1,5:1,0.7630270217033921,0.253741656635483,0.5543478260869565,0.013694951664876477,0.026729559748427674,0.89,42362,41,3673,51,5,1,18406
stage5_lightgbm_weighted_gpu,lightgbm,weighted,gpu,valid,fn5_fp1,5:1,0.7630270217033921,0.253741656635483,0.6041666666666666,0.007787325456498389,0.015376458112407211,0.9,42384,19,3695,29,5,1,18494
stage5_lightgbm_weighted_gpu,lightgbm,weighted,gpu,valid,fn5_fp1,5:1,0.7630270217033921,0.253741656635483,0.6666666666666666,0.004833512352309345,0.00959744068248467,0.91,42394,9,3706,18,5,1,18539
stage5_lightgbm_weighted_gpu,lightgbm,weighted,gpu,valid,fn5_fp1,5:1,0.7630270217033921,0.253741656635483,1.0,0.0005370569280343716,0.0010735373054213634,0.92,42403,0,3722,2,5,1,18610
stage5_lightgbm_weighted_gpu,lightgbm,weighted,gpu,valid,fn5_fp1,5:1,0.7630270217033921,0.253741656635483,1.0,0.0002685284640171858,0.0005369127516778523,0.93,42403,0,3723,1,5,1,18615
stage5_lightgbm_weighted_gpu,lightgbm,weighted,gpu,valid,fn5_fp1,5:1,0.7630270217033921,0.253741656635483,0.0,0.0,0.0,0.94,42403,0,3724,0,5,1,18620
stage5_lightgbm_weighted_gpu,lightgbm,weighted,gpu,valid,fn5_fp1,5:1,0.7630270217033921,0.253741656635483,0.0,0.0,0.0,0.95,42403,0,3724,0,5,1,18620
stage5_lightgbm_weighted_gpu,lightgbm,weighted,gpu,valid,fn5_fp1,5:1,0.7630270217033921,0.253741656635483,0.0,0.0,0.0,0.96,42403,0,3724,0,5,1,18620
stage5_lightgbm_weighted_gpu,lightgbm,weighted,gpu,valid,fn5_fp1,5:1,0.7630270217033921,0.253741656635483,0.0,0.0,0.0,0.97,42403,0,3724,0,5,1,18620
stage5_lightgbm_weighted_gpu,lightgbm,weighted,gpu,valid,fn5_fp1,5:1,0.7630270217033921,0.253741656635483,0.0,0.0,0.0,0.98,42403,0,3724,0,5,1,18620
stage5_lightgbm_weighted_gpu,lightgbm,weighted,gpu,valid,fn5_fp1,5:1,0.7630270217033921,0.253741656635483,0.0,0.0,0.0,0.99,42403,0,3724,0,5,1,18620
stage5_lightgbm_weighted_gpu,lightgbm,weighted,gpu,valid,fn10_fp1,10:1,0.7630270217033921,0.253741656635483,0.08074062831992715,1.0,0.14941721668305014,0.01,4,42399,0,3724,10,1,42399
stage5_lightgbm_weighted_gpu,lightgbm,weighted,gpu,valid,fn10_fp1,10:1,0.7630270217033921,0.253741656635483,0.08082584342842256,0.9997314715359829,0.1495601173020528,0.02,64,42339,1,3723,10,1,42349
stage5_lightgbm_weighted_gpu,lightgbm,weighted,gpu,valid,fn10_fp1,10:1,0.7630270217033921,0.253741656635483,0.08115885161205938,0.9997314715359829,0.15013004818839848,0.03,253,42150,1,3723,10,1,42160
stage5_lightgbm_weighted_gpu,lightgbm,weighted,gpu,valid,fn10_fp1,10:1,0.7630270217033921,0.253741656635483,0.08168952276467362,0.9997314715359829,0.15103754640053552,0.04,551,41852,1,3723,10,1,41862
stage5_lightgbm_weighted_gpu,lightgbm,weighted,gpu,valid,fn10_fp1,10:1,0.7630270217033921,0.253741656635483,0.08245983379501386,0.9991944146079484,0.15234702859833363,0.05,999,41404,3,3721,10,1,41434
stage5_lightgbm_weighted_gpu,lightgbm,weighted,gpu,valid,fn10_fp1,10:1,0.7630270217033921,0.253741656635483,0.08321753552377964,0.9970461868958109,0.1536138347606636,0.06,1498,40905,11,3713,10,1,41015
stage5_lightgbm_weighted_gpu,lightgbm,weighted,gpu,valid,fn10_fp1,10:1,0.7630270217033921,0.253741656635483,0.08426199681601092,0.9948979591836735,0.15536545477418542,0.07,2138,40265,19,3705,10,1,40455
stage5_lightgbm_weighted_gpu,lightgbm,weighted,gpu,valid,fn10_fp1,10:1,0.7630270217033921,0.253741656635483,0.08533179457587997,0.992749731471536,0.15715530617016302,0.08,2775,39628,27,3697,10,1,39898
stage5_lightgbm_weighted_gpu,lightgbm,weighted,gpu,valid,fn10_fp1,10:1,0.7630270217033921,0.253741656635483,0.08636267630424069,0.9881847475832438,0.15884320707888205,0.09,3472,38931,44,3680,10,1,39371
stage5_lightgbm_weighted_gpu,lightgbm,weighted,gpu,valid,fn10_fp1,10:1,0.7630270217033921,0.253741656635483,0.0877595393400712,0.9863050483351236,0.16117778704170962,0.1,4223,38180,51,3673,10,1,38690
stage5_lightgbm_weighted_gpu,lightgbm,weighted,gpu,valid,fn10_fp1,10:1,0.7630270217033921,0.253741656635483,0.08907563025210084,0.9820085929108485,0.16333549208334264,0.11,5005,37398,67,3657,10,1,38068
stage5_lightgbm_weighted_gpu,lightgbm,weighted,gpu,valid,fn10_fp1,10:1,0.7630270217033921,0.253741656635483,0.09061102831594635,0.9795918367346939,0.16587850127319026,0.12,5791,36612,76,3648,10,1,37372
stage5_lightgbm_weighted_gpu,lightgbm,weighted,gpu,valid,fn10_fp1,10:1,0.7630270217033921,0.253741656635483,0.09197354081658514,0.9744897959183674,0.16808318473402653,0.13,6575,35828,95,3629,10,1,36778
stage5_lightgbm_weighted_gpu,lightgbm,weighted,gpu,valid,fn10_fp1,10:1,0.7630270217033921,0.253741656635483,0.09344657051862976,0.9691192266380236,0.17045696068012753,0.14,7391,35012,115,3609,10,1,36162
stage5_lightgbm_weighted_gpu,lightgbm,weighted,gpu,valid,fn10_fp1,10:1,0.7630270217033921,0.253741656635483,0.0950579395735224,0.9648227712137487,0.17306488126776168,0.15,8198,34205,131,3593,10,1,35515
stage5_lightgbm_weighted_gpu,lightgbm,weighted,gpu,valid,fn10_fp1,10:1,0.7630270217033921,0.253741656635483,0.09657784390639794,0.9586466165413534,0.17547740175477403,0.16,9008,33395,154,3570,10,1,34935
stage5_lightgbm_weighted_gpu,lightgbm,weighted,gpu,valid,fn10_fp1,10:1,0.7630270217033921,0.253741656635483,0.09853964031368637,0.9548872180451128,0.1786440933410364,0.17,9872,32531,168,3556,10,1,34211
stage5_lightgbm_weighted_gpu,lightgbm,weighted,gpu,valid,fn10_fp1,10:1,0.7630270217033921,0.253741656635483,0.10043618648388376,0.952201933404941,0.18170637970791698,0.18,10643,31760,178,3546,10,1,33540
stage5_lightgbm_weighted_gpu,lightgbm,weighted,gpu,valid,fn10_fp1,10:1,0.7630270217033921,0.253741656635483,0.10244426381792847,0.9476369495166488,0.18489992664780466,0.19,11484,30919,195,3529,10,1,32869
stage5_lightgbm_weighted_gpu,lightgbm,weighted,gpu,valid,fn10_fp1,10:1,0.7630270217033921,0.253741656635483,0.10413011804585055,0.9403866809881848,0.18749832686387363,0.2,12274,30129,222,3502,10,1,32349
stage5_lightgbm_weighted_gpu,lightgbm,weighted,gpu,valid,fn10_fp1,10:1,0.7630270217033921,0.253741656635483,0.10612704793227358,0.9358216970998926,0.19063508560800832,0.21,13050,29353,239,3485,10,1,31743
stage5_lightgbm_weighted_gpu,lightgbm,weighted,gpu,valid,fn10_fp1,10:1,0.7630270217033921,0.253741656635483,0.10794106630041203,0.9285714285714286,0.19340044742729307,0.22,13825,28578,266,3458,10,1,31238
stage5_lightgbm_weighted_gpu,lightgbm,weighted,gpu,valid,fn10_fp1,10:1,0.7630270217033921,0.253741656635483,0.10974165252745142,0.920515574650913,0.19610423042819142,0.23,14594,27809,296,3428,10,1,30769
stage5_lightgbm_weighted_gpu,lightgbm,weighted,gpu,valid,fn10_fp1,10:1,0.7630270217033921,0.253741656635483,0.11148293963254594,0.9124597207303974,0.19869021167114959,0.24,15321,27082,326,3398,10,1,30342
stage5_lightgbm_weighted_gpu,lightgbm,weighted,gpu,valid,fn10_fp1,10:1,0.7630270217033921,0.253741656635483,0.11321008856113413,0.9027926960257787,0.201190868017115,0.25,16068,26335,362,3362,10,1,29955
stage5_lightgbm_weighted_gpu,lightgbm,weighted,gpu,valid,fn10_fp1,10:1,0.7630270217033921,0.253741656635483,0.1152928153862119,0.8950053705692803,0.20427174945607207,0.26,16827,25576,391,3333,10,1,29486
stage5_lightgbm_weighted_gpu,lightgbm,weighted,gpu,valid,fn10_fp1,10:1,0.7630270217033921,0.253741656635483,0.11717279346474871,0.885875402792696,0.20697010571222435,0.27,17547,24856,425,3299,10,1,29106
stage5_lightgbm_weighted_gpu,lightgbm,weighted,gpu,valid,fn10_fp1,10:1,0.7630270217033921,0.253741656635483,0.11920722821334888,0.878625134264232,0.20993199024765816,0.28,18227,24176,452,3272,10,1,28696
stage5_lightgbm_weighted_gpu,lightgbm,weighted,gpu,valid,fn10_fp1,10:1,0.7630270217033921,0.253741656635483,0.12147505422993492,0.8721804511278195,0.2132492942026131,0.29,18913,23490,476,3248,10,1,28250
stage5_lightgbm_weighted_gpu,lightgbm,weighted,gpu,valid,fn10_fp1,10:1,0.7630270217033921,0.253741656635483,0.12328030128352932,0.8614393125671321,0.21569286626773349,0.3,19589,22814,516,3208,10,1,27974
stage5_lightgbm_weighted_gpu,lightgbm,weighted,gpu,valid,fn10_fp1,10:1,0.7630270217033921,0.253741656635483,0.12578069412601786,0.8544575725026853,0.21928192405761146,0.31,20287,22116,542,3182,10,1,27536
stage5_lightgbm_weighted_gpu,lightgbm,weighted,gpu,valid,fn10_fp1,10:1,0.7630270217033921,0.253741656635483,0.12840530210620477,0.8480128893662728,0.22303835016597218,0.32,20967,21436,566,3158,10,1,27096
stage5_lightgbm_weighted_gpu,lightgbm,weighted,gpu,valid,fn10_fp1,10:1,0.7630270217033921,0.253741656635483,0.1302786015621737,0.8375402792696026,0.2254834628592084,0.33,21581,20822,605,3119,10,1,26872
stage5_lightgbm_weighted_gpu,lightgbm,weighted,gpu,valid,fn10_fp1,10:1,0.7630270217033921,0.253741656635483,0.132909762170516,0.8313641245972073,0.229180546302465,0.34,22205,20198,628,3096,10,1,26478
stage5_lightgbm_weighted_gpu,lightgbm,weighted,gpu,valid,fn10_fp1,10:1,0.7630270217033921,0.253741656635483,0.13529022290885015,0.8230397422126745,0.23238181887107168,0.35,22813,19590,659,3065,10,1,26180
stage5_lightgbm_weighted_gpu,lightgbm,weighted,gpu,valid,fn10_fp1,10:1,0.7630270217033921,0.253741656635483,0.13756204180137516,0.8112244897959183,0.23523457270780612,0.36,23463,18940,703,3021,10,1,25970
stage5_lightgbm_weighted_gpu,lightgbm,weighted,gpu,valid,fn10_fp1,10:1,0.7630270217033921,0.253741656635483,0.13997466097320632,0.8010204081632653,0.23830637108048733,0.37,24075,18328,741,2983,10,1,25738
stage5_lightgbm_weighted_gpu,lightgbm,weighted,gpu,valid,fn10_fp1,10:1,0.7630270217033921,0.253741656635483,0.1422501207146306,0.7910848549946294,0.24113939592371286,0.38,24639,17764,778,2946,10,1,25544
stage5_lightgbm_weighted_gpu,lightgbm,weighted,gpu,valid,fn10_fp1,10:1,0.7630270217033921,0.253741656635483,0.14486330362033764,0.7811493018259935,0.24440243646292795,0.39,25231,17172,815,2909,10,1,25322
stage5_lightgbm_weighted_gpu,lightgbm,weighted,gpu,valid,fn10_fp1,10:1,0.7630270217033921,0.253741656635483,0.14777161634832614,0.7728249194414608,0.24810344827586206,0.4,25805,16598,846,2878,10,1,25058
stage5_lightgbm_weighted_gpu,lightgbm,weighted,gpu,valid,fn10_fp1,10:1,0.7630270217033921,0.253741656635483,0.15078228586581807,0.7634264232008593,0.25182691881837105,0.41,26391,16012,881,2843,10,1,24822
stage5_lightgbm_weighted_gpu,lightgbm,weighted,gpu,valid,fn10_fp1,10:1,0.7630270217033921,0.253741656635483,0.15302491103202848,0.7505370569280344,0.2542180180999591,0.42,26933,15470,929,2795,10,1,24760
stage5_lightgbm_weighted_gpu,lightgbm,weighted,gpu,valid,fn10_fp1,10:1,0.7630270217033921,0.253741656635483,0.15560588901472253,0.7379162191192267,0.2570145903479237,0.43,27491,14912,976,2748,10,1,24672
stage5_lightgbm_weighted_gpu,lightgbm,weighted,gpu,valid,fn10_fp1,10:1,0.7630270217033921,0.253741656635483,0.15821560466615864,0.7247583243823845,0.2597315113313766,0.44,28043,14360,1025,2699,10,1,24610
stage5_lightgbm_weighted_gpu,lightgbm,weighted,gpu,valid,fn10_fp1,10:1,0.7630270217033921,0.253741656635483,0.16133139323390325,0.7145542427497314,0.26323078444950043,0.45,28570,13833,1063,2661,10,1,24463
stage5_lightgbm_weighted_gpu,lightgbm,weighted,gpu,valid,fn10_fp1,10:1,0.7630270217033921,0.253741656635483,0.16446172173804,0.7043501611170784,0.26665988918822753,0.46,29077,13326,1101,2623,10,1,24336
stage5_lightgbm_weighted_gpu,lightgbm,weighted,gpu,valid,fn10_fp1,10:1,0.7630270217033921,0.253741656635483,0.1674031713023135,0.6917293233082706,0.2695688572624529,0.47,29591,12812,1148,2576,10,1,24292
stage5_lightgbm_weighted_gpu,lightgbm,weighted,gpu,valid,fn10_fp1,10:1,0.7630270217033921,0.253741656635483,0.17065122230453228,0.6804511278195489,0.27286921875841275,0.48,30088,12315,1190,2534,10,1,24215
stage5_lightgbm_weighted_gpu,lightgbm,weighted,gpu,valid,fn10_fp1,10:1,0.7630270217033921,0.253741656635483,0.17353639793209447,0.6670247046186896,0.275418560816055,0.49,30573,11830,1240,2484,10,1,24230
stage5_lightgbm_weighted_gpu,lightgbm,weighted,gpu,valid,fn10_fp1,10:1,0.7630270217033921,0.253741656635483,0.17737845083689588,0.6573576799140709,0.2793723252496434,0.5,31050,11353,1276,2448,10,1,24113
stage5_lightgbm_weighted_gpu,lightgbm,weighted,gpu,valid,fn10_fp1,10:1,0.7630270217033921,0.253741656635483,0.1801401341068334,0.6420515574650913,0.2813437665470377,0.51,31521,10882,1333,2391,10,1,24212
stage5_lightgbm_weighted_gpu,lightgbm,weighted,gpu,valid,fn10_fp1,10:1,0.7630270217033921,0.253741656635483,0.18273832875637505,0.6254027926960258,0.28283441617584554,0.52,31987,10416,1395,2329,10,1,24366
stage5_lightgbm_weighted_gpu,lightgbm,weighted,gpu,valid,fn10_fp1,10:1,0.7630270217033921,0.253741656635483,0.18683114124663017,0.614124597207304,0.28650172251800815,0.53,32449,9954,1437,2287,10,1,24324
stage5_lightgbm_weighted_gpu,lightgbm,weighted,gpu,valid,fn10_fp1,10:1,0.7630270217033921,0.253741656635483,0.19059004354880027,0.5993555316863588,0.2892128279883382,0.54,32924,9479,1492,2232,10,1,24399
stage5_lightgbm_weighted_gpu,lightgbm,weighted,gpu,valid,fn10_fp1,10:1,0.7630270217033921,0.253741656635483,0.19451148654688477,0.5843179377013964,0.29186506605861445,0.55,33392,9011,1548,2176,10,1,24491
stage5_lightgbm_weighted_gpu,lightgbm,weighted,gpu,valid,fn10_fp1,10:1,0.7630270217033921,0.253741656635483,0.1981105602843513,0.5687432867883996,0.2938605619146722,0.56,33830,8573,1606,2118,10,1,24633
stage5_lightgbm_weighted_gpu,lightgbm,weighted,gpu,valid,fn10_fp1,10:1,0.7630270217033921,0.253741656635483,0.2027717711814429,0.5539742212674543,0.2968772485249676,0.57,34292,8111,1661,2063,10,1,24721
stage5_lightgbm_weighted_gpu,lightgbm,weighted,gpu,valid,fn10_fp1,10:1,0.7630270217033921,0.253741656635483,0.20745944829011262,0.5392051557465092,0.29963441020667014,0.58,34732,7671,1716,2008,10,1,24831
stage5_lightgbm_weighted_gpu,lightgbm,weighted,gpu,valid,fn10_fp1,10:1,0.7630270217033921,0.253741656635483,0.2120948444637807,0.5236305048335124,0.30190431955411057,0.59,35159,7244,1774,1950,10,1,24984
stage5_lightgbm_weighted_gpu,lightgbm,weighted,gpu,valid,fn10_fp1,10:1,0.7630270217033921,0.253741656635483,0.216958462066598,0.5091299677765844,0.30426061140977295,0.6,35560,6843,1828,1896,10,1,25123
stage5_lightgbm_weighted_gpu,lightgbm,weighted,gpu,valid,fn10_fp1,10:1,0.7630270217033921,0.253741656635483,0.2214960058097313,0.49140708915145004,0.30535624895711666,0.61,35971,6432,1894,1830,10,1,25372
stage5_lightgbm_weighted_gpu,lightgbm,weighted,gpu,valid,fn10_fp1,10:1,0.7630270217033921,0.253741656635483,0.2268001540238737,0.4744897959183674,0.3069040382110291,0.62,36379,6024,1957,1767,10,1,25594
stage5_lightgbm_weighted_gpu,lightgbm,weighted,gpu,valid,fn10_fp1,10:1,0.7630270217033921,0.253741656635483,0.23301630434782608,0.4605263157894737,0.30945507037170694,0.63,36758,5645,2009,1715,10,1,25735
stage5_lightgbm_weighted_gpu,lightgbm,weighted,gpu,valid,fn10_fp1,10:1,0.7630270217033921,0.253741656635483,0.23960282054971938,0.4470998925886144,0.31200224866485526,0.64,37119,5284,2059,1665,10,1,25874
stage5_lightgbm_weighted_gpu,lightgbm,weighted,gpu,valid,fn10_fp1,10:1,0.7630270217033921,0.253741656635483,0.2470389170896785,0.4312567132116004,0.3141320293398533,0.65,37508,4895,2118,1606,10,1,26075
stage5_lightgbm_weighted_gpu,lightgbm,weighted,gpu,valid,fn10_fp1,10:1,0.7630270217033921,0.253741656635483,0.2549084309519881,0.4148764769065521,0.3157894736842105,0.66,37887,4516,2179,1545,10,1,26306
stage5_lightgbm_weighted_gpu,lightgbm,weighted,gpu,valid,fn10_fp1,10:1,0.7630270217033921,0.253741656635483,0.26165757522435334,0.3993018259935553,0.3161475496970341,0.67,38207,4196,2237,1487,10,1,26566
stage5_lightgbm_weighted_gpu,lightgbm,weighted,gpu,valid,fn10_fp1,10:1,0.7630270217033921,0.253741656635483,0.2692526017029328,0.3821160042964554,0.3159063159063159,0.68,38541,3862,2301,1423,10,1,26872
stage5_lightgbm_weighted_gpu,lightgbm,weighted,gpu,valid,fn10_fp1,10:1,0.7630270217033921,0.253741656635483,0.27808471454880296,0.36493018259935556,0.315642782487516,0.69,38875,3528,2365,1359,10,1,27178
stage5_lightgbm_weighted_gpu,lightgbm,weighted,gpu,valid,fn10_fp1,10:1,0.7630270217033921,0.253741656635483,0.2876742642177473,0.34908700322234154,0.3154191435157103,0.7,39184,3219,2424,1300,10,1,27459
stage5_lightgbm_weighted_gpu,lightgbm,weighted,gpu,valid,fn10_fp1,10:1,0.7630270217033921,0.253741656635483,0.2968863142650253,0.33029001074113856,0.31269861446548874,0.71,39490,2913,2494,1230,10,1,27853
stage5_lightgbm_weighted_gpu,lightgbm,weighted,gpu,valid,fn10_fp1,10:1,0.7630270217033921,0.253741656635483,0.30935251798561153,0.31176154672395273,0.3105523605724221,0.72,39811,2592,2563,1161,10,1,28222
stage5_lightgbm_weighted_gpu,lightgbm,weighted,gpu,valid,fn10_fp1,10:1,0.7630270217033921,0.253741656635483,0.3221476510067114,0.2964554242749731,0.3087680044748986,0.73,40080,2323,2620,1104,10,1,28523
stage5_lightgbm_weighted_gpu,lightgbm,weighted,gpu,valid,fn10_fp1,10:1,0.7630270217033921,0.253741656635483,0.33170731707317075,0.2738990332975295,0.3000441241359023,0.74,40348,2055,2704,1020,10,1,29095
stage5_lightgbm_weighted_gpu,lightgbm,weighted,gpu,valid,fn10_fp1,10:1,0.7630270217033921,0.253741656635483,0.34479015918958034,0.2559076262083781,0.2937731196054254,0.75,40592,1811,2771,953,10,1,29521
stage5_lightgbm_weighted_gpu,lightgbm,weighted,gpu,valid,fn10_fp1,10:1,0.7630270217033921,0.253741656635483,0.3548915268112976,0.2328141783029001,0.28117399059510295,0.76,40827,1576,2857,867,10,1,30146
stage5_lightgbm_weighted_gpu,lightgbm,weighted,gpu,valid,fn10_fp1,10:1,0.7630270217033921,0.253741656635483,0.36450729927007297,0.21455424274973148,0.27011494252873564,0.77,41010,1393,2925,799,10,1,30643
stage5_lightgbm_weighted_gpu,lightgbm,weighted,gpu,valid,fn10_fp1,10:1,0.7630270217033921,0.253741656635483,0.3770319874147876,0.1930719656283566,0.2553720475936779,0.78,41215,1188,3005,719,10,1,31238
stage5_lightgbm_weighted_gpu,lightgbm,weighted,gpu,valid,fn10_fp1,10:1,0.7630270217033921,0.253741656635483,0.3873929008567931,0.1699785177228786,0.23628219484882418,0.79,41402,1001,3091,633,10,1,31911
stage5_lightgbm_weighted_gpu,lightgbm,weighted,gpu,valid,fn10_fp1,10:1,0.7630270217033921,0.253741656635483,0.40099361249112847,0.15171858216971,0.22014416520553282,0.8,41559,844,3159,565,10,1,32434
stage5_lightgbm_weighted_gpu,lightgbm,weighted,gpu,valid,fn10_fp1,10:1,0.7630270217033921,0.253741656635483,0.4131578947368421,0.1264769065520945,0.19366776315789475,0.81,41734,669,3253,471,10,1,33199
stage5_lightgbm_weighted_gpu,lightgbm,weighted,gpu,valid,fn10_fp1,10:1,0.7630270217033921,0.253741656635483,0.4216738197424893,0.10553168635875403,0.16881443298969073,0.82,41864,539,3331,393,10,1,33849
stage5_lightgbm_weighted_gpu,lightgbm,weighted,gpu,valid,fn10_fp1,10:1,0.7630270217033921,0.253741656635483,0.4350736278447122,0.08727175080558539,0.14538134645493178,0.83,41981,422,3399,325,10,1,34412
stage5_lightgbm_weighted_gpu,lightgbm,weighted,gpu,valid,fn10_fp1,10:1,0.7630270217033921,0.253741656635483,0.4557595993322204,0.07330827067669173,0.12630117973629423,0.84,42077,326,3451,273,10,1,34836
stage5_lightgbm_weighted_gpu,lightgbm,weighted,gpu,valid,fn10_fp1,10:1,0.7630270217033921,0.253741656635483,0.48043478260869565,0.059344790547798065,0.10564053537284895,0.85,42164,239,3503,221,10,1,35269
stage5_lightgbm_weighted_gpu,lightgbm,weighted,gpu,valid,fn10_fp1,10:1,0.7630270217033921,0.253741656635483,0.4744744744744745,0.04242749731471536,0.07789006655163914,0.86,42228,175,3566,158,10,1,35835
stage5_lightgbm_weighted_gpu,lightgbm,weighted,gpu,valid,fn10_fp1,10:1,0.7630270217033921,0.253741656635483,0.4957983193277311,0.03168635875402793,0.05956587582029278,0.87,42283,120,3606,118,10,1,36180
stage5_lightgbm_weighted_gpu,lightgbm,weighted,gpu,valid,fn10_fp1,10:1,0.7630270217033921,0.253741656635483,0.5414012738853503,0.022824919441460794,0.043803143519711416,0.88,42331,72,3639,85,10,1,36462
stage5_lightgbm_weighted_gpu,lightgbm,weighted,gpu,valid,fn10_fp1,10:1,0.7630270217033921,0.253741656635483,0.5543478260869565,0.013694951664876477,0.026729559748427674,0.89,42362,41,3673,51,10,1,36771
stage5_lightgbm_weighted_gpu,lightgbm,weighted,gpu,valid,fn10_fp1,10:1,0.7630270217033921,0.253741656635483,0.6041666666666666,0.007787325456498389,0.015376458112407211,0.9,42384,19,3695,29,10,1,36969
stage5_lightgbm_weighted_gpu,lightgbm,weighted,gpu,valid,fn10_fp1,10:1,0.7630270217033921,0.253741656635483,0.6666666666666666,0.004833512352309345,0.00959744068248467,0.91,42394,9,3706,18,10,1,37069
stage5_lightgbm_weighted_gpu,lightgbm,weighted,gpu,valid,fn10_fp1,10:1,0.7630270217033921,0.253741656635483,1.0,0.0005370569280343716,0.0010735373054213634,0.92,42403,0,3722,2,10,1,37220
stage5_lightgbm_weighted_gpu,lightgbm,weighted,gpu,valid,fn10_fp1,10:1,0.7630270217033921,0.253741656635483,1.0,0.0002685284640171858,0.0005369127516778523,0.93,42403,0,3723,1,10,1,37230
stage5_lightgbm_weighted_gpu,lightgbm,weighted,gpu,valid,fn10_fp1,10:1,0.7630270217033921,0.253741656635483,0.0,0.0,0.0,0.94,42403,0,3724,0,10,1,37240
stage5_lightgbm_weighted_gpu,lightgbm,weighted,gpu,valid,fn10_fp1,10:1,0.7630270217033921,0.253741656635483,0.0,0.0,0.0,0.95,42403,0,3724,0,10,1,37240
stage5_lightgbm_weighted_gpu,lightgbm,weighted,gpu,valid,fn10_fp1,10:1,0.7630270217033921,0.253741656635483,0.0,0.0,0.0,0.96,42403,0,3724,0,10,1,37240
stage5_lightgbm_weighted_gpu,lightgbm,weighted,gpu,valid,fn10_fp1,10:1,0.7630270217033921,0.253741656635483,0.0,0.0,0.0,0.97,42403,0,3724,0,10,1,37240
stage5_lightgbm_weighted_gpu,lightgbm,weighted,gpu,valid,fn10_fp1,10:1,0.7630270217033921,0.253741656635483,0.0,0.0,0.0,0.98,42403,0,3724,0,10,1,37240
stage5_lightgbm_weighted_gpu,lightgbm,weighted,gpu,valid,fn10_fp1,10:1,0.7630270217033921,0.253741656635483,0.0,0.0,0.0,0.99,42403,0,3724,0,10,1,37240
stage5_lightgbm_weighted_gpu,lightgbm,weighted,gpu,valid,fn20_fp1,20:1,0.7630270217033921,0.253741656635483,0.08074062831992715,1.0,0.14941721668305014,0.01,4,42399,0,3724,20,1,42399
stage5_lightgbm_weighted_gpu,lightgbm,weighted,gpu,valid,fn20_fp1,20:1,0.7630270217033921,0.253741656635483,0.08082584342842256,0.9997314715359829,0.1495601173020528,0.02,64,42339,1,3723,20,1,42359
stage5_lightgbm_weighted_gpu,lightgbm,weighted,gpu,valid,fn20_fp1,20:1,0.7630270217033921,0.253741656635483,0.08115885161205938,0.9997314715359829,0.15013004818839848,0.03,253,42150,1,3723,20,1,42170
stage5_lightgbm_weighted_gpu,lightgbm,weighted,gpu,valid,fn20_fp1,20:1,0.7630270217033921,0.253741656635483,0.08168952276467362,0.9997314715359829,0.15103754640053552,0.04,551,41852,1,3723,20,1,41872
stage5_lightgbm_weighted_gpu,lightgbm,weighted,gpu,valid,fn20_fp1,20:1,0.7630270217033921,0.253741656635483,0.08245983379501386,0.9991944146079484,0.15234702859833363,0.05,999,41404,3,3721,20,1,41464
stage5_lightgbm_weighted_gpu,lightgbm,weighted,gpu,valid,fn20_fp1,20:1,0.7630270217033921,0.253741656635483,0.08321753552377964,0.9970461868958109,0.1536138347606636,0.06,1498,40905,11,3713,20,1,41125
stage5_lightgbm_weighted_gpu,lightgbm,weighted,gpu,valid,fn20_fp1,20:1,0.7630270217033921,0.253741656635483,0.08426199681601092,0.9948979591836735,0.15536545477418542,0.07,2138,40265,19,3705,20,1,40645
stage5_lightgbm_weighted_gpu,lightgbm,weighted,gpu,valid,fn20_fp1,20:1,0.7630270217033921,0.253741656635483,0.08533179457587997,0.992749731471536,0.15715530617016302,0.08,2775,39628,27,3697,20,1,40168
stage5_lightgbm_weighted_gpu,lightgbm,weighted,gpu,valid,fn20_fp1,20:1,0.7630270217033921,0.253741656635483,0.08636267630424069,0.9881847475832438,0.15884320707888205,0.09,3472,38931,44,3680,20,1,39811
stage5_lightgbm_weighted_gpu,lightgbm,weighted,gpu,valid,fn20_fp1,20:1,0.7630270217033921,0.253741656635483,0.0877595393400712,0.9863050483351236,0.16117778704170962,0.1,4223,38180,51,3673,20,1,39200
stage5_lightgbm_weighted_gpu,lightgbm,weighted,gpu,valid,fn20_fp1,20:1,0.7630270217033921,0.253741656635483,0.08907563025210084,0.9820085929108485,0.16333549208334264,0.11,5005,37398,67,3657,20,1,38738
stage5_lightgbm_weighted_gpu,lightgbm,weighted,gpu,valid,fn20_fp1,20:1,0.7630270217033921,0.253741656635483,0.09061102831594635,0.9795918367346939,0.16587850127319026,0.12,5791,36612,76,3648,20,1,38132
stage5_lightgbm_weighted_gpu,lightgbm,weighted,gpu,valid,fn20_fp1,20:1,0.7630270217033921,0.253741656635483,0.09197354081658514,0.9744897959183674,0.16808318473402653,0.13,6575,35828,95,3629,20,1,37728
stage5_lightgbm_weighted_gpu,lightgbm,weighted,gpu,valid,fn20_fp1,20:1,0.7630270217033921,0.253741656635483,0.09344657051862976,0.9691192266380236,0.17045696068012753,0.14,7391,35012,115,3609,20,1,37312
stage5_lightgbm_weighted_gpu,lightgbm,weighted,gpu,valid,fn20_fp1,20:1,0.7630270217033921,0.253741656635483,0.0950579395735224,0.9648227712137487,0.17306488126776168,0.15,8198,34205,131,3593,20,1,36825
stage5_lightgbm_weighted_gpu,lightgbm,weighted,gpu,valid,fn20_fp1,20:1,0.7630270217033921,0.253741656635483,0.09657784390639794,0.9586466165413534,0.17547740175477403,0.16,9008,33395,154,3570,20,1,36475
stage5_lightgbm_weighted_gpu,lightgbm,weighted,gpu,valid,fn20_fp1,20:1,0.7630270217033921,0.253741656635483,0.09853964031368637,0.9548872180451128,0.1786440933410364,0.17,9872,32531,168,3556,20,1,35891
stage5_lightgbm_weighted_gpu,lightgbm,weighted,gpu,valid,fn20_fp1,20:1,0.7630270217033921,0.253741656635483,0.10043618648388376,0.952201933404941,0.18170637970791698,0.18,10643,31760,178,3546,20,1,35320
stage5_lightgbm_weighted_gpu,lightgbm,weighted,gpu,valid,fn20_fp1,20:1,0.7630270217033921,0.253741656635483,0.10244426381792847,0.9476369495166488,0.18489992664780466,0.19,11484,30919,195,3529,20,1,34819
stage5_lightgbm_weighted_gpu,lightgbm,weighted,gpu,valid,fn20_fp1,20:1,0.7630270217033921,0.253741656635483,0.10413011804585055,0.9403866809881848,0.18749832686387363,0.2,12274,30129,222,3502,20,1,34569
stage5_lightgbm_weighted_gpu,lightgbm,weighted,gpu,valid,fn20_fp1,20:1,0.7630270217033921,0.253741656635483,0.10612704793227358,0.9358216970998926,0.19063508560800832,0.21,13050,29353,239,3485,20,1,34133
stage5_lightgbm_weighted_gpu,lightgbm,weighted,gpu,valid,fn20_fp1,20:1,0.7630270217033921,0.253741656635483,0.10794106630041203,0.9285714285714286,0.19340044742729307,0.22,13825,28578,266,3458,20,1,33898
stage5_lightgbm_weighted_gpu,lightgbm,weighted,gpu,valid,fn20_fp1,20:1,0.7630270217033921,0.253741656635483,0.10974165252745142,0.920515574650913,0.19610423042819142,0.23,14594,27809,296,3428,20,1,33729
stage5_lightgbm_weighted_gpu,lightgbm,weighted,gpu,valid,fn20_fp1,20:1,0.7630270217033921,0.253741656635483,0.11148293963254594,0.9124597207303974,0.19869021167114959,0.24,15321,27082,326,3398,20,1,33602
stage5_lightgbm_weighted_gpu,lightgbm,weighted,gpu,valid,fn20_fp1,20:1,0.7630270217033921,0.253741656635483,0.11321008856113413,0.9027926960257787,0.201190868017115,0.25,16068,26335,362,3362,20,1,33575
stage5_lightgbm_weighted_gpu,lightgbm,weighted,gpu,valid,fn20_fp1,20:1,0.7630270217033921,0.253741656635483,0.1152928153862119,0.8950053705692803,0.20427174945607207,0.26,16827,25576,391,3333,20,1,33396
stage5_lightgbm_weighted_gpu,lightgbm,weighted,gpu,valid,fn20_fp1,20:1,0.7630270217033921,0.253741656635483,0.11717279346474871,0.885875402792696,0.20697010571222435,0.27,17547,24856,425,3299,20,1,33356
stage5_lightgbm_weighted_gpu,lightgbm,weighted,gpu,valid,fn20_fp1,20:1,0.7630270217033921,0.253741656635483,0.11920722821334888,0.878625134264232,0.20993199024765816,0.28,18227,24176,452,3272,20,1,33216
stage5_lightgbm_weighted_gpu,lightgbm,weighted,gpu,valid,fn20_fp1,20:1,0.7630270217033921,0.253741656635483,0.12147505422993492,0.8721804511278195,0.2132492942026131,0.29,18913,23490,476,3248,20,1,33010
stage5_lightgbm_weighted_gpu,lightgbm,weighted,gpu,valid,fn20_fp1,20:1,0.7630270217033921,0.253741656635483,0.12328030128352932,0.8614393125671321,0.21569286626773349,0.3,19589,22814,516,3208,20,1,33134
stage5_lightgbm_weighted_gpu,lightgbm,weighted,gpu,valid,fn20_fp1,20:1,0.7630270217033921,0.253741656635483,0.12578069412601786,0.8544575725026853,0.21928192405761146,0.31,20287,22116,542,3182,20,1,32956
stage5_lightgbm_weighted_gpu,lightgbm,weighted,gpu,valid,fn20_fp1,20:1,0.7630270217033921,0.253741656635483,0.12840530210620477,0.8480128893662728,0.22303835016597218,0.32,20967,21436,566,3158,20,1,32756
stage5_lightgbm_weighted_gpu,lightgbm,weighted,gpu,valid,fn20_fp1,20:1,0.7630270217033921,0.253741656635483,0.1302786015621737,0.8375402792696026,0.2254834628592084,0.33,21581,20822,605,3119,20,1,32922
stage5_lightgbm_weighted_gpu,lightgbm,weighted,gpu,valid,fn20_fp1,20:1,0.7630270217033921,0.253741656635483,0.132909762170516,0.8313641245972073,0.229180546302465,0.34,22205,20198,628,3096,20,1,32758
stage5_lightgbm_weighted_gpu,lightgbm,weighted,gpu,valid,fn20_fp1,20:1,0.7630270217033921,0.253741656635483,0.13529022290885015,0.8230397422126745,0.23238181887107168,0.35,22813,19590,659,3065,20,1,32770
stage5_lightgbm_weighted_gpu,lightgbm,weighted,gpu,valid,fn20_fp1,20:1,0.7630270217033921,0.253741656635483,0.13756204180137516,0.8112244897959183,0.23523457270780612,0.36,23463,18940,703,3021,20,1,33000
stage5_lightgbm_weighted_gpu,lightgbm,weighted,gpu,valid,fn20_fp1,20:1,0.7630270217033921,0.253741656635483,0.13997466097320632,0.8010204081632653,0.23830637108048733,0.37,24075,18328,741,2983,20,1,33148
stage5_lightgbm_weighted_gpu,lightgbm,weighted,gpu,valid,fn20_fp1,20:1,0.7630270217033921,0.253741656635483,0.1422501207146306,0.7910848549946294,0.24113939592371286,0.38,24639,17764,778,2946,20,1,33324
stage5_lightgbm_weighted_gpu,lightgbm,weighted,gpu,valid,fn20_fp1,20:1,0.7630270217033921,0.253741656635483,0.14486330362033764,0.7811493018259935,0.24440243646292795,0.39,25231,17172,815,2909,20,1,33472
stage5_lightgbm_weighted_gpu,lightgbm,weighted,gpu,valid,fn20_fp1,20:1,0.7630270217033921,0.253741656635483,0.14777161634832614,0.7728249194414608,0.24810344827586206,0.4,25805,16598,846,2878,20,1,33518
stage5_lightgbm_weighted_gpu,lightgbm,weighted,gpu,valid,fn20_fp1,20:1,0.7630270217033921,0.253741656635483,0.15078228586581807,0.7634264232008593,0.25182691881837105,0.41,26391,16012,881,2843,20,1,33632
stage5_lightgbm_weighted_gpu,lightgbm,weighted,gpu,valid,fn20_fp1,20:1,0.7630270217033921,0.253741656635483,0.15302491103202848,0.7505370569280344,0.2542180180999591,0.42,26933,15470,929,2795,20,1,34050
stage5_lightgbm_weighted_gpu,lightgbm,weighted,gpu,valid,fn20_fp1,20:1,0.7630270217033921,0.253741656635483,0.15560588901472253,0.7379162191192267,0.2570145903479237,0.43,27491,14912,976,2748,20,1,34432
stage5_lightgbm_weighted_gpu,lightgbm,weighted,gpu,valid,fn20_fp1,20:1,0.7630270217033921,0.253741656635483,0.15821560466615864,0.7247583243823845,0.2597315113313766,0.44,28043,14360,1025,2699,20,1,34860
stage5_lightgbm_weighted_gpu,lightgbm,weighted,gpu,valid,fn20_fp1,20:1,0.7630270217033921,0.253741656635483,0.16133139323390325,0.7145542427497314,0.26323078444950043,0.45,28570,13833,1063,2661,20,1,35093
stage5_lightgbm_weighted_gpu,lightgbm,weighted,gpu,valid,fn20_fp1,20:1,0.7630270217033921,0.253741656635483,0.16446172173804,0.7043501611170784,0.26665988918822753,0.46,29077,13326,1101,2623,20,1,35346
stage5_lightgbm_weighted_gpu,lightgbm,weighted,gpu,valid,fn20_fp1,20:1,0.7630270217033921,0.253741656635483,0.1674031713023135,0.6917293233082706,0.2695688572624529,0.47,29591,12812,1148,2576,20,1,35772
stage5_lightgbm_weighted_gpu,lightgbm,weighted,gpu,valid,fn20_fp1,20:1,0.7630270217033921,0.253741656635483,0.17065122230453228,0.6804511278195489,0.27286921875841275,0.48,30088,12315,1190,2534,20,1,36115
stage5_lightgbm_weighted_gpu,lightgbm,weighted,gpu,valid,fn20_fp1,20:1,0.7630270217033921,0.253741656635483,0.17353639793209447,0.6670247046186896,0.275418560816055,0.49,30573,11830,1240,2484,20,1,36630
stage5_lightgbm_weighted_gpu,lightgbm,weighted,gpu,valid,fn20_fp1,20:1,0.7630270217033921,0.253741656635483,0.17737845083689588,0.6573576799140709,0.2793723252496434,0.5,31050,11353,1276,2448,20,1,36873
stage5_lightgbm_weighted_gpu,lightgbm,weighted,gpu,valid,fn20_fp1,20:1,0.7630270217033921,0.253741656635483,0.1801401341068334,0.6420515574650913,0.2813437665470377,0.51,31521,10882,1333,2391,20,1,37542
stage5_lightgbm_weighted_gpu,lightgbm,weighted,gpu,valid,fn20_fp1,20:1,0.7630270217033921,0.253741656635483,0.18273832875637505,0.6254027926960258,0.28283441617584554,0.52,31987,10416,1395,2329,20,1,38316
stage5_lightgbm_weighted_gpu,lightgbm,weighted,gpu,valid,fn20_fp1,20:1,0.7630270217033921,0.253741656635483,0.18683114124663017,0.614124597207304,0.28650172251800815,0.53,32449,9954,1437,2287,20,1,38694
stage5_lightgbm_weighted_gpu,lightgbm,weighted,gpu,valid,fn20_fp1,20:1,0.7630270217033921,0.253741656635483,0.19059004354880027,0.5993555316863588,0.2892128279883382,0.54,32924,9479,1492,2232,20,1,39319
stage5_lightgbm_weighted_gpu,lightgbm,weighted,gpu,valid,fn20_fp1,20:1,0.7630270217033921,0.253741656635483,0.19451148654688477,0.5843179377013964,0.29186506605861445,0.55,33392,9011,1548,2176,20,1,39971
stage5_lightgbm_weighted_gpu,lightgbm,weighted,gpu,valid,fn20_fp1,20:1,0.7630270217033921,0.253741656635483,0.1981105602843513,0.5687432867883996,0.2938605619146722,0.56,33830,8573,1606,2118,20,1,40693
stage5_lightgbm_weighted_gpu,lightgbm,weighted,gpu,valid,fn20_fp1,20:1,0.7630270217033921,0.253741656635483,0.2027717711814429,0.5539742212674543,0.2968772485249676,0.57,34292,8111,1661,2063,20,1,41331
stage5_lightgbm_weighted_gpu,lightgbm,weighted,gpu,valid,fn20_fp1,20:1,0.7630270217033921,0.253741656635483,0.20745944829011262,0.5392051557465092,0.29963441020667014,0.58,34732,7671,1716,2008,20,1,41991
stage5_lightgbm_weighted_gpu,lightgbm,weighted,gpu,valid,fn20_fp1,20:1,0.7630270217033921,0.253741656635483,0.2120948444637807,0.5236305048335124,0.30190431955411057,0.59,35159,7244,1774,1950,20,1,42724
stage5_lightgbm_weighted_gpu,lightgbm,weighted,gpu,valid,fn20_fp1,20:1,0.7630270217033921,0.253741656635483,0.216958462066598,0.5091299677765844,0.30426061140977295,0.6,35560,6843,1828,1896,20,1,43403
stage5_lightgbm_weighted_gpu,lightgbm,weighted,gpu,valid,fn20_fp1,20:1,0.7630270217033921,0.253741656635483,0.2214960058097313,0.49140708915145004,0.30535624895711666,0.61,35971,6432,1894,1830,20,1,44312
stage5_lightgbm_weighted_gpu,lightgbm,weighted,gpu,valid,fn20_fp1,20:1,0.7630270217033921,0.253741656635483,0.2268001540238737,0.4744897959183674,0.3069040382110291,0.62,36379,6024,1957,1767,20,1,45164
stage5_lightgbm_weighted_gpu,lightgbm,weighted,gpu,valid,fn20_fp1,20:1,0.7630270217033921,0.253741656635483,0.23301630434782608,0.4605263157894737,0.30945507037170694,0.63,36758,5645,2009,1715,20,1,45825
stage5_lightgbm_weighted_gpu,lightgbm,weighted,gpu,valid,fn20_fp1,20:1,0.7630270217033921,0.253741656635483,0.23960282054971938,0.4470998925886144,0.31200224866485526,0.64,37119,5284,2059,1665,20,1,46464
stage5_lightgbm_weighted_gpu,lightgbm,weighted,gpu,valid,fn20_fp1,20:1,0.7630270217033921,0.253741656635483,0.2470389170896785,0.4312567132116004,0.3141320293398533,0.65,37508,4895,2118,1606,20,1,47255
stage5_lightgbm_weighted_gpu,lightgbm,weighted,gpu,valid,fn20_fp1,20:1,0.7630270217033921,0.253741656635483,0.2549084309519881,0.4148764769065521,0.3157894736842105,0.66,37887,4516,2179,1545,20,1,48096
stage5_lightgbm_weighted_gpu,lightgbm,weighted,gpu,valid,fn20_fp1,20:1,0.7630270217033921,0.253741656635483,0.26165757522435334,0.3993018259935553,0.3161475496970341,0.67,38207,4196,2237,1487,20,1,48936
stage5_lightgbm_weighted_gpu,lightgbm,weighted,gpu,valid,fn20_fp1,20:1,0.7630270217033921,0.253741656635483,0.2692526017029328,0.3821160042964554,0.3159063159063159,0.68,38541,3862,2301,1423,20,1,49882
stage5_lightgbm_weighted_gpu,lightgbm,weighted,gpu,valid,fn20_fp1,20:1,0.7630270217033921,0.253741656635483,0.27808471454880296,0.36493018259935556,0.315642782487516,0.69,38875,3528,2365,1359,20,1,50828
stage5_lightgbm_weighted_gpu,lightgbm,weighted,gpu,valid,fn20_fp1,20:1,0.7630270217033921,0.253741656635483,0.2876742642177473,0.34908700322234154,0.3154191435157103,0.7,39184,3219,2424,1300,20,1,51699
stage5_lightgbm_weighted_gpu,lightgbm,weighted,gpu,valid,fn20_fp1,20:1,0.7630270217033921,0.253741656635483,0.2968863142650253,0.33029001074113856,0.31269861446548874,0.71,39490,2913,2494,1230,20,1,52793
stage5_lightgbm_weighted_gpu,lightgbm,weighted,gpu,valid,fn20_fp1,20:1,0.7630270217033921,0.253741656635483,0.30935251798561153,0.31176154672395273,0.3105523605724221,0.72,39811,2592,2563,1161,20,1,53852
stage5_lightgbm_weighted_gpu,lightgbm,weighted,gpu,valid,fn20_fp1,20:1,0.7630270217033921,0.253741656635483,0.3221476510067114,0.2964554242749731,0.3087680044748986,0.73,40080,2323,2620,1104,20,1,54723
stage5_lightgbm_weighted_gpu,lightgbm,weighted,gpu,valid,fn20_fp1,20:1,0.7630270217033921,0.253741656635483,0.33170731707317075,0.2738990332975295,0.3000441241359023,0.74,40348,2055,2704,1020,20,1,56135
stage5_lightgbm_weighted_gpu,lightgbm,weighted,gpu,valid,fn20_fp1,20:1,0.7630270217033921,0.253741656635483,0.34479015918958034,0.2559076262083781,0.2937731196054254,0.75,40592,1811,2771,953,20,1,57231
stage5_lightgbm_weighted_gpu,lightgbm,weighted,gpu,valid,fn20_fp1,20:1,0.7630270217033921,0.253741656635483,0.3548915268112976,0.2328141783029001,0.28117399059510295,0.76,40827,1576,2857,867,20,1,58716
stage5_lightgbm_weighted_gpu,lightgbm,weighted,gpu,valid,fn20_fp1,20:1,0.7630270217033921,0.253741656635483,0.36450729927007297,0.21455424274973148,0.27011494252873564,0.77,41010,1393,2925,799,20,1,59893
stage5_lightgbm_weighted_gpu,lightgbm,weighted,gpu,valid,fn20_fp1,20:1,0.7630270217033921,0.253741656635483,0.3770319874147876,0.1930719656283566,0.2553720475936779,0.78,41215,1188,3005,719,20,1,61288
stage5_lightgbm_weighted_gpu,lightgbm,weighted,gpu,valid,fn20_fp1,20:1,0.7630270217033921,0.253741656635483,0.3873929008567931,0.1699785177228786,0.23628219484882418,0.79,41402,1001,3091,633,20,1,62821
stage5_lightgbm_weighted_gpu,lightgbm,weighted,gpu,valid,fn20_fp1,20:1,0.7630270217033921,0.253741656635483,0.40099361249112847,0.15171858216971,0.22014416520553282,0.8,41559,844,3159,565,20,1,64024
stage5_lightgbm_weighted_gpu,lightgbm,weighted,gpu,valid,fn20_fp1,20:1,0.7630270217033921,0.253741656635483,0.4131578947368421,0.1264769065520945,0.19366776315789475,0.81,41734,669,3253,471,20,1,65729
stage5_lightgbm_weighted_gpu,lightgbm,weighted,gpu,valid,fn20_fp1,20:1,0.7630270217033921,0.253741656635483,0.4216738197424893,0.10553168635875403,0.16881443298969073,0.82,41864,539,3331,393,20,1,67159
stage5_lightgbm_weighted_gpu,lightgbm,weighted,gpu,valid,fn20_fp1,20:1,0.7630270217033921,0.253741656635483,0.4350736278447122,0.08727175080558539,0.14538134645493178,0.83,41981,422,3399,325,20,1,68402
stage5_lightgbm_weighted_gpu,lightgbm,weighted,gpu,valid,fn20_fp1,20:1,0.7630270217033921,0.253741656635483,0.4557595993322204,0.07330827067669173,0.12630117973629423,0.84,42077,326,3451,273,20,1,69346
stage5_lightgbm_weighted_gpu,lightgbm,weighted,gpu,valid,fn20_fp1,20:1,0.7630270217033921,0.253741656635483,0.48043478260869565,0.059344790547798065,0.10564053537284895,0.85,42164,239,3503,221,20,1,70299
stage5_lightgbm_weighted_gpu,lightgbm,weighted,gpu,valid,fn20_fp1,20:1,0.7630270217033921,0.253741656635483,0.4744744744744745,0.04242749731471536,0.07789006655163914,0.86,42228,175,3566,158,20,1,71495
stage5_lightgbm_weighted_gpu,lightgbm,weighted,gpu,valid,fn20_fp1,20:1,0.7630270217033921,0.253741656635483,0.4957983193277311,0.03168635875402793,0.05956587582029278,0.87,42283,120,3606,118,20,1,72240
stage5_lightgbm_weighted_gpu,lightgbm,weighted,gpu,valid,fn20_fp1,20:1,0.7630270217033921,0.253741656635483,0.5414012738853503,0.022824919441460794,0.043803143519711416,0.88,42331,72,3639,85,20,1,72852
stage5_lightgbm_weighted_gpu,lightgbm,weighted,gpu,valid,fn20_fp1,20:1,0.7630270217033921,0.253741656635483,0.5543478260869565,0.013694951664876477,0.026729559748427674,0.89,42362,41,3673,51,20,1,73501
stage5_lightgbm_weighted_gpu,lightgbm,weighted,gpu,valid,fn20_fp1,20:1,0.7630270217033921,0.253741656635483,0.6041666666666666,0.007787325456498389,0.015376458112407211,0.9,42384,19,3695,29,20,1,73919
stage5_lightgbm_weighted_gpu,lightgbm,weighted,gpu,valid,fn20_fp1,20:1,0.7630270217033921,0.253741656635483,0.6666666666666666,0.004833512352309345,0.00959744068248467,0.91,42394,9,3706,18,20,1,74129
stage5_lightgbm_weighted_gpu,lightgbm,weighted,gpu,valid,fn20_fp1,20:1,0.7630270217033921,0.253741656635483,1.0,0.0005370569280343716,0.0010735373054213634,0.92,42403,0,3722,2,20,1,74440
stage5_lightgbm_weighted_gpu,lightgbm,weighted,gpu,valid,fn20_fp1,20:1,0.7630270217033921,0.253741656635483,1.0,0.0002685284640171858,0.0005369127516778523,0.93,42403,0,3723,1,20,1,74460
stage5_lightgbm_weighted_gpu,lightgbm,weighted,gpu,valid,fn20_fp1,20:1,0.7630270217033921,0.253741656635483,0.0,0.0,0.0,0.94,42403,0,3724,0,20,1,74480
stage5_lightgbm_weighted_gpu,lightgbm,weighted,gpu,valid,fn20_fp1,20:1,0.7630270217033921,0.253741656635483,0.0,0.0,0.0,0.95,42403,0,3724,0,20,1,74480
stage5_lightgbm_weighted_gpu,lightgbm,weighted,gpu,valid,fn20_fp1,20:1,0.7630270217033921,0.253741656635483,0.0,0.0,0.0,0.96,42403,0,3724,0,20,1,74480
stage5_lightgbm_weighted_gpu,lightgbm,weighted,gpu,valid,fn20_fp1,20:1,0.7630270217033921,0.253741656635483,0.0,0.0,0.0,0.97,42403,0,3724,0,20,1,74480
stage5_lightgbm_weighted_gpu,lightgbm,weighted,gpu,valid,fn20_fp1,20:1,0.7630270217033921,0.253741656635483,0.0,0.0,0.0,0.98,42403,0,3724,0,20,1,74480
stage5_lightgbm_weighted_gpu,lightgbm,weighted,gpu,valid,fn20_fp1,20:1,0.7630270217033921,0.253741656635483,0.0,0.0,0.0,0.99,42403,0,3724,0,20,1,74480
stage5_lightgbm_random_under_sample_gpu,lightgbm,random_under_sample,gpu,valid,fn5_fp1,5:1,0.7603736415605842,0.24957463309912672,0.08073362672621241,1.0,0.14940522757818298,0.01,0,42403,0,3724,5,1,42403
stage5_lightgbm_random_under_sample_gpu,lightgbm,random_under_sample,gpu,valid,fn5_fp1,5:1,0.7603736415605842,0.24957463309912672,0.08073362672621241,1.0,0.14940522757818298,0.02,0,42403,0,3724,5,1,42403
stage5_lightgbm_random_under_sample_gpu,lightgbm,random_under_sample,gpu,valid,fn5_fp1,5:1,0.7603736415605842,0.24957463309912672,0.08075463515125231,1.0,0.149441200666145,0.03,12,42391,0,3724,5,1,42391
stage5_lightgbm_random_under_sample_gpu,lightgbm,random_under_sample,gpu,valid,fn5_fp1,5:1,0.7603736415605842,0.24957463309912672,0.0808528192101435,1.0,0.1496093043810136,0.04,68,42335,0,3724,5,1,42335
stage5_lightgbm_random_under_sample_gpu,lightgbm,random_under_sample,gpu,valid,fn5_fp1,5:1,0.7603736415605842,0.24957463309912672,0.08104461371055495,1.0,0.149937593107058,0.05,177,42226,0,3724,5,1,42226
stage5_lightgbm_random_under_sample_gpu,lightgbm,random_under_sample,gpu,valid,fn5_fp1,5:1,0.7603736415605842,0.24957463309912672,0.08132069703454602,1.0,0.1504099519366695,0.06,333,42070,0,3724,5,1,42070
stage5_lightgbm_random_under_sample_gpu,lightgbm,random_under_sample,gpu,valid,fn5_fp1,5:1,0.7603736415605842,0.24957463309912672,0.08176887776387151,1.0,0.15117624373312766,0.07,584,41819,0,3724,5,1,41819
stage5_lightgbm_random_under_sample_gpu,lightgbm,random_under_sample,gpu,valid,fn5_fp1,5:1,0.7603736415605842,0.24957463309912672,0.08226966043579251,0.998657357679914,0.15201618671953238,0.08,917,41486,5,3719,5,1,41511
stage5_lightgbm_random_under_sample_gpu,lightgbm,random_under_sample,gpu,valid,fn5_fp1,5:1,0.7603736415605842,0.24957463309912672,0.08298699557581445,0.9973147153598282,0.15322414291018607,0.09,1363,41040,10,3714,5,1,41090
stage5_lightgbm_random_under_sample_gpu,lightgbm,random_under_sample,gpu,valid,fn5_fp1,5:1,0.7603736415605842,0.24957463309912672,0.08358888788671417,0.9954350161117078,0.15422699284406724,0.1,1762,40641,17,3707,5,1,40726
stage5_lightgbm_random_under_sample_gpu,lightgbm,random_under_sample,gpu,valid,fn5_fp1,5:1,0.7603736415605842,0.24957463309912672,0.0843810610382202,0.9930182599355531,0.15554480641022944,0.11,2276,40127,26,3698,5,1,40257
stage5_lightgbm_random_under_sample_gpu,lightgbm,random_under_sample,gpu,valid,fn5_fp1,5:1,0.7603736415605842,0.24957463309912672,0.085374031679963,0.99140708915145,0.15721007473014115,0.12,2850,39553,32,3692,5,1,39713
stage5_lightgbm_random_under_sample_gpu,lightgbm,random_under_sample,gpu,valid,fn5_fp1,5:1,0.7603736415605842,0.24957463309912672,0.08637600901070021,0.988453276047261,0.15886922744928786,0.13,3468,38935,43,3681,5,1,39150
stage5_lightgbm_random_under_sample_gpu,lightgbm,random_under_sample,gpu,valid,fn5_fp1,5:1,0.7603736415605842,0.24957463309912672,0.08760551289999523,0.9865735767991407,0.16092155402741887,0.14,4139,38264,50,3674,5,1,38514
stage5_lightgbm_random_under_sample_gpu,lightgbm,random_under_sample,gpu,valid,fn5_fp1,5:1,0.7603736415605842,0.24957463309912672,0.08898212596706521,0.9852309344790547,0.1632226349622973,0.15,4839,37564,55,3669,5,1,37839
stage5_lightgbm_random_under_sample_gpu,lightgbm,random_under_sample,gpu,valid,fn5_fp1,5:1,0.7603736415605842,0.24957463309912672,0.09044853577165451,0.9828141783029001,0.1656520853606101,0.16,5598,36805,64,3660,5,1,37125
stage5_lightgbm_random_under_sample_gpu,lightgbm,random_under_sample,gpu,valid,fn5_fp1,5:1,0.7603736415605842,0.24957463309912672,0.09183236309568811,0.9785177228786252,0.16790692316553393,0.17,6366,36037,80,3644,5,1,36437
stage5_lightgbm_random_under_sample_gpu,lightgbm,random_under_sample,gpu,valid,fn5_fp1,5:1,0.7603736415605842,0.24957463309912672,0.09333916488718516,0.9742212674543501,0.1703566313713521,0.18,7162,35241,96,3628,5,1,35721
stage5_lightgbm_random_under_sample_gpu,lightgbm,random_under_sample,gpu,valid,fn5_fp1,5:1,0.7603736415605842,0.24957463309912672,0.09487671017042619,0.9701933404940923,0.17285013754335607,0.19,7935,34468,111,3613,5,1,35023
stage5_lightgbm_random_under_sample_gpu,lightgbm,random_under_sample,gpu,valid,fn5_fp1,5:1,0.7603736415605842,0.24957463309912672,0.09650747630936082,0.965359828141783,0.17547284929835266,0.2,8747,33656,129,3595,5,1,34301
stage5_lightgbm_random_under_sample_gpu,lightgbm,random_under_sample,gpu,valid,fn5_fp1,5:1,0.7603736415605842,0.24957463309912672,0.09827273227350239,0.959452201933405,0.1782845167406816,0.21,9618,32785,151,3573,5,1,33540
stage5_lightgbm_random_under_sample_gpu,lightgbm,random_under_sample,gpu,valid,fn5_fp1,5:1,0.7603736415605842,0.24957463309912672,0.09992400146367551,0.9532760472610097,0.18088711115640366,0.22,10426,31977,174,3550,5,1,32847
stage5_lightgbm_random_under_sample_gpu,lightgbm,random_under_sample,gpu,valid,fn5_fp1,5:1,0.7603736415605842,0.24957463309912672,0.10147814538945667,0.9438775510204082,0.18325426203013398,0.23,11280,31123,209,3515,5,1,32168
stage5_lightgbm_random_under_sample_gpu,lightgbm,random_under_sample,gpu,valid,fn5_fp1,5:1,0.7603736415605842,0.24957463309912672,0.10336865786513529,0.9377013963480129,0.1862102063669813,0.24,12113,30290,232,3492,5,1,31450
stage5_lightgbm_random_under_sample_gpu,lightgbm,random_under_sample,gpu,valid,fn5_fp1,5:1,0.7603736415605842,0.24957463309912672,0.10497455162384876,0.9304511278195489,0.18866383534792552,0.25,12860,29543,259,3465,5,1,30838
stage5_lightgbm_random_under_sample_gpu,lightgbm,random_under_sample,gpu,valid,fn5_fp1,5:1,0.7603736415605842,0.24957463309912672,0.1066472104070291,0.9223952738990333,0.19118915759886454,0.26,13629,28774,289,3435,5,1,30219
stage5_lightgbm_random_under_sample_gpu,lightgbm,random_under_sample,gpu,valid,fn5_fp1,5:1,0.7603736415605842,0.24957463309912672,0.10867210398878552,0.9159505907626209,0.19429254955570746,0.27,14426,27977,313,3411,5,1,29542
stage5_lightgbm_random_under_sample_gpu,lightgbm,random_under_sample,gpu,valid,fn5_fp1,5:1,0.7603736415605842,0.24957463309912672,0.11075163398692811,0.9100429645542427,0.19747115720778463,0.28,15192,27211,335,3389,5,1,28886
stage5_lightgbm_random_under_sample_gpu,lightgbm,random_under_sample,gpu,valid,fn5_fp1,5:1,0.7603736415605842,0.24957463309912672,0.11289889150151158,0.9025241675617616,0.20069266137218605,0.29,15994,26409,363,3361,5,1,28224
stage5_lightgbm_random_under_sample_gpu,lightgbm,random_under_sample,gpu,valid,fn5_fp1,5:1,0.7603736415605842,0.24957463309912672,0.11476144511858798,0.8939312567132116,0.2034095075155811,0.3,16724,25679,395,3329,5,1,27654
stage5_lightgbm_random_under_sample_gpu,lightgbm,random_under_sample,gpu,valid,fn5_fp1,5:1,0.7603736415605842,0.24957463309912672,0.11709510657885419,0.8880236305048335,0.20690733904773823,0.31,17468,24935,417,3307,5,1,27020
stage5_lightgbm_random_under_sample_gpu,lightgbm,random_under_sample,gpu,valid,fn5_fp1,5:1,0.7603736415605842,0.24957463309912672,0.11910046941523235,0.8788936627282492,0.20977407466752124,0.32,18195,24208,451,3273,5,1,26463
stage5_lightgbm_random_under_sample_gpu,lightgbm,random_under_sample,gpu,valid,fn5_fp1,5:1,0.7603736415605842,0.24957463309912672,0.1211667913238594,0.8700322234156821,0.21271008403361344,0.33,18903,23500,484,3240,5,1,25920
stage5_lightgbm_random_under_sample_gpu,lightgbm,random_under_sample,gpu,valid,fn5_fp1,5:1,0.7603736415605842,0.24957463309912672,0.12336139622496443,0.8617078410311493,0.21582540269697684,0.34,19599,22804,515,3209,5,1,25379
stage5_lightgbm_random_under_sample_gpu,lightgbm,random_under_sample,gpu,valid,fn5_fp1,5:1,0.7603736415605842,0.24957463309912672,0.12584402764067126,0.8558002148227712,0.21942235533064822,0.35,20265,22138,537,3187,5,1,24823
stage5_lightgbm_random_under_sample_gpu,lightgbm,random_under_sample,gpu,valid,fn5_fp1,5:1,0.7603736415605842,0.24957463309912672,0.1277216883590804,0.8458646616541353,0.22193257477014125,0.36,20890,21513,574,3150,5,1,24383
stage5_lightgbm_random_under_sample_gpu,lightgbm,random_under_sample,gpu,valid,fn5_fp1,5:1,0.7603736415605842,0.24957463309912672,0.1302656348044342,0.8361976369495167,0.22541532447790366,0.37,21612,20791,610,3114,5,1,23841
stage5_lightgbm_random_under_sample_gpu,lightgbm,random_under_sample,gpu,valid,fn5_fp1,5:1,0.7603736415605842,0.24957463309912672,0.13247089262613196,0.8249194414607949,0.2282826781600654,0.38,22285,20118,652,3072,5,1,23378
stage5_lightgbm_random_under_sample_gpu,lightgbm,random_under_sample,gpu,valid,fn5_fp1,5:1,0.7603736415605842,0.24957463309912672,0.1346708686581739,0.8147153598281418,0.23113548927741592,0.39,22908,19495,690,3034,5,1,22945
stage5_lightgbm_random_under_sample_gpu,lightgbm,random_under_sample,gpu,valid,fn5_fp1,5:1,0.7603736415605842,0.24957463309912672,0.13728005865102638,0.8045112781954887,0.2345389071551589,0.4,23575,18828,728,2996,5,1,22468
stage5_lightgbm_random_under_sample_gpu,lightgbm,random_under_sample,gpu,valid,fn5_fp1,5:1,0.7603736415605842,0.24957463309912672,0.14005867322797388,0.7948442534908701,0.2381527073779065,0.41,24229,18174,764,2960,5,1,21994
stage5_lightgbm_random_under_sample_gpu,lightgbm,random_under_sample,gpu,valid,fn5_fp1,5:1,0.7603736415605842,0.24957463309912672,0.14259998053906783,0.7870569280343717,0.2414531674767279,0.42,24780,17623,793,2931,5,1,21588
stage5_lightgbm_random_under_sample_gpu,lightgbm,random_under_sample,gpu,valid,fn5_fp1,5:1,0.7603736415605842,0.24957463309912672,0.14519776850781524,0.7757787325456499,0.24461284450277296,0.43,25395,17008,835,2889,5,1,21183
stage5_lightgbm_random_under_sample_gpu,lightgbm,random_under_sample,gpu,valid,fn5_fp1,5:1,0.7603736415605842,0.24957463309912672,0.1480478917230609,0.7636949516648764,0.2480160460451731,0.44,26037,16366,880,2844,5,1,20766
stage5_lightgbm_random_under_sample_gpu,lightgbm,random_under_sample,gpu,valid,fn5_fp1,5:1,0.7603736415605842,0.24957463309912672,0.15073806701864023,0.751342642320086,0.25109934488019386,0.45,26639,15764,926,2798,5,1,20394
stage5_lightgbm_random_under_sample_gpu,lightgbm,random_under_sample,gpu,valid,fn5_fp1,5:1,0.7603736415605842,0.24957463309912672,0.15331846068042387,0.7381847475832438,0.2539022813337028,0.46,27222,15181,975,2749,5,1,20056
stage5_lightgbm_random_under_sample_gpu,lightgbm,random_under_sample,gpu,valid,fn5_fp1,5:1,0.7603736415605842,0.24957463309912672,0.15670091192427565,0.7290547798066596,0.25795724465558195,0.47,27792,14611,1009,2715,5,1,19656
stage5_lightgbm_random_under_sample_gpu,lightgbm,random_under_sample,gpu,valid,fn5_fp1,5:1,0.7603736415605842,0.24957463309912672,0.15963873437406542,0.716702470461869,0.2611162745193954,0.48,28353,14050,1055,2669,5,1,19325
stage5_lightgbm_random_under_sample_gpu,lightgbm,random_under_sample,gpu,valid,fn5_fp1,5:1,0.7603736415605842,0.24957463309912672,0.16246203433955247,0.7038131041890441,0.2639875107015158,0.49,28891,13512,1103,2621,5,1,19027
stage5_lightgbm_random_under_sample_gpu,lightgbm,random_under_sample,gpu,valid,fn5_fp1,5:1,0.7603736415605842,0.24957463309912672,0.16568123393316195,0.692266380236305,0.26737191454055176,0.5,29421,12982,1146,2578,5,1,18712
stage5_lightgbm_random_under_sample_gpu,lightgbm,random_under_sample,gpu,valid,fn5_fp1,5:1,0.7603736415605842,0.24957463309912672,0.16888829645427886,0.6804511278195489,0.2706108500640752,0.51,29933,12470,1190,2534,5,1,18420
stage5_lightgbm_random_under_sample_gpu,lightgbm,random_under_sample,gpu,valid,fn5_fp1,5:1,0.7603736415605842,0.24957463309912672,0.17208625112667267,0.6664876476906552,0.27354383644679564,0.52,30462,11941,1242,2482,5,1,18151
stage5_lightgbm_random_under_sample_gpu,lightgbm,random_under_sample,gpu,valid,fn5_fp1,5:1,0.7603736415605842,0.24957463309912672,0.17568349486474757,0.6522556390977443,0.2768091168091168,0.53,31006,11397,1295,2429,5,1,17872
stage5_lightgbm_random_under_sample_gpu,lightgbm,random_under_sample,gpu,valid,fn5_fp1,5:1,0.7603736415605842,0.24957463309912672,0.17886729929206205,0.6377551020408163,0.27937889660039994,0.54,31500,10903,1349,2375,5,1,17648
stage5_lightgbm_random_under_sample_gpu,lightgbm,random_under_sample,gpu,valid,fn5_fp1,5:1,0.7603736415605842,0.24957463309912672,0.18212545197296023,0.6221804511278195,0.281770643317524,0.55,31998,10405,1407,2317,5,1,17440
stage5_lightgbm_random_under_sample_gpu,lightgbm,random_under_sample,gpu,valid,fn5_fp1,5:1,0.7603736415605842,0.24957463309912672,0.18544562551103844,0.6090225563909775,0.2843174125611132,0.56,32441,9962,1456,2268,5,1,17242
stage5_lightgbm_random_under_sample_gpu,lightgbm,random_under_sample,gpu,valid,fn5_fp1,5:1,0.7603736415605842,0.24957463309912672,0.18840456325557636,0.5942534908700322,0.2861021331609567,0.57,32870,9533,1511,2213,5,1,17088
stage5_lightgbm_random_under_sample_gpu,lightgbm,random_under_sample,gpu,valid,fn5_fp1,5:1,0.7603736415605842,0.24957463309912672,0.19221866096866097,0.5797529538131042,0.288713559775341,0.58,33330,9073,1565,2159,5,1,16898
stage5_lightgbm_random_under_sample_gpu,lightgbm,random_under_sample,gpu,valid,fn5_fp1,5:1,0.7603736415605842,0.24957463309912672,0.19654146522870955,0.5676691729323309,0.2919889502762431,0.59,33761,8642,1610,2114,5,1,16692
stage5_lightgbm_random_under_sample_gpu,lightgbm,random_under_sample,gpu,valid,fn5_fp1,5:1,0.7603736415605842,0.24957463309912672,0.20075905021409107,0.5539742212674543,0.2947142857142857,0.6,34190,8213,1661,2063,5,1,16518
stage5_lightgbm_random_under_sample_gpu,lightgbm,random_under_sample,gpu,valid,fn5_fp1,5:1,0.7603736415605842,0.24957463309912672,0.20530411632193324,0.5383995703544576,0.2972572275759822,0.61,34642,7761,1719,2005,5,1,16356
stage5_lightgbm_random_under_sample_gpu,lightgbm,random_under_sample,gpu,valid,fn5_fp1,5:1,0.7603736415605842,0.24957463309912672,0.21024258760107817,0.5236305048335124,0.3000230786983614,0.62,35078,7325,1774,1950,5,1,16195
stage5_lightgbm_random_under_sample_gpu,lightgbm,random_under_sample,gpu,valid,fn5_fp1,5:1,0.7603736415605842,0.24957463309912672,0.21556136958252758,0.5088614393125671,0.3028365960846984,0.63,35507,6896,1829,1895,5,1,16041
stage5_lightgbm_random_under_sample_gpu,lightgbm,random_under_sample,gpu,valid,fn5_fp1,5:1,0.7603736415605842,0.24957463309912672,0.22109412326803632,0.497046186895811,0.3060515873015873,0.64,35882,6521,1873,1851,5,1,15886
stage5_lightgbm_random_under_sample_gpu,lightgbm,random_under_sample,gpu,valid,fn5_fp1,5:1,0.7603736415605842,0.24957463309912672,0.2261889743913208,0.48147153598281417,0.3077847395073384,0.65,36269,6134,1931,1793,5,1,15789
stage5_lightgbm_random_under_sample_gpu,lightgbm,random_under_sample,gpu,valid,fn5_fp1,5:1,0.7603736415605842,0.24957463309912672,0.2312825303616709,0.465359828141783,0.3089952750289739,0.66,36643,5760,1991,1733,5,1,15715
stage5_lightgbm_random_under_sample_gpu,lightgbm,random_under_sample,gpu,valid,fn5_fp1,5:1,0.7603736415605842,0.24957463309912672,0.23636363636363636,0.44683136412459723,0.30917874396135264,0.67,37027,5376,2060,1664,5,1,15676
stage5_lightgbm_random_under_sample_gpu,lightgbm,random_under_sample,gpu,valid,fn5_fp1,5:1,0.7603736415605842,0.24957463309912672,0.24308894230769232,0.43447905477980664,0.3117533718689788,0.68,37365,5038,2106,1618,5,1,15568
stage5_lightgbm_random_under_sample_gpu,lightgbm,random_under_sample,gpu,valid,fn5_fp1,5:1,0.7603736415605842,0.24957463309912672,0.251810136765889,0.4202470461868958,0.31492101821108764,0.69,37753,4650,2159,1565,5,1,15445
stage5_lightgbm_random_under_sample_gpu,lightgbm,random_under_sample,gpu,valid,fn5_fp1,5:1,0.7603736415605842,0.24957463309912672,0.25694085187101223,0.40010741138560685,0.3129265987608947,0.7,38094,4309,2234,1490,5,1,15479
stage5_lightgbm_random_under_sample_gpu,lightgbm,random_under_sample,gpu,valid,fn5_fp1,5:1,0.7603736415605842,0.24957463309912672,0.26369168356997974,0.38399570354457574,0.3126708210342189,0.71,38410,3993,2294,1430,5,1,15463
stage5_lightgbm_random_under_sample_gpu,lightgbm,random_under_sample,gpu,valid,fn5_fp1,5:1,0.7603736415605842,0.24957463309912672,0.2701252236135957,0.36493018259935556,0.31045117075956596,0.72,38731,3672,2365,1359,5,1,15497
stage5_lightgbm_random_under_sample_gpu,lightgbm,random_under_sample,gpu,valid,fn5_fp1,5:1,0.7603736415605842,0.24957463309912672,0.27668238319759964,0.3466702470461869,0.3077473182359952,0.73,39028,3375,2433,1291,5,1,15540
stage5_lightgbm_random_under_sample_gpu,lightgbm,random_under_sample,gpu,valid,fn5_fp1,5:1,0.7603736415605842,0.24957463309912672,0.28449074074074077,0.33002148227712136,0.30556936847339633,0.74,39312,3091,2495,1229,5,1,15566
stage5_lightgbm_random_under_sample_gpu,lightgbm,random_under_sample,gpu,valid,fn5_fp1,5:1,0.7603736415605842,0.24957463309912672,0.29068602904356533,0.31176154672395273,0.3008551438196424,0.75,39570,2833,2563,1161,5,1,15648
stage5_lightgbm_random_under_sample_gpu,lightgbm,random_under_sample,gpu,valid,fn5_fp1,5:1,0.7603736415605842,0.24957463309912672,0.29771615008156604,0.29403866809881846,0.2958659821669819,0.76,39820,2583,2629,1095,5,1,15728
stage5_lightgbm_random_under_sample_gpu,lightgbm,random_under_sample,gpu,valid,fn5_fp1,5:1,0.7603736415605842,0.24957463309912672,0.3077382730803705,0.2765843179377014,0.29133078772450854,0.77,40086,2317,2694,1030,5,1,15787
stage5_lightgbm_random_under_sample_gpu,lightgbm,random_under_sample,gpu,valid,fn5_fp1,5:1,0.7603736415605842,0.24957463309912672,0.31897979463398474,0.25859291084854996,0.2856295417469969,0.78,40347,2056,2761,963,5,1,15861
stage5_lightgbm_random_under_sample_gpu,lightgbm,random_under_sample,gpu,valid,fn5_fp1,5:1,0.7603736415605842,0.24957463309912672,0.33406593406593404,0.24489795918367346,0.2826154322900527,0.79,40585,1818,2812,912,5,1,15878
stage5_lightgbm_random_under_sample_gpu,lightgbm,random_under_sample,gpu,valid,fn5_fp1,5:1,0.7603736415605842,0.24957463309912672,0.34484175914508836,0.2252953813104189,0.2725353256456066,0.8,40809,1594,2885,839,5,1,16019
stage5_lightgbm_random_under_sample_gpu,lightgbm,random_under_sample,gpu,valid,fn5_fp1,5:1,0.7603736415605842,0.24957463309912672,0.3536472760849492,0.20569280343716434,0.2601018675721562,0.81,41003,1400,2958,766,5,1,16190
stage5_lightgbm_random_under_sample_gpu,lightgbm,random_under_sample,gpu,valid,fn5_fp1,5:1,0.7603736415605842,0.24957463309912672,0.3691737288135593,0.1871643394199785,0.24839629365645047,0.82,41212,1191,3027,697,5,1,16326
stage5_lightgbm_random_under_sample_gpu,lightgbm,random_under_sample,gpu,valid,fn5_fp1,5:1,0.7603736415605842,0.24957463309912672,0.3717085119412125,0.1629967776584318,0.2266193765167071,0.83,41377,1026,3117,607,5,1,16611
stage5_lightgbm_random_under_sample_gpu,lightgbm,random_under_sample,gpu,valid,fn5_fp1,5:1,0.7603736415605842,0.24957463309912672,0.37652987760979123,0.14044038668098818,0.20457656952865244,0.84,41537,866,3201,523,5,1,16871
stage5_lightgbm_random_under_sample_gpu,lightgbm,random_under_sample,gpu,valid,fn5_fp1,5:1,0.7603736415605842,0.24957463309912672,0.39453458582408196,0.12406015037593984,0.18876404494382024,0.85,41694,709,3262,462,5,1,17019
stage5_lightgbm_random_under_sample_gpu,lightgbm,random_under_sample,gpu,valid,fn5_fp1,5:1,0.7603736415605842,0.24957463309912672,0.4077868852459016,0.10687432867883996,0.16936170212765958,0.86,41825,578,3326,398,5,1,17208
stage5_lightgbm_random_under_sample_gpu,lightgbm,random_under_sample,gpu,valid,fn5_fp1,5:1,0.7603736415605842,0.24957463309912672,0.42929936305732486,0.09049409237379162,0.14947882013750277,0.87,41955,448,3387,337,5,1,17383
stage5_lightgbm_random_under_sample_gpu,lightgbm,random_under_sample,gpu,valid,fn5_fp1,5:1,0.7603736415605842,0.24957463309912672,0.4588235294117647,0.07330827067669173,0.12641815235008103,0.88,42081,322,3451,273,5,1,17577
stage5_lightgbm_random_under_sample_gpu,lightgbm,random_under_sample,gpu,valid,fn5_fp1,5:1,0.7603736415605842,0.24957463309912672,0.4764044943820225,0.05692803437164339,0.10170304629407531,0.89,42170,233,3512,212,5,1,17793
stage5_lightgbm_random_under_sample_gpu,lightgbm,random_under_sample,gpu,valid,fn5_fp1,5:1,0.7603736415605842,0.24957463309912672,0.49382716049382713,0.04296455424274973,0.07905138339920949,0.9,42239,164,3564,160,5,1,17984
stage5_lightgbm_random_under_sample_gpu,lightgbm,random_under_sample,gpu,valid,fn5_fp1,5:1,0.7603736415605842,0.24957463309912672,0.5113122171945701,0.030343716433941997,0.05728770595690748,0.91,42295,108,3611,113,5,1,18163
stage5_lightgbm_random_under_sample_gpu,lightgbm,random_under_sample,gpu,valid,fn5_fp1,5:1,0.7603736415605842,0.24957463309912672,0.6165413533834586,0.02201933404940924,0.04252009333679025,0.92,42352,51,3642,82,5,1,18261
stage5_lightgbm_random_under_sample_gpu,lightgbm,random_under_sample,gpu,valid,fn5_fp1,5:1,0.7603736415605842,0.24957463309912672,0.6666666666666666,0.01288936627282492,0.02528977871443625,0.93,42379,24,3676,48,5,1,18404
stage5_lightgbm_random_under_sample_gpu,lightgbm,random_under_sample,gpu,valid,fn5_fp1,5:1,0.7603736415605842,0.24957463309912672,0.6428571428571429,0.004833512352309345,0.009594882729211088,0.94,42393,10,3706,18,5,1,18540
stage5_lightgbm_random_under_sample_gpu,lightgbm,random_under_sample,gpu,valid,fn5_fp1,5:1,0.7603736415605842,0.24957463309912672,0.6363636363636364,0.0018796992481203006,0.003748326639892905,0.95,42399,4,3717,7,5,1,18589
stage5_lightgbm_random_under_sample_gpu,lightgbm,random_under_sample,gpu,valid,fn5_fp1,5:1,0.7603736415605842,0.24957463309912672,1.0,0.0002685284640171858,0.0005369127516778523,0.96,42403,0,3723,1,5,1,18615
stage5_lightgbm_random_under_sample_gpu,lightgbm,random_under_sample,gpu,valid,fn5_fp1,5:1,0.7603736415605842,0.24957463309912672,0.0,0.0,0.0,0.97,42403,0,3724,0,5,1,18620
stage5_lightgbm_random_under_sample_gpu,lightgbm,random_under_sample,gpu,valid,fn5_fp1,5:1,0.7603736415605842,0.24957463309912672,0.0,0.0,0.0,0.98,42403,0,3724,0,5,1,18620
stage5_lightgbm_random_under_sample_gpu,lightgbm,random_under_sample,gpu,valid,fn5_fp1,5:1,0.7603736415605842,0.24957463309912672,0.0,0.0,0.0,0.99,42403,0,3724,0,5,1,18620
stage5_lightgbm_random_under_sample_gpu,lightgbm,random_under_sample,gpu,valid,fn10_fp1,10:1,0.7603736415605842,0.24957463309912672,0.08073362672621241,1.0,0.14940522757818298,0.01,0,42403,0,3724,10,1,42403
stage5_lightgbm_random_under_sample_gpu,lightgbm,random_under_sample,gpu,valid,fn10_fp1,10:1,0.7603736415605842,0.24957463309912672,0.08073362672621241,1.0,0.14940522757818298,0.02,0,42403,0,3724,10,1,42403
stage5_lightgbm_random_under_sample_gpu,lightgbm,random_under_sample,gpu,valid,fn10_fp1,10:1,0.7603736415605842,0.24957463309912672,0.08075463515125231,1.0,0.149441200666145,0.03,12,42391,0,3724,10,1,42391
stage5_lightgbm_random_under_sample_gpu,lightgbm,random_under_sample,gpu,valid,fn10_fp1,10:1,0.7603736415605842,0.24957463309912672,0.0808528192101435,1.0,0.1496093043810136,0.04,68,42335,0,3724,10,1,42335
stage5_lightgbm_random_under_sample_gpu,lightgbm,random_under_sample,gpu,valid,fn10_fp1,10:1,0.7603736415605842,0.24957463309912672,0.08104461371055495,1.0,0.149937593107058,0.05,177,42226,0,3724,10,1,42226
stage5_lightgbm_random_under_sample_gpu,lightgbm,random_under_sample,gpu,valid,fn10_fp1,10:1,0.7603736415605842,0.24957463309912672,0.08132069703454602,1.0,0.1504099519366695,0.06,333,42070,0,3724,10,1,42070
stage5_lightgbm_random_under_sample_gpu,lightgbm,random_under_sample,gpu,valid,fn10_fp1,10:1,0.7603736415605842,0.24957463309912672,0.08176887776387151,1.0,0.15117624373312766,0.07,584,41819,0,3724,10,1,41819
stage5_lightgbm_random_under_sample_gpu,lightgbm,random_under_sample,gpu,valid,fn10_fp1,10:1,0.7603736415605842,0.24957463309912672,0.08226966043579251,0.998657357679914,0.15201618671953238,0.08,917,41486,5,3719,10,1,41536
stage5_lightgbm_random_under_sample_gpu,lightgbm,random_under_sample,gpu,valid,fn10_fp1,10:1,0.7603736415605842,0.24957463309912672,0.08298699557581445,0.9973147153598282,0.15322414291018607,0.09,1363,41040,10,3714,10,1,41140
stage5_lightgbm_random_under_sample_gpu,lightgbm,random_under_sample,gpu,valid,fn10_fp1,10:1,0.7603736415605842,0.24957463309912672,0.08358888788671417,0.9954350161117078,0.15422699284406724,0.1,1762,40641,17,3707,10,1,40811
stage5_lightgbm_random_under_sample_gpu,lightgbm,random_under_sample,gpu,valid,fn10_fp1,10:1,0.7603736415605842,0.24957463309912672,0.0843810610382202,0.9930182599355531,0.15554480641022944,0.11,2276,40127,26,3698,10,1,40387
stage5_lightgbm_random_under_sample_gpu,lightgbm,random_under_sample,gpu,valid,fn10_fp1,10:1,0.7603736415605842,0.24957463309912672,0.085374031679963,0.99140708915145,0.15721007473014115,0.12,2850,39553,32,3692,10,1,39873
stage5_lightgbm_random_under_sample_gpu,lightgbm,random_under_sample,gpu,valid,fn10_fp1,10:1,0.7603736415605842,0.24957463309912672,0.08637600901070021,0.988453276047261,0.15886922744928786,0.13,3468,38935,43,3681,10,1,39365
stage5_lightgbm_random_under_sample_gpu,lightgbm,random_under_sample,gpu,valid,fn10_fp1,10:1,0.7603736415605842,0.24957463309912672,0.08760551289999523,0.9865735767991407,0.16092155402741887,0.14,4139,38264,50,3674,10,1,38764
stage5_lightgbm_random_under_sample_gpu,lightgbm,random_under_sample,gpu,valid,fn10_fp1,10:1,0.7603736415605842,0.24957463309912672,0.08898212596706521,0.9852309344790547,0.1632226349622973,0.15,4839,37564,55,3669,10,1,38114
stage5_lightgbm_random_under_sample_gpu,lightgbm,random_under_sample,gpu,valid,fn10_fp1,10:1,0.7603736415605842,0.24957463309912672,0.09044853577165451,0.9828141783029001,0.1656520853606101,0.16,5598,36805,64,3660,10,1,37445
stage5_lightgbm_random_under_sample_gpu,lightgbm,random_under_sample,gpu,valid,fn10_fp1,10:1,0.7603736415605842,0.24957463309912672,0.09183236309568811,0.9785177228786252,0.16790692316553393,0.17,6366,36037,80,3644,10,1,36837
stage5_lightgbm_random_under_sample_gpu,lightgbm,random_under_sample,gpu,valid,fn10_fp1,10:1,0.7603736415605842,0.24957463309912672,0.09333916488718516,0.9742212674543501,0.1703566313713521,0.18,7162,35241,96,3628,10,1,36201
stage5_lightgbm_random_under_sample_gpu,lightgbm,random_under_sample,gpu,valid,fn10_fp1,10:1,0.7603736415605842,0.24957463309912672,0.09487671017042619,0.9701933404940923,0.17285013754335607,0.19,7935,34468,111,3613,10,1,35578
stage5_lightgbm_random_under_sample_gpu,lightgbm,random_under_sample,gpu,valid,fn10_fp1,10:1,0.7603736415605842,0.24957463309912672,0.09650747630936082,0.965359828141783,0.17547284929835266,0.2,8747,33656,129,3595,10,1,34946
stage5_lightgbm_random_under_sample_gpu,lightgbm,random_under_sample,gpu,valid,fn10_fp1,10:1,0.7603736415605842,0.24957463309912672,0.09827273227350239,0.959452201933405,0.1782845167406816,0.21,9618,32785,151,3573,10,1,34295
stage5_lightgbm_random_under_sample_gpu,lightgbm,random_under_sample,gpu,valid,fn10_fp1,10:1,0.7603736415605842,0.24957463309912672,0.09992400146367551,0.9532760472610097,0.18088711115640366,0.22,10426,31977,174,3550,10,1,33717
stage5_lightgbm_random_under_sample_gpu,lightgbm,random_under_sample,gpu,valid,fn10_fp1,10:1,0.7603736415605842,0.24957463309912672,0.10147814538945667,0.9438775510204082,0.18325426203013398,0.23,11280,31123,209,3515,10,1,33213
stage5_lightgbm_random_under_sample_gpu,lightgbm,random_under_sample,gpu,valid,fn10_fp1,10:1,0.7603736415605842,0.24957463309912672,0.10336865786513529,0.9377013963480129,0.1862102063669813,0.24,12113,30290,232,3492,10,1,32610
stage5_lightgbm_random_under_sample_gpu,lightgbm,random_under_sample,gpu,valid,fn10_fp1,10:1,0.7603736415605842,0.24957463309912672,0.10497455162384876,0.9304511278195489,0.18866383534792552,0.25,12860,29543,259,3465,10,1,32133
stage5_lightgbm_random_under_sample_gpu,lightgbm,random_under_sample,gpu,valid,fn10_fp1,10:1,0.7603736415605842,0.24957463309912672,0.1066472104070291,0.9223952738990333,0.19118915759886454,0.26,13629,28774,289,3435,10,1,31664
stage5_lightgbm_random_under_sample_gpu,lightgbm,random_under_sample,gpu,valid,fn10_fp1,10:1,0.7603736415605842,0.24957463309912672,0.10867210398878552,0.9159505907626209,0.19429254955570746,0.27,14426,27977,313,3411,10,1,31107
stage5_lightgbm_random_under_sample_gpu,lightgbm,random_under_sample,gpu,valid,fn10_fp1,10:1,0.7603736415605842,0.24957463309912672,0.11075163398692811,0.9100429645542427,0.19747115720778463,0.28,15192,27211,335,3389,10,1,30561
stage5_lightgbm_random_under_sample_gpu,lightgbm,random_under_sample,gpu,valid,fn10_fp1,10:1,0.7603736415605842,0.24957463309912672,0.11289889150151158,0.9025241675617616,0.20069266137218605,0.29,15994,26409,363,3361,10,1,30039
stage5_lightgbm_random_under_sample_gpu,lightgbm,random_under_sample,gpu,valid,fn10_fp1,10:1,0.7603736415605842,0.24957463309912672,0.11476144511858798,0.8939312567132116,0.2034095075155811,0.3,16724,25679,395,3329,10,1,29629
stage5_lightgbm_random_under_sample_gpu,lightgbm,random_under_sample,gpu,valid,fn10_fp1,10:1,0.7603736415605842,0.24957463309912672,0.11709510657885419,0.8880236305048335,0.20690733904773823,0.31,17468,24935,417,3307,10,1,29105
stage5_lightgbm_random_under_sample_gpu,lightgbm,random_under_sample,gpu,valid,fn10_fp1,10:1,0.7603736415605842,0.24957463309912672,0.11910046941523235,0.8788936627282492,0.20977407466752124,0.32,18195,24208,451,3273,10,1,28718
stage5_lightgbm_random_under_sample_gpu,lightgbm,random_under_sample,gpu,valid,fn10_fp1,10:1,0.7603736415605842,0.24957463309912672,0.1211667913238594,0.8700322234156821,0.21271008403361344,0.33,18903,23500,484,3240,10,1,28340
stage5_lightgbm_random_under_sample_gpu,lightgbm,random_under_sample,gpu,valid,fn10_fp1,10:1,0.7603736415605842,0.24957463309912672,0.12336139622496443,0.8617078410311493,0.21582540269697684,0.34,19599,22804,515,3209,10,1,27954
stage5_lightgbm_random_under_sample_gpu,lightgbm,random_under_sample,gpu,valid,fn10_fp1,10:1,0.7603736415605842,0.24957463309912672,0.12584402764067126,0.8558002148227712,0.21942235533064822,0.35,20265,22138,537,3187,10,1,27508
stage5_lightgbm_random_under_sample_gpu,lightgbm,random_under_sample,gpu,valid,fn10_fp1,10:1,0.7603736415605842,0.24957463309912672,0.1277216883590804,0.8458646616541353,0.22193257477014125,0.36,20890,21513,574,3150,10,1,27253
stage5_lightgbm_random_under_sample_gpu,lightgbm,random_under_sample,gpu,valid,fn10_fp1,10:1,0.7603736415605842,0.24957463309912672,0.1302656348044342,0.8361976369495167,0.22541532447790366,0.37,21612,20791,610,3114,10,1,26891
stage5_lightgbm_random_under_sample_gpu,lightgbm,random_under_sample,gpu,valid,fn10_fp1,10:1,0.7603736415605842,0.24957463309912672,0.13247089262613196,0.8249194414607949,0.2282826781600654,0.38,22285,20118,652,3072,10,1,26638
stage5_lightgbm_random_under_sample_gpu,lightgbm,random_under_sample,gpu,valid,fn10_fp1,10:1,0.7603736415605842,0.24957463309912672,0.1346708686581739,0.8147153598281418,0.23113548927741592,0.39,22908,19495,690,3034,10,1,26395
stage5_lightgbm_random_under_sample_gpu,lightgbm,random_under_sample,gpu,valid,fn10_fp1,10:1,0.7603736415605842,0.24957463309912672,0.13728005865102638,0.8045112781954887,0.2345389071551589,0.4,23575,18828,728,2996,10,1,26108
stage5_lightgbm_random_under_sample_gpu,lightgbm,random_under_sample,gpu,valid,fn10_fp1,10:1,0.7603736415605842,0.24957463309912672,0.14005867322797388,0.7948442534908701,0.2381527073779065,0.41,24229,18174,764,2960,10,1,25814
stage5_lightgbm_random_under_sample_gpu,lightgbm,random_under_sample,gpu,valid,fn10_fp1,10:1,0.7603736415605842,0.24957463309912672,0.14259998053906783,0.7870569280343717,0.2414531674767279,0.42,24780,17623,793,2931,10,1,25553
stage5_lightgbm_random_under_sample_gpu,lightgbm,random_under_sample,gpu,valid,fn10_fp1,10:1,0.7603736415605842,0.24957463309912672,0.14519776850781524,0.7757787325456499,0.24461284450277296,0.43,25395,17008,835,2889,10,1,25358
stage5_lightgbm_random_under_sample_gpu,lightgbm,random_under_sample,gpu,valid,fn10_fp1,10:1,0.7603736415605842,0.24957463309912672,0.1480478917230609,0.7636949516648764,0.2480160460451731,0.44,26037,16366,880,2844,10,1,25166
stage5_lightgbm_random_under_sample_gpu,lightgbm,random_under_sample,gpu,valid,fn10_fp1,10:1,0.7603736415605842,0.24957463309912672,0.15073806701864023,0.751342642320086,0.25109934488019386,0.45,26639,15764,926,2798,10,1,25024
stage5_lightgbm_random_under_sample_gpu,lightgbm,random_under_sample,gpu,valid,fn10_fp1,10:1,0.7603736415605842,0.24957463309912672,0.15331846068042387,0.7381847475832438,0.2539022813337028,0.46,27222,15181,975,2749,10,1,24931
stage5_lightgbm_random_under_sample_gpu,lightgbm,random_under_sample,gpu,valid,fn10_fp1,10:1,0.7603736415605842,0.24957463309912672,0.15670091192427565,0.7290547798066596,0.25795724465558195,0.47,27792,14611,1009,2715,10,1,24701
stage5_lightgbm_random_under_sample_gpu,lightgbm,random_under_sample,gpu,valid,fn10_fp1,10:1,0.7603736415605842,0.24957463309912672,0.15963873437406542,0.716702470461869,0.2611162745193954,0.48,28353,14050,1055,2669,10,1,24600
stage5_lightgbm_random_under_sample_gpu,lightgbm,random_under_sample,gpu,valid,fn10_fp1,10:1,0.7603736415605842,0.24957463309912672,0.16246203433955247,0.7038131041890441,0.2639875107015158,0.49,28891,13512,1103,2621,10,1,24542
stage5_lightgbm_random_under_sample_gpu,lightgbm,random_under_sample,gpu,valid,fn10_fp1,10:1,0.7603736415605842,0.24957463309912672,0.16568123393316195,0.692266380236305,0.26737191454055176,0.5,29421,12982,1146,2578,10,1,24442
stage5_lightgbm_random_under_sample_gpu,lightgbm,random_under_sample,gpu,valid,fn10_fp1,10:1,0.7603736415605842,0.24957463309912672,0.16888829645427886,0.6804511278195489,0.2706108500640752,0.51,29933,12470,1190,2534,10,1,24370
stage5_lightgbm_random_under_sample_gpu,lightgbm,random_under_sample,gpu,valid,fn10_fp1,10:1,0.7603736415605842,0.24957463309912672,0.17208625112667267,0.6664876476906552,0.27354383644679564,0.52,30462,11941,1242,2482,10,1,24361
stage5_lightgbm_random_under_sample_gpu,lightgbm,random_under_sample,gpu,valid,fn10_fp1,10:1,0.7603736415605842,0.24957463309912672,0.17568349486474757,0.6522556390977443,0.2768091168091168,0.53,31006,11397,1295,2429,10,1,24347
stage5_lightgbm_random_under_sample_gpu,lightgbm,random_under_sample,gpu,valid,fn10_fp1,10:1,0.7603736415605842,0.24957463309912672,0.17886729929206205,0.6377551020408163,0.27937889660039994,0.54,31500,10903,1349,2375,10,1,24393
stage5_lightgbm_random_under_sample_gpu,lightgbm,random_under_sample,gpu,valid,fn10_fp1,10:1,0.7603736415605842,0.24957463309912672,0.18212545197296023,0.6221804511278195,0.281770643317524,0.55,31998,10405,1407,2317,10,1,24475
stage5_lightgbm_random_under_sample_gpu,lightgbm,random_under_sample,gpu,valid,fn10_fp1,10:1,0.7603736415605842,0.24957463309912672,0.18544562551103844,0.6090225563909775,0.2843174125611132,0.56,32441,9962,1456,2268,10,1,24522
stage5_lightgbm_random_under_sample_gpu,lightgbm,random_under_sample,gpu,valid,fn10_fp1,10:1,0.7603736415605842,0.24957463309912672,0.18840456325557636,0.5942534908700322,0.2861021331609567,0.57,32870,9533,1511,2213,10,1,24643
stage5_lightgbm_random_under_sample_gpu,lightgbm,random_under_sample,gpu,valid,fn10_fp1,10:1,0.7603736415605842,0.24957463309912672,0.19221866096866097,0.5797529538131042,0.288713559775341,0.58,33330,9073,1565,2159,10,1,24723
stage5_lightgbm_random_under_sample_gpu,lightgbm,random_under_sample,gpu,valid,fn10_fp1,10:1,0.7603736415605842,0.24957463309912672,0.19654146522870955,0.5676691729323309,0.2919889502762431,0.59,33761,8642,1610,2114,10,1,24742
stage5_lightgbm_random_under_sample_gpu,lightgbm,random_under_sample,gpu,valid,fn10_fp1,10:1,0.7603736415605842,0.24957463309912672,0.20075905021409107,0.5539742212674543,0.2947142857142857,0.6,34190,8213,1661,2063,10,1,24823
stage5_lightgbm_random_under_sample_gpu,lightgbm,random_under_sample,gpu,valid,fn10_fp1,10:1,0.7603736415605842,0.24957463309912672,0.20530411632193324,0.5383995703544576,0.2972572275759822,0.61,34642,7761,1719,2005,10,1,24951
stage5_lightgbm_random_under_sample_gpu,lightgbm,random_under_sample,gpu,valid,fn10_fp1,10:1,0.7603736415605842,0.24957463309912672,0.21024258760107817,0.5236305048335124,0.3000230786983614,0.62,35078,7325,1774,1950,10,1,25065
stage5_lightgbm_random_under_sample_gpu,lightgbm,random_under_sample,gpu,valid,fn10_fp1,10:1,0.7603736415605842,0.24957463309912672,0.21556136958252758,0.5088614393125671,0.3028365960846984,0.63,35507,6896,1829,1895,10,1,25186
stage5_lightgbm_random_under_sample_gpu,lightgbm,random_under_sample,gpu,valid,fn10_fp1,10:1,0.7603736415605842,0.24957463309912672,0.22109412326803632,0.497046186895811,0.3060515873015873,0.64,35882,6521,1873,1851,10,1,25251
stage5_lightgbm_random_under_sample_gpu,lightgbm,random_under_sample,gpu,valid,fn10_fp1,10:1,0.7603736415605842,0.24957463309912672,0.2261889743913208,0.48147153598281417,0.3077847395073384,0.65,36269,6134,1931,1793,10,1,25444
stage5_lightgbm_random_under_sample_gpu,lightgbm,random_under_sample,gpu,valid,fn10_fp1,10:1,0.7603736415605842,0.24957463309912672,0.2312825303616709,0.465359828141783,0.3089952750289739,0.66,36643,5760,1991,1733,10,1,25670
stage5_lightgbm_random_under_sample_gpu,lightgbm,random_under_sample,gpu,valid,fn10_fp1,10:1,0.7603736415605842,0.24957463309912672,0.23636363636363636,0.44683136412459723,0.30917874396135264,0.67,37027,5376,2060,1664,10,1,25976
stage5_lightgbm_random_under_sample_gpu,lightgbm,random_under_sample,gpu,valid,fn10_fp1,10:1,0.7603736415605842,0.24957463309912672,0.24308894230769232,0.43447905477980664,0.3117533718689788,0.68,37365,5038,2106,1618,10,1,26098
stage5_lightgbm_random_under_sample_gpu,lightgbm,random_under_sample,gpu,valid,fn10_fp1,10:1,0.7603736415605842,0.24957463309912672,0.251810136765889,0.4202470461868958,0.31492101821108764,0.69,37753,4650,2159,1565,10,1,26240
stage5_lightgbm_random_under_sample_gpu,lightgbm,random_under_sample,gpu,valid,fn10_fp1,10:1,0.7603736415605842,0.24957463309912672,0.25694085187101223,0.40010741138560685,0.3129265987608947,0.7,38094,4309,2234,1490,10,1,26649
stage5_lightgbm_random_under_sample_gpu,lightgbm,random_under_sample,gpu,valid,fn10_fp1,10:1,0.7603736415605842,0.24957463309912672,0.26369168356997974,0.38399570354457574,0.3126708210342189,0.71,38410,3993,2294,1430,10,1,26933
stage5_lightgbm_random_under_sample_gpu,lightgbm,random_under_sample,gpu,valid,fn10_fp1,10:1,0.7603736415605842,0.24957463309912672,0.2701252236135957,0.36493018259935556,0.31045117075956596,0.72,38731,3672,2365,1359,10,1,27322
stage5_lightgbm_random_under_sample_gpu,lightgbm,random_under_sample,gpu,valid,fn10_fp1,10:1,0.7603736415605842,0.24957463309912672,0.27668238319759964,0.3466702470461869,0.3077473182359952,0.73,39028,3375,2433,1291,10,1,27705
stage5_lightgbm_random_under_sample_gpu,lightgbm,random_under_sample,gpu,valid,fn10_fp1,10:1,0.7603736415605842,0.24957463309912672,0.28449074074074077,0.33002148227712136,0.30556936847339633,0.74,39312,3091,2495,1229,10,1,28041
stage5_lightgbm_random_under_sample_gpu,lightgbm,random_under_sample,gpu,valid,fn10_fp1,10:1,0.7603736415605842,0.24957463309912672,0.29068602904356533,0.31176154672395273,0.3008551438196424,0.75,39570,2833,2563,1161,10,1,28463
stage5_lightgbm_random_under_sample_gpu,lightgbm,random_under_sample,gpu,valid,fn10_fp1,10:1,0.7603736415605842,0.24957463309912672,0.29771615008156604,0.29403866809881846,0.2958659821669819,0.76,39820,2583,2629,1095,10,1,28873
stage5_lightgbm_random_under_sample_gpu,lightgbm,random_under_sample,gpu,valid,fn10_fp1,10:1,0.7603736415605842,0.24957463309912672,0.3077382730803705,0.2765843179377014,0.29133078772450854,0.77,40086,2317,2694,1030,10,1,29257
stage5_lightgbm_random_under_sample_gpu,lightgbm,random_under_sample,gpu,valid,fn10_fp1,10:1,0.7603736415605842,0.24957463309912672,0.31897979463398474,0.25859291084854996,0.2856295417469969,0.78,40347,2056,2761,963,10,1,29666
stage5_lightgbm_random_under_sample_gpu,lightgbm,random_under_sample,gpu,valid,fn10_fp1,10:1,0.7603736415605842,0.24957463309912672,0.33406593406593404,0.24489795918367346,0.2826154322900527,0.79,40585,1818,2812,912,10,1,29938
stage5_lightgbm_random_under_sample_gpu,lightgbm,random_under_sample,gpu,valid,fn10_fp1,10:1,0.7603736415605842,0.24957463309912672,0.34484175914508836,0.2252953813104189,0.2725353256456066,0.8,40809,1594,2885,839,10,1,30444
stage5_lightgbm_random_under_sample_gpu,lightgbm,random_under_sample,gpu,valid,fn10_fp1,10:1,0.7603736415605842,0.24957463309912672,0.3536472760849492,0.20569280343716434,0.2601018675721562,0.81,41003,1400,2958,766,10,1,30980
stage5_lightgbm_random_under_sample_gpu,lightgbm,random_under_sample,gpu,valid,fn10_fp1,10:1,0.7603736415605842,0.24957463309912672,0.3691737288135593,0.1871643394199785,0.24839629365645047,0.82,41212,1191,3027,697,10,1,31461
stage5_lightgbm_random_under_sample_gpu,lightgbm,random_under_sample,gpu,valid,fn10_fp1,10:1,0.7603736415605842,0.24957463309912672,0.3717085119412125,0.1629967776584318,0.2266193765167071,0.83,41377,1026,3117,607,10,1,32196
stage5_lightgbm_random_under_sample_gpu,lightgbm,random_under_sample,gpu,valid,fn10_fp1,10:1,0.7603736415605842,0.24957463309912672,0.37652987760979123,0.14044038668098818,0.20457656952865244,0.84,41537,866,3201,523,10,1,32876
stage5_lightgbm_random_under_sample_gpu,lightgbm,random_under_sample,gpu,valid,fn10_fp1,10:1,0.7603736415605842,0.24957463309912672,0.39453458582408196,0.12406015037593984,0.18876404494382024,0.85,41694,709,3262,462,10,1,33329
stage5_lightgbm_random_under_sample_gpu,lightgbm,random_under_sample,gpu,valid,fn10_fp1,10:1,0.7603736415605842,0.24957463309912672,0.4077868852459016,0.10687432867883996,0.16936170212765958,0.86,41825,578,3326,398,10,1,33838
stage5_lightgbm_random_under_sample_gpu,lightgbm,random_under_sample,gpu,valid,fn10_fp1,10:1,0.7603736415605842,0.24957463309912672,0.42929936305732486,0.09049409237379162,0.14947882013750277,0.87,41955,448,3387,337,10,1,34318
stage5_lightgbm_random_under_sample_gpu,lightgbm,random_under_sample,gpu,valid,fn10_fp1,10:1,0.7603736415605842,0.24957463309912672,0.4588235294117647,0.07330827067669173,0.12641815235008103,0.88,42081,322,3451,273,10,1,34832
stage5_lightgbm_random_under_sample_gpu,lightgbm,random_under_sample,gpu,valid,fn10_fp1,10:1,0.7603736415605842,0.24957463309912672,0.4764044943820225,0.05692803437164339,0.10170304629407531,0.89,42170,233,3512,212,10,1,35353
stage5_lightgbm_random_under_sample_gpu,lightgbm,random_under_sample,gpu,valid,fn10_fp1,10:1,0.7603736415605842,0.24957463309912672,0.49382716049382713,0.04296455424274973,0.07905138339920949,0.9,42239,164,3564,160,10,1,35804
stage5_lightgbm_random_under_sample_gpu,lightgbm,random_under_sample,gpu,valid,fn10_fp1,10:1,0.7603736415605842,0.24957463309912672,0.5113122171945701,0.030343716433941997,0.05728770595690748,0.91,42295,108,3611,113,10,1,36218
stage5_lightgbm_random_under_sample_gpu,lightgbm,random_under_sample,gpu,valid,fn10_fp1,10:1,0.7603736415605842,0.24957463309912672,0.6165413533834586,0.02201933404940924,0.04252009333679025,0.92,42352,51,3642,82,10,1,36471
stage5_lightgbm_random_under_sample_gpu,lightgbm,random_under_sample,gpu,valid,fn10_fp1,10:1,0.7603736415605842,0.24957463309912672,0.6666666666666666,0.01288936627282492,0.02528977871443625,0.93,42379,24,3676,48,10,1,36784
stage5_lightgbm_random_under_sample_gpu,lightgbm,random_under_sample,gpu,valid,fn10_fp1,10:1,0.7603736415605842,0.24957463309912672,0.6428571428571429,0.004833512352309345,0.009594882729211088,0.94,42393,10,3706,18,10,1,37070
stage5_lightgbm_random_under_sample_gpu,lightgbm,random_under_sample,gpu,valid,fn10_fp1,10:1,0.7603736415605842,0.24957463309912672,0.6363636363636364,0.0018796992481203006,0.003748326639892905,0.95,42399,4,3717,7,10,1,37174
stage5_lightgbm_random_under_sample_gpu,lightgbm,random_under_sample,gpu,valid,fn10_fp1,10:1,0.7603736415605842,0.24957463309912672,1.0,0.0002685284640171858,0.0005369127516778523,0.96,42403,0,3723,1,10,1,37230
stage5_lightgbm_random_under_sample_gpu,lightgbm,random_under_sample,gpu,valid,fn10_fp1,10:1,0.7603736415605842,0.24957463309912672,0.0,0.0,0.0,0.97,42403,0,3724,0,10,1,37240
stage5_lightgbm_random_under_sample_gpu,lightgbm,random_under_sample,gpu,valid,fn10_fp1,10:1,0.7603736415605842,0.24957463309912672,0.0,0.0,0.0,0.98,42403,0,3724,0,10,1,37240
stage5_lightgbm_random_under_sample_gpu,lightgbm,random_under_sample,gpu,valid,fn10_fp1,10:1,0.7603736415605842,0.24957463309912672,0.0,0.0,0.0,0.99,42403,0,3724,0,10,1,37240
stage5_lightgbm_random_under_sample_gpu,lightgbm,random_under_sample,gpu,valid,fn20_fp1,20:1,0.7603736415605842,0.24957463309912672,0.08073362672621241,1.0,0.14940522757818298,0.01,0,42403,0,3724,20,1,42403
stage5_lightgbm_random_under_sample_gpu,lightgbm,random_under_sample,gpu,valid,fn20_fp1,20:1,0.7603736415605842,0.24957463309912672,0.08073362672621241,1.0,0.14940522757818298,0.02,0,42403,0,3724,20,1,42403
stage5_lightgbm_random_under_sample_gpu,lightgbm,random_under_sample,gpu,valid,fn20_fp1,20:1,0.7603736415605842,0.24957463309912672,0.08075463515125231,1.0,0.149441200666145,0.03,12,42391,0,3724,20,1,42391
stage5_lightgbm_random_under_sample_gpu,lightgbm,random_under_sample,gpu,valid,fn20_fp1,20:1,0.7603736415605842,0.24957463309912672,0.0808528192101435,1.0,0.1496093043810136,0.04,68,42335,0,3724,20,1,42335
stage5_lightgbm_random_under_sample_gpu,lightgbm,random_under_sample,gpu,valid,fn20_fp1,20:1,0.7603736415605842,0.24957463309912672,0.08104461371055495,1.0,0.149937593107058,0.05,177,42226,0,3724,20,1,42226
stage5_lightgbm_random_under_sample_gpu,lightgbm,random_under_sample,gpu,valid,fn20_fp1,20:1,0.7603736415605842,0.24957463309912672,0.08132069703454602,1.0,0.1504099519366695,0.06,333,42070,0,3724,20,1,42070
stage5_lightgbm_random_under_sample_gpu,lightgbm,random_under_sample,gpu,valid,fn20_fp1,20:1,0.7603736415605842,0.24957463309912672,0.08176887776387151,1.0,0.15117624373312766,0.07,584,41819,0,3724,20,1,41819
stage5_lightgbm_random_under_sample_gpu,lightgbm,random_under_sample,gpu,valid,fn20_fp1,20:1,0.7603736415605842,0.24957463309912672,0.08226966043579251,0.998657357679914,0.15201618671953238,0.08,917,41486,5,3719,20,1,41586
stage5_lightgbm_random_under_sample_gpu,lightgbm,random_under_sample,gpu,valid,fn20_fp1,20:1,0.7603736415605842,0.24957463309912672,0.08298699557581445,0.9973147153598282,0.15322414291018607,0.09,1363,41040,10,3714,20,1,41240
stage5_lightgbm_random_under_sample_gpu,lightgbm,random_under_sample,gpu,valid,fn20_fp1,20:1,0.7603736415605842,0.24957463309912672,0.08358888788671417,0.9954350161117078,0.15422699284406724,0.1,1762,40641,17,3707,20,1,40981
stage5_lightgbm_random_under_sample_gpu,lightgbm,random_under_sample,gpu,valid,fn20_fp1,20:1,0.7603736415605842,0.24957463309912672,0.0843810610382202,0.9930182599355531,0.15554480641022944,0.11,2276,40127,26,3698,20,1,40647
stage5_lightgbm_random_under_sample_gpu,lightgbm,random_under_sample,gpu,valid,fn20_fp1,20:1,0.7603736415605842,0.24957463309912672,0.085374031679963,0.99140708915145,0.15721007473014115,0.12,2850,39553,32,3692,20,1,40193
stage5_lightgbm_random_under_sample_gpu,lightgbm,random_under_sample,gpu,valid,fn20_fp1,20:1,0.7603736415605842,0.24957463309912672,0.08637600901070021,0.988453276047261,0.15886922744928786,0.13,3468,38935,43,3681,20,1,39795
stage5_lightgbm_random_under_sample_gpu,lightgbm,random_under_sample,gpu,valid,fn20_fp1,20:1,0.7603736415605842,0.24957463309912672,0.08760551289999523,0.9865735767991407,0.16092155402741887,0.14,4139,38264,50,3674,20,1,39264
stage5_lightgbm_random_under_sample_gpu,lightgbm,random_under_sample,gpu,valid,fn20_fp1,20:1,0.7603736415605842,0.24957463309912672,0.08898212596706521,0.9852309344790547,0.1632226349622973,0.15,4839,37564,55,3669,20,1,38664
stage5_lightgbm_random_under_sample_gpu,lightgbm,random_under_sample,gpu,valid,fn20_fp1,20:1,0.7603736415605842,0.24957463309912672,0.09044853577165451,0.9828141783029001,0.1656520853606101,0.16,5598,36805,64,3660,20,1,38085
stage5_lightgbm_random_under_sample_gpu,lightgbm,random_under_sample,gpu,valid,fn20_fp1,20:1,0.7603736415605842,0.24957463309912672,0.09183236309568811,0.9785177228786252,0.16790692316553393,0.17,6366,36037,80,3644,20,1,37637
stage5_lightgbm_random_under_sample_gpu,lightgbm,random_under_sample,gpu,valid,fn20_fp1,20:1,0.7603736415605842,0.24957463309912672,0.09333916488718516,0.9742212674543501,0.1703566313713521,0.18,7162,35241,96,3628,20,1,37161
stage5_lightgbm_random_under_sample_gpu,lightgbm,random_under_sample,gpu,valid,fn20_fp1,20:1,0.7603736415605842,0.24957463309912672,0.09487671017042619,0.9701933404940923,0.17285013754335607,0.19,7935,34468,111,3613,20,1,36688
stage5_lightgbm_random_under_sample_gpu,lightgbm,random_under_sample,gpu,valid,fn20_fp1,20:1,0.7603736415605842,0.24957463309912672,0.09650747630936082,0.965359828141783,0.17547284929835266,0.2,8747,33656,129,3595,20,1,36236
stage5_lightgbm_random_under_sample_gpu,lightgbm,random_under_sample,gpu,valid,fn20_fp1,20:1,0.7603736415605842,0.24957463309912672,0.09827273227350239,0.959452201933405,0.1782845167406816,0.21,9618,32785,151,3573,20,1,35805
stage5_lightgbm_random_under_sample_gpu,lightgbm,random_under_sample,gpu,valid,fn20_fp1,20:1,0.7603736415605842,0.24957463309912672,0.09992400146367551,0.9532760472610097,0.18088711115640366,0.22,10426,31977,174,3550,20,1,35457
stage5_lightgbm_random_under_sample_gpu,lightgbm,random_under_sample,gpu,valid,fn20_fp1,20:1,0.7603736415605842,0.24957463309912672,0.10147814538945667,0.9438775510204082,0.18325426203013398,0.23,11280,31123,209,3515,20,1,35303
stage5_lightgbm_random_under_sample_gpu,lightgbm,random_under_sample,gpu,valid,fn20_fp1,20:1,0.7603736415605842,0.24957463309912672,0.10336865786513529,0.9377013963480129,0.1862102063669813,0.24,12113,30290,232,3492,20,1,34930
stage5_lightgbm_random_under_sample_gpu,lightgbm,random_under_sample,gpu,valid,fn20_fp1,20:1,0.7603736415605842,0.24957463309912672,0.10497455162384876,0.9304511278195489,0.18866383534792552,0.25,12860,29543,259,3465,20,1,34723
stage5_lightgbm_random_under_sample_gpu,lightgbm,random_under_sample,gpu,valid,fn20_fp1,20:1,0.7603736415605842,0.24957463309912672,0.1066472104070291,0.9223952738990333,0.19118915759886454,0.26,13629,28774,289,3435,20,1,34554
stage5_lightgbm_random_under_sample_gpu,lightgbm,random_under_sample,gpu,valid,fn20_fp1,20:1,0.7603736415605842,0.24957463309912672,0.10867210398878552,0.9159505907626209,0.19429254955570746,0.27,14426,27977,313,3411,20,1,34237
stage5_lightgbm_random_under_sample_gpu,lightgbm,random_under_sample,gpu,valid,fn20_fp1,20:1,0.7603736415605842,0.24957463309912672,0.11075163398692811,0.9100429645542427,0.19747115720778463,0.28,15192,27211,335,3389,20,1,33911
stage5_lightgbm_random_under_sample_gpu,lightgbm,random_under_sample,gpu,valid,fn20_fp1,20:1,0.7603736415605842,0.24957463309912672,0.11289889150151158,0.9025241675617616,0.20069266137218605,0.29,15994,26409,363,3361,20,1,33669
stage5_lightgbm_random_under_sample_gpu,lightgbm,random_under_sample,gpu,valid,fn20_fp1,20:1,0.7603736415605842,0.24957463309912672,0.11476144511858798,0.8939312567132116,0.2034095075155811,0.3,16724,25679,395,3329,20,1,33579
stage5_lightgbm_random_under_sample_gpu,lightgbm,random_under_sample,gpu,valid,fn20_fp1,20:1,0.7603736415605842,0.24957463309912672,0.11709510657885419,0.8880236305048335,0.20690733904773823,0.31,17468,24935,417,3307,20,1,33275
stage5_lightgbm_random_under_sample_gpu,lightgbm,random_under_sample,gpu,valid,fn20_fp1,20:1,0.7603736415605842,0.24957463309912672,0.11910046941523235,0.8788936627282492,0.20977407466752124,0.32,18195,24208,451,3273,20,1,33228
stage5_lightgbm_random_under_sample_gpu,lightgbm,random_under_sample,gpu,valid,fn20_fp1,20:1,0.7603736415605842,0.24957463309912672,0.1211667913238594,0.8700322234156821,0.21271008403361344,0.33,18903,23500,484,3240,20,1,33180
stage5_lightgbm_random_under_sample_gpu,lightgbm,random_under_sample,gpu,valid,fn20_fp1,20:1,0.7603736415605842,0.24957463309912672,0.12336139622496443,0.8617078410311493,0.21582540269697684,0.34,19599,22804,515,3209,20,1,33104
stage5_lightgbm_random_under_sample_gpu,lightgbm,random_under_sample,gpu,valid,fn20_fp1,20:1,0.7603736415605842,0.24957463309912672,0.12584402764067126,0.8558002148227712,0.21942235533064822,0.35,20265,22138,537,3187,20,1,32878
stage5_lightgbm_random_under_sample_gpu,lightgbm,random_under_sample,gpu,valid,fn20_fp1,20:1,0.7603736415605842,0.24957463309912672,0.1277216883590804,0.8458646616541353,0.22193257477014125,0.36,20890,21513,574,3150,20,1,32993
stage5_lightgbm_random_under_sample_gpu,lightgbm,random_under_sample,gpu,valid,fn20_fp1,20:1,0.7603736415605842,0.24957463309912672,0.1302656348044342,0.8361976369495167,0.22541532447790366,0.37,21612,20791,610,3114,20,1,32991
stage5_lightgbm_random_under_sample_gpu,lightgbm,random_under_sample,gpu,valid,fn20_fp1,20:1,0.7603736415605842,0.24957463309912672,0.13247089262613196,0.8249194414607949,0.2282826781600654,0.38,22285,20118,652,3072,20,1,33158
stage5_lightgbm_random_under_sample_gpu,lightgbm,random_under_sample,gpu,valid,fn20_fp1,20:1,0.7603736415605842,0.24957463309912672,0.1346708686581739,0.8147153598281418,0.23113548927741592,0.39,22908,19495,690,3034,20,1,33295
stage5_lightgbm_random_under_sample_gpu,lightgbm,random_under_sample,gpu,valid,fn20_fp1,20:1,0.7603736415605842,0.24957463309912672,0.13728005865102638,0.8045112781954887,0.2345389071551589,0.4,23575,18828,728,2996,20,1,33388
stage5_lightgbm_random_under_sample_gpu,lightgbm,random_under_sample,gpu,valid,fn20_fp1,20:1,0.7603736415605842,0.24957463309912672,0.14005867322797388,0.7948442534908701,0.2381527073779065,0.41,24229,18174,764,2960,20,1,33454
stage5_lightgbm_random_under_sample_gpu,lightgbm,random_under_sample,gpu,valid,fn20_fp1,20:1,0.7603736415605842,0.24957463309912672,0.14259998053906783,0.7870569280343717,0.2414531674767279,0.42,24780,17623,793,2931,20,1,33483
stage5_lightgbm_random_under_sample_gpu,lightgbm,random_under_sample,gpu,valid,fn20_fp1,20:1,0.7603736415605842,0.24957463309912672,0.14519776850781524,0.7757787325456499,0.24461284450277296,0.43,25395,17008,835,2889,20,1,33708
stage5_lightgbm_random_under_sample_gpu,lightgbm,random_under_sample,gpu,valid,fn20_fp1,20:1,0.7603736415605842,0.24957463309912672,0.1480478917230609,0.7636949516648764,0.2480160460451731,0.44,26037,16366,880,2844,20,1,33966
stage5_lightgbm_random_under_sample_gpu,lightgbm,random_under_sample,gpu,valid,fn20_fp1,20:1,0.7603736415605842,0.24957463309912672,0.15073806701864023,0.751342642320086,0.25109934488019386,0.45,26639,15764,926,2798,20,1,34284
stage5_lightgbm_random_under_sample_gpu,lightgbm,random_under_sample,gpu,valid,fn20_fp1,20:1,0.7603736415605842,0.24957463309912672,0.15331846068042387,0.7381847475832438,0.2539022813337028,0.46,27222,15181,975,2749,20,1,34681
stage5_lightgbm_random_under_sample_gpu,lightgbm,random_under_sample,gpu,valid,fn20_fp1,20:1,0.7603736415605842,0.24957463309912672,0.15670091192427565,0.7290547798066596,0.25795724465558195,0.47,27792,14611,1009,2715,20,1,34791
stage5_lightgbm_random_under_sample_gpu,lightgbm,random_under_sample,gpu,valid,fn20_fp1,20:1,0.7603736415605842,0.24957463309912672,0.15963873437406542,0.716702470461869,0.2611162745193954,0.48,28353,14050,1055,2669,20,1,35150
stage5_lightgbm_random_under_sample_gpu,lightgbm,random_under_sample,gpu,valid,fn20_fp1,20:1,0.7603736415605842,0.24957463309912672,0.16246203433955247,0.7038131041890441,0.2639875107015158,0.49,28891,13512,1103,2621,20,1,35572
stage5_lightgbm_random_under_sample_gpu,lightgbm,random_under_sample,gpu,valid,fn20_fp1,20:1,0.7603736415605842,0.24957463309912672,0.16568123393316195,0.692266380236305,0.26737191454055176,0.5,29421,12982,1146,2578,20,1,35902
stage5_lightgbm_random_under_sample_gpu,lightgbm,random_under_sample,gpu,valid,fn20_fp1,20:1,0.7603736415605842,0.24957463309912672,0.16888829645427886,0.6804511278195489,0.2706108500640752,0.51,29933,12470,1190,2534,20,1,36270
stage5_lightgbm_random_under_sample_gpu,lightgbm,random_under_sample,gpu,valid,fn20_fp1,20:1,0.7603736415605842,0.24957463309912672,0.17208625112667267,0.6664876476906552,0.27354383644679564,0.52,30462,11941,1242,2482,20,1,36781
stage5_lightgbm_random_under_sample_gpu,lightgbm,random_under_sample,gpu,valid,fn20_fp1,20:1,0.7603736415605842,0.24957463309912672,0.17568349486474757,0.6522556390977443,0.2768091168091168,0.53,31006,11397,1295,2429,20,1,37297
stage5_lightgbm_random_under_sample_gpu,lightgbm,random_under_sample,gpu,valid,fn20_fp1,20:1,0.7603736415605842,0.24957463309912672,0.17886729929206205,0.6377551020408163,0.27937889660039994,0.54,31500,10903,1349,2375,20,1,37883
stage5_lightgbm_random_under_sample_gpu,lightgbm,random_under_sample,gpu,valid,fn20_fp1,20:1,0.7603736415605842,0.24957463309912672,0.18212545197296023,0.6221804511278195,0.281770643317524,0.55,31998,10405,1407,2317,20,1,38545
stage5_lightgbm_random_under_sample_gpu,lightgbm,random_under_sample,gpu,valid,fn20_fp1,20:1,0.7603736415605842,0.24957463309912672,0.18544562551103844,0.6090225563909775,0.2843174125611132,0.56,32441,9962,1456,2268,20,1,39082
stage5_lightgbm_random_under_sample_gpu,lightgbm,random_under_sample,gpu,valid,fn20_fp1,20:1,0.7603736415605842,0.24957463309912672,0.18840456325557636,0.5942534908700322,0.2861021331609567,0.57,32870,9533,1511,2213,20,1,39753
stage5_lightgbm_random_under_sample_gpu,lightgbm,random_under_sample,gpu,valid,fn20_fp1,20:1,0.7603736415605842,0.24957463309912672,0.19221866096866097,0.5797529538131042,0.288713559775341,0.58,33330,9073,1565,2159,20,1,40373
stage5_lightgbm_random_under_sample_gpu,lightgbm,random_under_sample,gpu,valid,fn20_fp1,20:1,0.7603736415605842,0.24957463309912672,0.19654146522870955,0.5676691729323309,0.2919889502762431,0.59,33761,8642,1610,2114,20,1,40842
stage5_lightgbm_random_under_sample_gpu,lightgbm,random_under_sample,gpu,valid,fn20_fp1,20:1,0.7603736415605842,0.24957463309912672,0.20075905021409107,0.5539742212674543,0.2947142857142857,0.6,34190,8213,1661,2063,20,1,41433
stage5_lightgbm_random_under_sample_gpu,lightgbm,random_under_sample,gpu,valid,fn20_fp1,20:1,0.7603736415605842,0.24957463309912672,0.20530411632193324,0.5383995703544576,0.2972572275759822,0.61,34642,7761,1719,2005,20,1,42141
stage5_lightgbm_random_under_sample_gpu,lightgbm,random_under_sample,gpu,valid,fn20_fp1,20:1,0.7603736415605842,0.24957463309912672,0.21024258760107817,0.5236305048335124,0.3000230786983614,0.62,35078,7325,1774,1950,20,1,42805
stage5_lightgbm_random_under_sample_gpu,lightgbm,random_under_sample,gpu,valid,fn20_fp1,20:1,0.7603736415605842,0.24957463309912672,0.21556136958252758,0.5088614393125671,0.3028365960846984,0.63,35507,6896,1829,1895,20,1,43476
stage5_lightgbm_random_under_sample_gpu,lightgbm,random_under_sample,gpu,valid,fn20_fp1,20:1,0.7603736415605842,0.24957463309912672,0.22109412326803632,0.497046186895811,0.3060515873015873,0.64,35882,6521,1873,1851,20,1,43981
stage5_lightgbm_random_under_sample_gpu,lightgbm,random_under_sample,gpu,valid,fn20_fp1,20:1,0.7603736415605842,0.24957463309912672,0.2261889743913208,0.48147153598281417,0.3077847395073384,0.65,36269,6134,1931,1793,20,1,44754
stage5_lightgbm_random_under_sample_gpu,lightgbm,random_under_sample,gpu,valid,fn20_fp1,20:1,0.7603736415605842,0.24957463309912672,0.2312825303616709,0.465359828141783,0.3089952750289739,0.66,36643,5760,1991,1733,20,1,45580
stage5_lightgbm_random_under_sample_gpu,lightgbm,random_under_sample,gpu,valid,fn20_fp1,20:1,0.7603736415605842,0.24957463309912672,0.23636363636363636,0.44683136412459723,0.30917874396135264,0.67,37027,5376,2060,1664,20,1,46576
stage5_lightgbm_random_under_sample_gpu,lightgbm,random_under_sample,gpu,valid,fn20_fp1,20:1,0.7603736415605842,0.24957463309912672,0.24308894230769232,0.43447905477980664,0.3117533718689788,0.68,37365,5038,2106,1618,20,1,47158
stage5_lightgbm_random_under_sample_gpu,lightgbm,random_under_sample,gpu,valid,fn20_fp1,20:1,0.7603736415605842,0.24957463309912672,0.251810136765889,0.4202470461868958,0.31492101821108764,0.69,37753,4650,2159,1565,20,1,47830
stage5_lightgbm_random_under_sample_gpu,lightgbm,random_under_sample,gpu,valid,fn20_fp1,20:1,0.7603736415605842,0.24957463309912672,0.25694085187101223,0.40010741138560685,0.3129265987608947,0.7,38094,4309,2234,1490,20,1,48989
stage5_lightgbm_random_under_sample_gpu,lightgbm,random_under_sample,gpu,valid,fn20_fp1,20:1,0.7603736415605842,0.24957463309912672,0.26369168356997974,0.38399570354457574,0.3126708210342189,0.71,38410,3993,2294,1430,20,1,49873
stage5_lightgbm_random_under_sample_gpu,lightgbm,random_under_sample,gpu,valid,fn20_fp1,20:1,0.7603736415605842,0.24957463309912672,0.2701252236135957,0.36493018259935556,0.31045117075956596,0.72,38731,3672,2365,1359,20,1,50972
stage5_lightgbm_random_under_sample_gpu,lightgbm,random_under_sample,gpu,valid,fn20_fp1,20:1,0.7603736415605842,0.24957463309912672,0.27668238319759964,0.3466702470461869,0.3077473182359952,0.73,39028,3375,2433,1291,20,1,52035
stage5_lightgbm_random_under_sample_gpu,lightgbm,random_under_sample,gpu,valid,fn20_fp1,20:1,0.7603736415605842,0.24957463309912672,0.28449074074074077,0.33002148227712136,0.30556936847339633,0.74,39312,3091,2495,1229,20,1,52991
stage5_lightgbm_random_under_sample_gpu,lightgbm,random_under_sample,gpu,valid,fn20_fp1,20:1,0.7603736415605842,0.24957463309912672,0.29068602904356533,0.31176154672395273,0.3008551438196424,0.75,39570,2833,2563,1161,20,1,54093
stage5_lightgbm_random_under_sample_gpu,lightgbm,random_under_sample,gpu,valid,fn20_fp1,20:1,0.7603736415605842,0.24957463309912672,0.29771615008156604,0.29403866809881846,0.2958659821669819,0.76,39820,2583,2629,1095,20,1,55163
stage5_lightgbm_random_under_sample_gpu,lightgbm,random_under_sample,gpu,valid,fn20_fp1,20:1,0.7603736415605842,0.24957463309912672,0.3077382730803705,0.2765843179377014,0.29133078772450854,0.77,40086,2317,2694,1030,20,1,56197
stage5_lightgbm_random_under_sample_gpu,lightgbm,random_under_sample,gpu,valid,fn20_fp1,20:1,0.7603736415605842,0.24957463309912672,0.31897979463398474,0.25859291084854996,0.2856295417469969,0.78,40347,2056,2761,963,20,1,57276
stage5_lightgbm_random_under_sample_gpu,lightgbm,random_under_sample,gpu,valid,fn20_fp1,20:1,0.7603736415605842,0.24957463309912672,0.33406593406593404,0.24489795918367346,0.2826154322900527,0.79,40585,1818,2812,912,20,1,58058
stage5_lightgbm_random_under_sample_gpu,lightgbm,random_under_sample,gpu,valid,fn20_fp1,20:1,0.7603736415605842,0.24957463309912672,0.34484175914508836,0.2252953813104189,0.2725353256456066,0.8,40809,1594,2885,839,20,1,59294
stage5_lightgbm_random_under_sample_gpu,lightgbm,random_under_sample,gpu,valid,fn20_fp1,20:1,0.7603736415605842,0.24957463309912672,0.3536472760849492,0.20569280343716434,0.2601018675721562,0.81,41003,1400,2958,766,20,1,60560
stage5_lightgbm_random_under_sample_gpu,lightgbm,random_under_sample,gpu,valid,fn20_fp1,20:1,0.7603736415605842,0.24957463309912672,0.3691737288135593,0.1871643394199785,0.24839629365645047,0.82,41212,1191,3027,697,20,1,61731
stage5_lightgbm_random_under_sample_gpu,lightgbm,random_under_sample,gpu,valid,fn20_fp1,20:1,0.7603736415605842,0.24957463309912672,0.3717085119412125,0.1629967776584318,0.2266193765167071,0.83,41377,1026,3117,607,20,1,63366
stage5_lightgbm_random_under_sample_gpu,lightgbm,random_under_sample,gpu,valid,fn20_fp1,20:1,0.7603736415605842,0.24957463309912672,0.37652987760979123,0.14044038668098818,0.20457656952865244,0.84,41537,866,3201,523,20,1,64886
stage5_lightgbm_random_under_sample_gpu,lightgbm,random_under_sample,gpu,valid,fn20_fp1,20:1,0.7603736415605842,0.24957463309912672,0.39453458582408196,0.12406015037593984,0.18876404494382024,0.85,41694,709,3262,462,20,1,65949
stage5_lightgbm_random_under_sample_gpu,lightgbm,random_under_sample,gpu,valid,fn20_fp1,20:1,0.7603736415605842,0.24957463309912672,0.4077868852459016,0.10687432867883996,0.16936170212765958,0.86,41825,578,3326,398,20,1,67098
stage5_lightgbm_random_under_sample_gpu,lightgbm,random_under_sample,gpu,valid,fn20_fp1,20:1,0.7603736415605842,0.24957463309912672,0.42929936305732486,0.09049409237379162,0.14947882013750277,0.87,41955,448,3387,337,20,1,68188
stage5_lightgbm_random_under_sample_gpu,lightgbm,random_under_sample,gpu,valid,fn20_fp1,20:1,0.7603736415605842,0.24957463309912672,0.4588235294117647,0.07330827067669173,0.12641815235008103,0.88,42081,322,3451,273,20,1,69342
stage5_lightgbm_random_under_sample_gpu,lightgbm,random_under_sample,gpu,valid,fn20_fp1,20:1,0.7603736415605842,0.24957463309912672,0.4764044943820225,0.05692803437164339,0.10170304629407531,0.89,42170,233,3512,212,20,1,70473
stage5_lightgbm_random_under_sample_gpu,lightgbm,random_under_sample,gpu,valid,fn20_fp1,20:1,0.7603736415605842,0.24957463309912672,0.49382716049382713,0.04296455424274973,0.07905138339920949,0.9,42239,164,3564,160,20,1,71444
stage5_lightgbm_random_under_sample_gpu,lightgbm,random_under_sample,gpu,valid,fn20_fp1,20:1,0.7603736415605842,0.24957463309912672,0.5113122171945701,0.030343716433941997,0.05728770595690748,0.91,42295,108,3611,113,20,1,72328
stage5_lightgbm_random_under_sample_gpu,lightgbm,random_under_sample,gpu,valid,fn20_fp1,20:1,0.7603736415605842,0.24957463309912672,0.6165413533834586,0.02201933404940924,0.04252009333679025,0.92,42352,51,3642,82,20,1,72891
stage5_lightgbm_random_under_sample_gpu,lightgbm,random_under_sample,gpu,valid,fn20_fp1,20:1,0.7603736415605842,0.24957463309912672,0.6666666666666666,0.01288936627282492,0.02528977871443625,0.93,42379,24,3676,48,20,1,73544
stage5_lightgbm_random_under_sample_gpu,lightgbm,random_under_sample,gpu,valid,fn20_fp1,20:1,0.7603736415605842,0.24957463309912672,0.6428571428571429,0.004833512352309345,0.009594882729211088,0.94,42393,10,3706,18,20,1,74130
stage5_lightgbm_random_under_sample_gpu,lightgbm,random_under_sample,gpu,valid,fn20_fp1,20:1,0.7603736415605842,0.24957463309912672,0.6363636363636364,0.0018796992481203006,0.003748326639892905,0.95,42399,4,3717,7,20,1,74344
stage5_lightgbm_random_under_sample_gpu,lightgbm,random_under_sample,gpu,valid,fn20_fp1,20:1,0.7603736415605842,0.24957463309912672,1.0,0.0002685284640171858,0.0005369127516778523,0.96,42403,0,3723,1,20,1,74460
stage5_lightgbm_random_under_sample_gpu,lightgbm,random_under_sample,gpu,valid,fn20_fp1,20:1,0.7603736415605842,0.24957463309912672,0.0,0.0,0.0,0.97,42403,0,3724,0,20,1,74480
stage5_lightgbm_random_under_sample_gpu,lightgbm,random_under_sample,gpu,valid,fn20_fp1,20:1,0.7603736415605842,0.24957463309912672,0.0,0.0,0.0,0.98,42403,0,3724,0,20,1,74480
stage5_lightgbm_random_under_sample_gpu,lightgbm,random_under_sample,gpu,valid,fn20_fp1,20:1,0.7603736415605842,0.24957463309912672,0.0,0.0,0.0,0.99,42403,0,3724,0,20,1,74480
stage5_lightgbm_smote_gpu,lightgbm,smote,gpu,valid,fn5_fp1,5:1,0.7667841150712007,0.2568337809249825,0.08238057254276344,0.9983888292158969,0.15220239069919764,0.01,989,41414,6,3718,5,1,41444
stage5_lightgbm_smote_gpu,lightgbm,smote,gpu,valid,fn5_fp1,5:1,0.7667841150712007,0.2568337809249825,0.09114348653249224,0.9777121374865736,0.16674299322220187,0.02,6096,36307,83,3641,5,1,36722
stage5_lightgbm_smote_gpu,lightgbm,smote,gpu,valid,fn5_fp1,5:1,0.7667841150712007,0.2568337809249825,0.10345639064568318,0.9444146079484426,0.1864842652244227,0.03,11925,30478,207,3517,5,1,31513
stage5_lightgbm_smote_gpu,lightgbm,smote,gpu,valid,fn5_fp1,5:1,0.7667841150712007,0.2568337809249825,0.11616774775399771,0.8993018259935553,0.20575676588947256,0.04,16923,25480,375,3349,5,1,27355
stage5_lightgbm_smote_gpu,lightgbm,smote,gpu,valid,fn5_fp1,5:1,0.7667841150712007,0.2568337809249825,0.12859058221265185,0.8498925886143931,0.22338285633623883,0.05,20955,21448,559,3165,5,1,24243
stage5_lightgbm_smote_gpu,lightgbm,smote,gpu,valid,fn5_fp1,5:1,0.7667841150712007,0.2568337809249825,0.14139741709636217,0.8026315789473685,0.2404375980372441,0.06,24253,18150,735,2989,5,1,21825
stage5_lightgbm_smote_gpu,lightgbm,smote,gpu,valid,fn5_fp1,5:1,0.7667841150712007,0.2568337809249825,0.1534675125793043,0.7534908700322234,0.2549981824790985,0.07,26925,15478,918,2806,5,1,20068
stage5_lightgbm_smote_gpu,lightgbm,smote,gpu,valid,fn5_fp1,5:1,0.7667841150712007,0.2568337809249825,0.16589225166394575,0.709452201933405,0.2689058524173028,0.08,29119,13284,1082,2642,5,1,18694
stage5_lightgbm_smote_gpu,lightgbm,smote,gpu,valid,fn5_fp1,5:1,0.7667841150712007,0.2568337809249825,0.17663082437275987,0.6616541353383458,0.27882765644449475,0.09,30917,11486,1260,2464,5,1,17786
stage5_lightgbm_smote_gpu,lightgbm,smote,gpu,valid,fn5_fp1,5:1,0.7667841150712007,0.2568337809249825,0.18875010204914686,0.6208378088077336,0.2894885118637701,0.1,32466,9937,1412,2312,5,1,16997
stage5_lightgbm_smote_gpu,lightgbm,smote,gpu,valid,fn5_fp1,5:1,0.7667841150712007,0.2568337809249825,0.20035247194137834,0.5800214822771214,0.29782833505687695,0.11,33782,8621,1564,2160,5,1,16441
stage5_lightgbm_smote_gpu,lightgbm,smote,gpu,valid,fn5_fp1,5:1,0.7667841150712007,0.2568337809249825,0.21071800208116545,0.5437701396348013,0.30373481325933704,0.12,34818,7585,1699,2025,5,1,16080
stage5_lightgbm_smote_gpu,lightgbm,smote,gpu,valid,fn5_fp1,5:1,0.7667841150712007,0.2568337809249825,0.22201339128391873,0.5075187969924813,0.30889924000980634,0.13,35780,6623,1834,1890,5,1,15793
stage5_lightgbm_smote_gpu,lightgbm,smote,gpu,valid,fn5_fp1,5:1,0.7667841150712007,0.2568337809249825,0.23114387258128208,0.4715359828141783,0.3102199452345199,0.14,36562,5841,1968,1756,5,1,15681
stage5_lightgbm_smote_gpu,lightgbm,smote,gpu,valid,fn5_fp1,5:1,0.7667841150712007,0.2568337809249825,0.2453356838548553,0.44844253490870034,0.3171588643053841,0.15,37266,5137,2054,1670,5,1,15407
stage5_lightgbm_smote_gpu,lightgbm,smote,gpu,valid,fn5_fp1,5:1,0.7667841150712007,0.2568337809249825,0.2574889507284335,0.4223952738990333,0.31994304891691244,0.16,37867,4536,2151,1573,5,1,15291
stage5_lightgbm_smote_gpu,lightgbm,smote,gpu,valid,fn5_fp1,5:1,0.7667841150712007,0.2568337809249825,0.26768781911013856,0.3941997851772288,0.3188531711555169,0.17,38387,4016,2256,1468,5,1,15296
stage5_lightgbm_smote_gpu,lightgbm,smote,gpu,valid,fn5_fp1,5:1,0.7667841150712007,0.2568337809249825,0.28399346672111064,0.37352309344790546,0.3226629552308049,0.18,38896,3507,2333,1391,5,1,15172
stage5_lightgbm_smote_gpu,lightgbm,smote,gpu,valid,fn5_fp1,5:1,0.7667841150712007,0.2568337809249825,0.2968856558308707,0.3506981740064447,0.32155607534162256,0.19,39310,3093,2418,1306,5,1,15183
stage5_lightgbm_smote_gpu,lightgbm,smote,gpu,valid,fn5_fp1,5:1,0.7667841150712007,0.2568337809249825,0.3075566750629723,0.3278732545649839,0.3173901741616844,0.2,39654,2749,2503,1221,5,1,15264
stage5_lightgbm_smote_gpu,lightgbm,smote,gpu,valid,fn5_fp1,5:1,0.7667841150712007,0.2568337809249825,0.31541924592009,0.3010204081632653,0.3080516625446551,0.21,39970,2433,2603,1121,5,1,15448
stage5_lightgbm_smote_gpu,lightgbm,smote,gpu,valid,fn5_fp1,5:1,0.7667841150712007,0.2568337809249825,0.326568841710896,0.28088077336197637,0.30200664068139166,0.22,40246,2157,2678,1046,5,1,15547
stage5_lightgbm_smote_gpu,lightgbm,smote,gpu,valid,fn5_fp1,5:1,0.7667841150712007,0.2568337809249825,0.33940852819807427,0.2650375939849624,0.29764776839565743,0.23,40482,1921,2737,987,5,1,15606
stage5_lightgbm_smote_gpu,lightgbm,smote,gpu,valid,fn5_fp1,5:1,0.7667841150712007,0.2568337809249825,0.34486692015209125,0.24355531686358753,0.28548945546112686,0.24,40680,1723,2817,907,5,1,15808
stage5_lightgbm_smote_gpu,lightgbm,smote,gpu,valid,fn5_fp1,5:1,0.7667841150712007,0.2568337809249825,0.3503372681281619,0.2231471535982814,0.27263779527559057,0.25,40862,1541,2893,831,5,1,16006
stage5_lightgbm_smote_gpu,lightgbm,smote,gpu,valid,fn5_fp1,5:1,0.7667841150712007,0.2568337809249825,0.36172204024333177,0.20757250268528463,0.26377751236990277,0.26,41039,1364,2951,773,5,1,16119
stage5_lightgbm_smote_gpu,lightgbm,smote,gpu,valid,fn5_fp1,5:1,0.7667841150712007,0.2568337809249825,0.36926250644662195,0.19226638023630505,0.25286950379657425,0.27,41180,1223,3008,716,5,1,16263
stage5_lightgbm_smote_gpu,lightgbm,smote,gpu,valid,fn5_fp1,5:1,0.7667841150712007,0.2568337809249825,0.3721719457013575,0.17669172932330826,0.23962126729788782,0.28,41293,1110,3066,658,5,1,16440
stage5_lightgbm_smote_gpu,lightgbm,smote,gpu,valid,fn5_fp1,5:1,0.7667841150712007,0.2568337809249825,0.3834066624764299,0.16380236305048335,0.2295390404515522,0.29,41422,981,3114,610,5,1,16551
stage5_lightgbm_smote_gpu,lightgbm,smote,gpu,valid,fn5_fp1,5:1,0.7667841150712007,0.2568337809249825,0.3914246196403873,0.15198711063372716,0.21895551257253384,0.3,41523,880,3158,566,5,1,16670
stage5_lightgbm_smote_gpu,lightgbm,smote,gpu,valid,fn5_fp1,5:1,0.7667841150712007,0.2568337809249825,0.4029163468917882,0.14097744360902256,0.2088720907101651,0.31,41625,778,3199,525,5,1,16773
stage5_lightgbm_smote_gpu,lightgbm,smote,gpu,valid,fn5_fp1,5:1,0.7667841150712007,0.2568337809249825,0.41552901023890787,0.1307733619763695,0.198937908496732,0.32,41718,685,3237,487,5,1,16870
stage5_lightgbm_smote_gpu,lightgbm,smote,gpu,valid,fn5_fp1,5:1,0.7667841150712007,0.2568337809249825,0.41312741312741313,0.11493018259935553,0.17983193277310924,0.33,41795,608,3296,428,5,1,17088
stage5_lightgbm_smote_gpu,lightgbm,smote,gpu,valid,fn5_fp1,5:1,0.7667841150712007,0.2568337809249825,0.41993637327677624,0.10633727175080558,0.16970216413113348,0.34,41856,547,3328,396,5,1,17187
stage5_lightgbm_smote_gpu,lightgbm,smote,gpu,valid,fn5_fp1,5:1,0.7667841150712007,0.2568337809249825,0.4302600472813239,0.09774436090225563,0.15929978118161925,0.35,41921,482,3360,364,5,1,17282
stage5_lightgbm_smote_gpu,lightgbm,smote,gpu,valid,fn5_fp1,5:1,0.7667841150712007,0.2568337809249825,0.44155844155844154,0.09129967776584318,0.15131286159323543,0.36,41973,430,3384,340,5,1,17350
stage5_lightgbm_smote_gpu,lightgbm,smote,gpu,valid,fn5_fp1,5:1,0.7667841150712007,0.2568337809249825,0.44970414201183434,0.08163265306122448,0.13818181818181818,0.37,42031,372,3420,304,5,1,17472
stage5_lightgbm_smote_gpu,lightgbm,smote,gpu,valid,fn5_fp1,5:1,0.7667841150712007,0.2568337809249825,0.4674457429048414,0.07518796992481203,0.12953967152440435,0.38,42084,319,3444,280,5,1,17539
stage5_lightgbm_smote_gpu,lightgbm,smote,gpu,valid,fn5_fp1,5:1,0.7667841150712007,0.2568337809249825,0.47706422018348627,0.06981740064446831,0.12180838603888498,0.39,42118,285,3464,260,5,1,17605
stage5_lightgbm_smote_gpu,lightgbm,smote,gpu,valid,fn5_fp1,5:1,0.7667841150712007,0.2568337809249825,0.4802494802494803,0.06203007518796992,0.1098692033293698,0.4,42153,250,3493,231,5,1,17715
stage5_lightgbm_smote_gpu,lightgbm,smote,gpu,valid,fn5_fp1,5:1,0.7667841150712007,0.2568337809249825,0.4894117647058824,0.055853920515574654,0.1002651241262955,0.41,42186,217,3516,208,5,1,17797
stage5_lightgbm_smote_gpu,lightgbm,smote,gpu,valid,fn5_fp1,5:1,0.7667841150712007,0.2568337809249825,0.5213903743315508,0.052363050483351235,0.0951683748169839,0.42,42224,179,3529,195,5,1,17824
stage5_lightgbm_smote_gpu,lightgbm,smote,gpu,valid,fn5_fp1,5:1,0.7667841150712007,0.2568337809249825,0.5331325301204819,0.04752953813104189,0.08727810650887574,0.43,42248,155,3547,177,5,1,17890
stage5_lightgbm_smote_gpu,lightgbm,smote,gpu,valid,fn5_fp1,5:1,0.7667841150712007,0.2568337809249825,0.5392156862745098,0.04430719656283566,0.08188585607940446,0.44,42262,141,3559,165,5,1,17936
stage5_lightgbm_smote_gpu,lightgbm,smote,gpu,valid,fn5_fp1,5:1,0.7667841150712007,0.2568337809249825,0.5398550724637681,0.040010741138560686,0.0745,0.45,42276,127,3575,149,5,1,18002
stage5_lightgbm_smote_gpu,lightgbm,smote,gpu,valid,fn5_fp1,5:1,0.7667841150712007,0.2568337809249825,0.5368852459016393,0.03517722878625134,0.06602822580645161,0.46,42290,113,3593,131,5,1,18078
stage5_lightgbm_smote_gpu,lightgbm,smote,gpu,valid,fn5_fp1,5:1,0.7667841150712007,0.2568337809249825,0.5528846153846154,0.03088077336197637,0.05849440488301119,0.47,42310,93,3609,115,5,1,18138
stage5_lightgbm_smote_gpu,lightgbm,smote,gpu,valid,fn5_fp1,5:1,0.7667841150712007,0.2568337809249825,0.5621621621621622,0.027926960257787327,0.05321053977999488,0.48,42322,81,3620,104,5,1,18181
stage5_lightgbm_smote_gpu,lightgbm,smote,gpu,valid,fn5_fp1,5:1,0.7667841150712007,0.2568337809249825,0.5748502994011976,0.02577873254564984,0.04934464148033924,0.49,42332,71,3628,96,5,1,18211
stage5_lightgbm_smote_gpu,lightgbm,smote,gpu,valid,fn5_fp1,5:1,0.7667841150712007,0.2568337809249825,0.5789473684210527,0.023630504833512353,0.04540763673890609,0.5,42339,64,3636,88,5,1,18244
stage5_lightgbm_smote_gpu,lightgbm,smote,gpu,valid,fn5_fp1,5:1,0.7667841150712007,0.2568337809249825,0.5808823529411765,0.02121374865735768,0.04093264248704663,0.51,42346,57,3645,79,5,1,18282
stage5_lightgbm_smote_gpu,lightgbm,smote,gpu,valid,fn5_fp1,5:1,0.7667841150712007,0.2568337809249825,0.5867768595041323,0.019065520945220193,0.03693107932379714,0.52,42353,50,3653,71,5,1,18315
stage5_lightgbm_smote_gpu,lightgbm,smote,gpu,valid,fn5_fp1,5:1,0.7667841150712007,0.2568337809249825,0.580952380952381,0.016380236305048337,0.03186210498824758,0.53,42359,44,3663,61,5,1,18359
stage5_lightgbm_smote_gpu,lightgbm,smote,gpu,valid,fn5_fp1,5:1,0.7667841150712007,0.2568337809249825,0.5903614457831325,0.013157894736842105,0.02574205411084844,0.54,42369,34,3675,49,5,1,18409
stage5_lightgbm_smote_gpu,lightgbm,smote,gpu,valid,fn5_fp1,5:1,0.7667841150712007,0.2568337809249825,0.6081081081081081,0.012083780880773363,0.023696682464454975,0.55,42374,29,3679,45,5,1,18424
stage5_lightgbm_smote_gpu,lightgbm,smote,gpu,valid,fn5_fp1,5:1,0.7667841150712007,0.2568337809249825,0.6,0.00966702470461869,0.019027484143763214,0.56,42379,24,3688,36,5,1,18464
stage5_lightgbm_smote_gpu,lightgbm,smote,gpu,valid,fn5_fp1,5:1,0.7667841150712007,0.2568337809249825,0.6046511627906976,0.006981740064446832,0.01380408813379347,0.57,42386,17,3698,26,5,1,18507
stage5_lightgbm_smote_gpu,lightgbm,smote,gpu,valid,fn5_fp1,5:1,0.7667841150712007,0.2568337809249825,0.6666666666666666,0.00644468313641246,0.01276595744680851,0.58,42391,12,3700,24,5,1,18512
stage5_lightgbm_smote_gpu,lightgbm,smote,gpu,valid,fn5_fp1,5:1,0.7667841150712007,0.2568337809249825,0.6333333333333333,0.00510204081632653,0.010122535961640916,0.59,42392,11,3705,19,5,1,18536
stage5_lightgbm_smote_gpu,lightgbm,smote,gpu,valid,fn5_fp1,5:1,0.7667841150712007,0.2568337809249825,0.6818181818181818,0.004027926960257788,0.00800854244527496,0.6,42396,7,3709,15,5,1,18552
stage5_lightgbm_smote_gpu,lightgbm,smote,gpu,valid,fn5_fp1,5:1,0.7667841150712007,0.2568337809249825,0.6666666666666666,0.00322234156820623,0.006413682522715126,0.61,42397,6,3712,12,5,1,18566
stage5_lightgbm_smote_gpu,lightgbm,smote,gpu,valid,fn5_fp1,5:1,0.7667841150712007,0.2568337809249825,0.6428571428571429,0.0024167561761546724,0.004815409309791332,0.62,42398,5,3715,9,5,1,18580
stage5_lightgbm_smote_gpu,lightgbm,smote,gpu,valid,fn5_fp1,5:1,0.7667841150712007,0.2568337809249825,0.6363636363636364,0.0018796992481203006,0.003748326639892905,0.63,42399,4,3717,7,5,1,18589
stage5_lightgbm_smote_gpu,lightgbm,smote,gpu,valid,fn5_fp1,5:1,0.7667841150712007,0.2568337809249825,0.6,0.001611170784103115,0.0032137118371719335,0.64,42399,4,3718,6,5,1,18594
stage5_lightgbm_smote_gpu,lightgbm,smote,gpu,valid,fn5_fp1,5:1,0.7667841150712007,0.2568337809249825,0.5714285714285714,0.0010741138560687433,0.0021441972661484857,0.65,42400,3,3720,4,5,1,18603
stage5_lightgbm_smote_gpu,lightgbm,smote,gpu,valid,fn5_fp1,5:1,0.7667841150712007,0.2568337809249825,0.4,0.0005370569280343716,0.0010726736390453205,0.66,42400,3,3722,2,5,1,18613
stage5_lightgbm_smote_gpu,lightgbm,smote,gpu,valid,fn5_fp1,5:1,0.7667841150712007,0.2568337809249825,0.5,0.0005370569280343716,0.001072961373390558,0.67,42401,2,3722,2,5,1,18612
stage5_lightgbm_smote_gpu,lightgbm,smote,gpu,valid,fn5_fp1,5:1,0.7667841150712007,0.2568337809249825,0.5,0.0005370569280343716,0.001072961373390558,0.68,42401,2,3722,2,5,1,18612
stage5_lightgbm_smote_gpu,lightgbm,smote,gpu,valid,fn5_fp1,5:1,0.7667841150712007,0.2568337809249825,0.0,0.0,0.0,0.69,42401,2,3724,0,5,1,18622
stage5_lightgbm_smote_gpu,lightgbm,smote,gpu,valid,fn5_fp1,5:1,0.7667841150712007,0.2568337809249825,0.0,0.0,0.0,0.7,42401,2,3724,0,5,1,18622
stage5_lightgbm_smote_gpu,lightgbm,smote,gpu,valid,fn5_fp1,5:1,0.7667841150712007,0.2568337809249825,0.0,0.0,0.0,0.71,42402,1,3724,0,5,1,18621
stage5_lightgbm_smote_gpu,lightgbm,smote,gpu,valid,fn5_fp1,5:1,0.7667841150712007,0.2568337809249825,0.0,0.0,0.0,0.72,42402,1,3724,0,5,1,18621
stage5_lightgbm_smote_gpu,lightgbm,smote,gpu,valid,fn5_fp1,5:1,0.7667841150712007,0.2568337809249825,0.0,0.0,0.0,0.73,42403,0,3724,0,5,1,18620
stage5_lightgbm_smote_gpu,lightgbm,smote,gpu,valid,fn5_fp1,5:1,0.7667841150712007,0.2568337809249825,0.0,0.0,0.0,0.74,42403,0,3724,0,5,1,18620
stage5_lightgbm_smote_gpu,lightgbm,smote,gpu,valid,fn5_fp1,5:1,0.7667841150712007,0.2568337809249825,0.0,0.0,0.0,0.75,42403,0,3724,0,5,1,18620
stage5_lightgbm_smote_gpu,lightgbm,smote,gpu,valid,fn5_fp1,5:1,0.7667841150712007,0.2568337809249825,0.0,0.0,0.0,0.76,42403,0,3724,0,5,1,18620
stage5_lightgbm_smote_gpu,lightgbm,smote,gpu,valid,fn5_fp1,5:1,0.7667841150712007,0.2568337809249825,0.0,0.0,0.0,0.77,42403,0,3724,0,5,1,18620
stage5_lightgbm_smote_gpu,lightgbm,smote,gpu,valid,fn5_fp1,5:1,0.7667841150712007,0.2568337809249825,0.0,0.0,0.0,0.78,42403,0,3724,0,5,1,18620
stage5_lightgbm_smote_gpu,lightgbm,smote,gpu,valid,fn5_fp1,5:1,0.7667841150712007,0.2568337809249825,0.0,0.0,0.0,0.79,42403,0,3724,0,5,1,18620
stage5_lightgbm_smote_gpu,lightgbm,smote,gpu,valid,fn5_fp1,5:1,0.7667841150712007,0.2568337809249825,0.0,0.0,0.0,0.8,42403,0,3724,0,5,1,18620
stage5_lightgbm_smote_gpu,lightgbm,smote,gpu,valid,fn5_fp1,5:1,0.7667841150712007,0.2568337809249825,0.0,0.0,0.0,0.81,42403,0,3724,0,5,1,18620
stage5_lightgbm_smote_gpu,lightgbm,smote,gpu,valid,fn5_fp1,5:1,0.7667841150712007,0.2568337809249825,0.0,0.0,0.0,0.82,42403,0,3724,0,5,1,18620
stage5_lightgbm_smote_gpu,lightgbm,smote,gpu,valid,fn5_fp1,5:1,0.7667841150712007,0.2568337809249825,0.0,0.0,0.0,0.83,42403,0,3724,0,5,1,18620
stage5_lightgbm_smote_gpu,lightgbm,smote,gpu,valid,fn5_fp1,5:1,0.7667841150712007,0.2568337809249825,0.0,0.0,0.0,0.84,42403,0,3724,0,5,1,18620
stage5_lightgbm_smote_gpu,lightgbm,smote,gpu,valid,fn5_fp1,5:1,0.7667841150712007,0.2568337809249825,0.0,0.0,0.0,0.85,42403,0,3724,0,5,1,18620
stage5_lightgbm_smote_gpu,lightgbm,smote,gpu,valid,fn5_fp1,5:1,0.7667841150712007,0.2568337809249825,0.0,0.0,0.0,0.86,42403,0,3724,0,5,1,18620
stage5_lightgbm_smote_gpu,lightgbm,smote,gpu,valid,fn5_fp1,5:1,0.7667841150712007,0.2568337809249825,0.0,0.0,0.0,0.87,42403,0,3724,0,5,1,18620
stage5_lightgbm_smote_gpu,lightgbm,smote,gpu,valid,fn5_fp1,5:1,0.7667841150712007,0.2568337809249825,0.0,0.0,0.0,0.88,42403,0,3724,0,5,1,18620
stage5_lightgbm_smote_gpu,lightgbm,smote,gpu,valid,fn5_fp1,5:1,0.7667841150712007,0.2568337809249825,0.0,0.0,0.0,0.89,42403,0,3724,0,5,1,18620
stage5_lightgbm_smote_gpu,lightgbm,smote,gpu,valid,fn5_fp1,5:1,0.7667841150712007,0.2568337809249825,0.0,0.0,0.0,0.9,42403,0,3724,0,5,1,18620
stage5_lightgbm_smote_gpu,lightgbm,smote,gpu,valid,fn5_fp1,5:1,0.7667841150712007,0.2568337809249825,0.0,0.0,0.0,0.91,42403,0,3724,0,5,1,18620
stage5_lightgbm_smote_gpu,lightgbm,smote,gpu,valid,fn5_fp1,5:1,0.7667841150712007,0.2568337809249825,0.0,0.0,0.0,0.92,42403,0,3724,0,5,1,18620
stage5_lightgbm_smote_gpu,lightgbm,smote,gpu,valid,fn5_fp1,5:1,0.7667841150712007,0.2568337809249825,0.0,0.0,0.0,0.93,42403,0,3724,0,5,1,18620
stage5_lightgbm_smote_gpu,lightgbm,smote,gpu,valid,fn5_fp1,5:1,0.7667841150712007,0.2568337809249825,0.0,0.0,0.0,0.94,42403,0,3724,0,5,1,18620
stage5_lightgbm_smote_gpu,lightgbm,smote,gpu,valid,fn5_fp1,5:1,0.7667841150712007,0.2568337809249825,0.0,0.0,0.0,0.95,42403,0,3724,0,5,1,18620
stage5_lightgbm_smote_gpu,lightgbm,smote,gpu,valid,fn5_fp1,5:1,0.7667841150712007,0.2568337809249825,0.0,0.0,0.0,0.96,42403,0,3724,0,5,1,18620
stage5_lightgbm_smote_gpu,lightgbm,smote,gpu,valid,fn5_fp1,5:1,0.7667841150712007,0.2568337809249825,0.0,0.0,0.0,0.97,42403,0,3724,0,5,1,18620
stage5_lightgbm_smote_gpu,lightgbm,smote,gpu,valid,fn5_fp1,5:1,0.7667841150712007,0.2568337809249825,0.0,0.0,0.0,0.98,42403,0,3724,0,5,1,18620
stage5_lightgbm_smote_gpu,lightgbm,smote,gpu,valid,fn5_fp1,5:1,0.7667841150712007,0.2568337809249825,0.0,0.0,0.0,0.99,42403,0,3724,0,5,1,18620
stage5_lightgbm_smote_gpu,lightgbm,smote,gpu,valid,fn10_fp1,10:1,0.7667841150712007,0.2568337809249825,0.08238057254276344,0.9983888292158969,0.15220239069919764,0.01,989,41414,6,3718,10,1,41474
stage5_lightgbm_smote_gpu,lightgbm,smote,gpu,valid,fn10_fp1,10:1,0.7667841150712007,0.2568337809249825,0.09114348653249224,0.9777121374865736,0.16674299322220187,0.02,6096,36307,83,3641,10,1,37137
stage5_lightgbm_smote_gpu,lightgbm,smote,gpu,valid,fn10_fp1,10:1,0.7667841150712007,0.2568337809249825,0.10345639064568318,0.9444146079484426,0.1864842652244227,0.03,11925,30478,207,3517,10,1,32548
stage5_lightgbm_smote_gpu,lightgbm,smote,gpu,valid,fn10_fp1,10:1,0.7667841150712007,0.2568337809249825,0.11616774775399771,0.8993018259935553,0.20575676588947256,0.04,16923,25480,375,3349,10,1,29230
stage5_lightgbm_smote_gpu,lightgbm,smote,gpu,valid,fn10_fp1,10:1,0.7667841150712007,0.2568337809249825,0.12859058221265185,0.8498925886143931,0.22338285633623883,0.05,20955,21448,559,3165,10,1,27038
stage5_lightgbm_smote_gpu,lightgbm,smote,gpu,valid,fn10_fp1,10:1,0.7667841150712007,0.2568337809249825,0.14139741709636217,0.8026315789473685,0.2404375980372441,0.06,24253,18150,735,2989,10,1,25500
stage5_lightgbm_smote_gpu,lightgbm,smote,gpu,valid,fn10_fp1,10:1,0.7667841150712007,0.2568337809249825,0.1534675125793043,0.7534908700322234,0.2549981824790985,0.07,26925,15478,918,2806,10,1,24658
stage5_lightgbm_smote_gpu,lightgbm,smote,gpu,valid,fn10_fp1,10:1,0.7667841150712007,0.2568337809249825,0.16589225166394575,0.709452201933405,0.2689058524173028,0.08,29119,13284,1082,2642,10,1,24104
stage5_lightgbm_smote_gpu,lightgbm,smote,gpu,valid,fn10_fp1,10:1,0.7667841150712007,0.2568337809249825,0.17663082437275987,0.6616541353383458,0.27882765644449475,0.09,30917,11486,1260,2464,10,1,24086
stage5_lightgbm_smote_gpu,lightgbm,smote,gpu,valid,fn10_fp1,10:1,0.7667841150712007,0.2568337809249825,0.18875010204914686,0.6208378088077336,0.2894885118637701,0.1,32466,9937,1412,2312,10,1,24057
stage5_lightgbm_smote_gpu,lightgbm,smote,gpu,valid,fn10_fp1,10:1,0.7667841150712007,0.2568337809249825,0.20035247194137834,0.5800214822771214,0.29782833505687695,0.11,33782,8621,1564,2160,10,1,24261
stage5_lightgbm_smote_gpu,lightgbm,smote,gpu,valid,fn10_fp1,10:1,0.7667841150712007,0.2568337809249825,0.21071800208116545,0.5437701396348013,0.30373481325933704,0.12,34818,7585,1699,2025,10,1,24575
stage5_lightgbm_smote_gpu,lightgbm,smote,gpu,valid,fn10_fp1,10:1,0.7667841150712007,0.2568337809249825,0.22201339128391873,0.5075187969924813,0.30889924000980634,0.13,35780,6623,1834,1890,10,1,24963
stage5_lightgbm_smote_gpu,lightgbm,smote,gpu,valid,fn10_fp1,10:1,0.7667841150712007,0.2568337809249825,0.23114387258128208,0.4715359828141783,0.3102199452345199,0.14,36562,5841,1968,1756,10,1,25521
stage5_lightgbm_smote_gpu,lightgbm,smote,gpu,valid,fn10_fp1,10:1,0.7667841150712007,0.2568337809249825,0.2453356838548553,0.44844253490870034,0.3171588643053841,0.15,37266,5137,2054,1670,10,1,25677
stage5_lightgbm_smote_gpu,lightgbm,smote,gpu,valid,fn10_fp1,10:1,0.7667841150712007,0.2568337809249825,0.2574889507284335,0.4223952738990333,0.31994304891691244,0.16,37867,4536,2151,1573,10,1,26046
stage5_lightgbm_smote_gpu,lightgbm,smote,gpu,valid,fn10_fp1,10:1,0.7667841150712007,0.2568337809249825,0.26768781911013856,0.3941997851772288,0.3188531711555169,0.17,38387,4016,2256,1468,10,1,26576
stage5_lightgbm_smote_gpu,lightgbm,smote,gpu,valid,fn10_fp1,10:1,0.7667841150712007,0.2568337809249825,0.28399346672111064,0.37352309344790546,0.3226629552308049,0.18,38896,3507,2333,1391,10,1,26837
stage5_lightgbm_smote_gpu,lightgbm,smote,gpu,valid,fn10_fp1,10:1,0.7667841150712007,0.2568337809249825,0.2968856558308707,0.3506981740064447,0.32155607534162256,0.19,39310,3093,2418,1306,10,1,27273
stage5_lightgbm_smote_gpu,lightgbm,smote,gpu,valid,fn10_fp1,10:1,0.7667841150712007,0.2568337809249825,0.3075566750629723,0.3278732545649839,0.3173901741616844,0.2,39654,2749,2503,1221,10,1,27779
stage5_lightgbm_smote_gpu,lightgbm,smote,gpu,valid,fn10_fp1,10:1,0.7667841150712007,0.2568337809249825,0.31541924592009,0.3010204081632653,0.3080516625446551,0.21,39970,2433,2603,1121,10,1,28463
stage5_lightgbm_smote_gpu,lightgbm,smote,gpu,valid,fn10_fp1,10:1,0.7667841150712007,0.2568337809249825,0.326568841710896,0.28088077336197637,0.30200664068139166,0.22,40246,2157,2678,1046,10,1,28937
stage5_lightgbm_smote_gpu,lightgbm,smote,gpu,valid,fn10_fp1,10:1,0.7667841150712007,0.2568337809249825,0.33940852819807427,0.2650375939849624,0.29764776839565743,0.23,40482,1921,2737,987,10,1,29291
stage5_lightgbm_smote_gpu,lightgbm,smote,gpu,valid,fn10_fp1,10:1,0.7667841150712007,0.2568337809249825,0.34486692015209125,0.24355531686358753,0.28548945546112686,0.24,40680,1723,2817,907,10,1,29893
stage5_lightgbm_smote_gpu,lightgbm,smote,gpu,valid,fn10_fp1,10:1,0.7667841150712007,0.2568337809249825,0.3503372681281619,0.2231471535982814,0.27263779527559057,0.25,40862,1541,2893,831,10,1,30471
stage5_lightgbm_smote_gpu,lightgbm,smote,gpu,valid,fn10_fp1,10:1,0.7667841150712007,0.2568337809249825,0.36172204024333177,0.20757250268528463,0.26377751236990277,0.26,41039,1364,2951,773,10,1,30874
stage5_lightgbm_smote_gpu,lightgbm,smote,gpu,valid,fn10_fp1,10:1,0.7667841150712007,0.2568337809249825,0.36926250644662195,0.19226638023630505,0.25286950379657425,0.27,41180,1223,3008,716,10,1,31303
stage5_lightgbm_smote_gpu,lightgbm,smote,gpu,valid,fn10_fp1,10:1,0.7667841150712007,0.2568337809249825,0.3721719457013575,0.17669172932330826,0.23962126729788782,0.28,41293,1110,3066,658,10,1,31770
stage5_lightgbm_smote_gpu,lightgbm,smote,gpu,valid,fn10_fp1,10:1,0.7667841150712007,0.2568337809249825,0.3834066624764299,0.16380236305048335,0.2295390404515522,0.29,41422,981,3114,610,10,1,32121
stage5_lightgbm_smote_gpu,lightgbm,smote,gpu,valid,fn10_fp1,10:1,0.7667841150712007,0.2568337809249825,0.3914246196403873,0.15198711063372716,0.21895551257253384,0.3,41523,880,3158,566,10,1,32460
stage5_lightgbm_smote_gpu,lightgbm,smote,gpu,valid,fn10_fp1,10:1,0.7667841150712007,0.2568337809249825,0.4029163468917882,0.14097744360902256,0.2088720907101651,0.31,41625,778,3199,525,10,1,32768
stage5_lightgbm_smote_gpu,lightgbm,smote,gpu,valid,fn10_fp1,10:1,0.7667841150712007,0.2568337809249825,0.41552901023890787,0.1307733619763695,0.198937908496732,0.32,41718,685,3237,487,10,1,33055
stage5_lightgbm_smote_gpu,lightgbm,smote,gpu,valid,fn10_fp1,10:1,0.7667841150712007,0.2568337809249825,0.41312741312741313,0.11493018259935553,0.17983193277310924,0.33,41795,608,3296,428,10,1,33568
stage5_lightgbm_smote_gpu,lightgbm,smote,gpu,valid,fn10_fp1,10:1,0.7667841150712007,0.2568337809249825,0.41993637327677624,0.10633727175080558,0.16970216413113348,0.34,41856,547,3328,396,10,1,33827
stage5_lightgbm_smote_gpu,lightgbm,smote,gpu,valid,fn10_fp1,10:1,0.7667841150712007,0.2568337809249825,0.4302600472813239,0.09774436090225563,0.15929978118161925,0.35,41921,482,3360,364,10,1,34082
stage5_lightgbm_smote_gpu,lightgbm,smote,gpu,valid,fn10_fp1,10:1,0.7667841150712007,0.2568337809249825,0.44155844155844154,0.09129967776584318,0.15131286159323543,0.36,41973,430,3384,340,10,1,34270
stage5_lightgbm_smote_gpu,lightgbm,smote,gpu,valid,fn10_fp1,10:1,0.7667841150712007,0.2568337809249825,0.44970414201183434,0.08163265306122448,0.13818181818181818,0.37,42031,372,3420,304,10,1,34572
stage5_lightgbm_smote_gpu,lightgbm,smote,gpu,valid,fn10_fp1,10:1,0.7667841150712007,0.2568337809249825,0.4674457429048414,0.07518796992481203,0.12953967152440435,0.38,42084,319,3444,280,10,1,34759
stage5_lightgbm_smote_gpu,lightgbm,smote,gpu,valid,fn10_fp1,10:1,0.7667841150712007,0.2568337809249825,0.47706422018348627,0.06981740064446831,0.12180838603888498,0.39,42118,285,3464,260,10,1,34925
stage5_lightgbm_smote_gpu,lightgbm,smote,gpu,valid,fn10_fp1,10:1,0.7667841150712007,0.2568337809249825,0.4802494802494803,0.06203007518796992,0.1098692033293698,0.4,42153,250,3493,231,10,1,35180
stage5_lightgbm_smote_gpu,lightgbm,smote,gpu,valid,fn10_fp1,10:1,0.7667841150712007,0.2568337809249825,0.4894117647058824,0.055853920515574654,0.1002651241262955,0.41,42186,217,3516,208,10,1,35377
stage5_lightgbm_smote_gpu,lightgbm,smote,gpu,valid,fn10_fp1,10:1,0.7667841150712007,0.2568337809249825,0.5213903743315508,0.052363050483351235,0.0951683748169839,0.42,42224,179,3529,195,10,1,35469
stage5_lightgbm_smote_gpu,lightgbm,smote,gpu,valid,fn10_fp1,10:1,0.7667841150712007,0.2568337809249825,0.5331325301204819,0.04752953813104189,0.08727810650887574,0.43,42248,155,3547,177,10,1,35625
stage5_lightgbm_smote_gpu,lightgbm,smote,gpu,valid,fn10_fp1,10:1,0.7667841150712007,0.2568337809249825,0.5392156862745098,0.04430719656283566,0.08188585607940446,0.44,42262,141,3559,165,10,1,35731
stage5_lightgbm_smote_gpu,lightgbm,smote,gpu,valid,fn10_fp1,10:1,0.7667841150712007,0.2568337809249825,0.5398550724637681,0.040010741138560686,0.0745,0.45,42276,127,3575,149,10,1,35877
stage5_lightgbm_smote_gpu,lightgbm,smote,gpu,valid,fn10_fp1,10:1,0.7667841150712007,0.2568337809249825,0.5368852459016393,0.03517722878625134,0.06602822580645161,0.46,42290,113,3593,131,10,1,36043
stage5_lightgbm_smote_gpu,lightgbm,smote,gpu,valid,fn10_fp1,10:1,0.7667841150712007,0.2568337809249825,0.5528846153846154,0.03088077336197637,0.05849440488301119,0.47,42310,93,3609,115,10,1,36183
stage5_lightgbm_smote_gpu,lightgbm,smote,gpu,valid,fn10_fp1,10:1,0.7667841150712007,0.2568337809249825,0.5621621621621622,0.027926960257787327,0.05321053977999488,0.48,42322,81,3620,104,10,1,36281
stage5_lightgbm_smote_gpu,lightgbm,smote,gpu,valid,fn10_fp1,10:1,0.7667841150712007,0.2568337809249825,0.5748502994011976,0.02577873254564984,0.04934464148033924,0.49,42332,71,3628,96,10,1,36351
stage5_lightgbm_smote_gpu,lightgbm,smote,gpu,valid,fn10_fp1,10:1,0.7667841150712007,0.2568337809249825,0.5789473684210527,0.023630504833512353,0.04540763673890609,0.5,42339,64,3636,88,10,1,36424
stage5_lightgbm_smote_gpu,lightgbm,smote,gpu,valid,fn10_fp1,10:1,0.7667841150712007,0.2568337809249825,0.5808823529411765,0.02121374865735768,0.04093264248704663,0.51,42346,57,3645,79,10,1,36507
stage5_lightgbm_smote_gpu,lightgbm,smote,gpu,valid,fn10_fp1,10:1,0.7667841150712007,0.2568337809249825,0.5867768595041323,0.019065520945220193,0.03693107932379714,0.52,42353,50,3653,71,10,1,36580
stage5_lightgbm_smote_gpu,lightgbm,smote,gpu,valid,fn10_fp1,10:1,0.7667841150712007,0.2568337809249825,0.580952380952381,0.016380236305048337,0.03186210498824758,0.53,42359,44,3663,61,10,1,36674
stage5_lightgbm_smote_gpu,lightgbm,smote,gpu,valid,fn10_fp1,10:1,0.7667841150712007,0.2568337809249825,0.5903614457831325,0.013157894736842105,0.02574205411084844,0.54,42369,34,3675,49,10,1,36784
stage5_lightgbm_smote_gpu,lightgbm,smote,gpu,valid,fn10_fp1,10:1,0.7667841150712007,0.2568337809249825,0.6081081081081081,0.012083780880773363,0.023696682464454975,0.55,42374,29,3679,45,10,1,36819
stage5_lightgbm_smote_gpu,lightgbm,smote,gpu,valid,fn10_fp1,10:1,0.7667841150712007,0.2568337809249825,0.6,0.00966702470461869,0.019027484143763214,0.56,42379,24,3688,36,10,1,36904
stage5_lightgbm_smote_gpu,lightgbm,smote,gpu,valid,fn10_fp1,10:1,0.7667841150712007,0.2568337809249825,0.6046511627906976,0.006981740064446832,0.01380408813379347,0.57,42386,17,3698,26,10,1,36997
stage5_lightgbm_smote_gpu,lightgbm,smote,gpu,valid,fn10_fp1,10:1,0.7667841150712007,0.2568337809249825,0.6666666666666666,0.00644468313641246,0.01276595744680851,0.58,42391,12,3700,24,10,1,37012
stage5_lightgbm_smote_gpu,lightgbm,smote,gpu,valid,fn10_fp1,10:1,0.7667841150712007,0.2568337809249825,0.6333333333333333,0.00510204081632653,0.010122535961640916,0.59,42392,11,3705,19,10,1,37061
stage5_lightgbm_smote_gpu,lightgbm,smote,gpu,valid,fn10_fp1,10:1,0.7667841150712007,0.2568337809249825,0.6818181818181818,0.004027926960257788,0.00800854244527496,0.6,42396,7,3709,15,10,1,37097
stage5_lightgbm_smote_gpu,lightgbm,smote,gpu,valid,fn10_fp1,10:1,0.7667841150712007,0.2568337809249825,0.6666666666666666,0.00322234156820623,0.006413682522715126,0.61,42397,6,3712,12,10,1,37126
stage5_lightgbm_smote_gpu,lightgbm,smote,gpu,valid,fn10_fp1,10:1,0.7667841150712007,0.2568337809249825,0.6428571428571429,0.0024167561761546724,0.004815409309791332,0.62,42398,5,3715,9,10,1,37155
stage5_lightgbm_smote_gpu,lightgbm,smote,gpu,valid,fn10_fp1,10:1,0.7667841150712007,0.2568337809249825,0.6363636363636364,0.0018796992481203006,0.003748326639892905,0.63,42399,4,3717,7,10,1,37174
stage5_lightgbm_smote_gpu,lightgbm,smote,gpu,valid,fn10_fp1,10:1,0.7667841150712007,0.2568337809249825,0.6,0.001611170784103115,0.0032137118371719335,0.64,42399,4,3718,6,10,1,37184
stage5_lightgbm_smote_gpu,lightgbm,smote,gpu,valid,fn10_fp1,10:1,0.7667841150712007,0.2568337809249825,0.5714285714285714,0.0010741138560687433,0.0021441972661484857,0.65,42400,3,3720,4,10,1,37203
stage5_lightgbm_smote_gpu,lightgbm,smote,gpu,valid,fn10_fp1,10:1,0.7667841150712007,0.2568337809249825,0.4,0.0005370569280343716,0.0010726736390453205,0.66,42400,3,3722,2,10,1,37223
stage5_lightgbm_smote_gpu,lightgbm,smote,gpu,valid,fn10_fp1,10:1,0.7667841150712007,0.2568337809249825,0.5,0.0005370569280343716,0.001072961373390558,0.67,42401,2,3722,2,10,1,37222
stage5_lightgbm_smote_gpu,lightgbm,smote,gpu,valid,fn10_fp1,10:1,0.7667841150712007,0.2568337809249825,0.5,0.0005370569280343716,0.001072961373390558,0.68,42401,2,3722,2,10,1,37222
stage5_lightgbm_smote_gpu,lightgbm,smote,gpu,valid,fn10_fp1,10:1,0.7667841150712007,0.2568337809249825,0.0,0.0,0.0,0.69,42401,2,3724,0,10,1,37242
stage5_lightgbm_smote_gpu,lightgbm,smote,gpu,valid,fn10_fp1,10:1,0.7667841150712007,0.2568337809249825,0.0,0.0,0.0,0.7,42401,2,3724,0,10,1,37242
stage5_lightgbm_smote_gpu,lightgbm,smote,gpu,valid,fn10_fp1,10:1,0.7667841150712007,0.2568337809249825,0.0,0.0,0.0,0.71,42402,1,3724,0,10,1,37241
stage5_lightgbm_smote_gpu,lightgbm,smote,gpu,valid,fn10_fp1,10:1,0.7667841150712007,0.2568337809249825,0.0,0.0,0.0,0.72,42402,1,3724,0,10,1,37241
stage5_lightgbm_smote_gpu,lightgbm,smote,gpu,valid,fn10_fp1,10:1,0.7667841150712007,0.2568337809249825,0.0,0.0,0.0,0.73,42403,0,3724,0,10,1,37240
stage5_lightgbm_smote_gpu,lightgbm,smote,gpu,valid,fn10_fp1,10:1,0.7667841150712007,0.2568337809249825,0.0,0.0,0.0,0.74,42403,0,3724,0,10,1,37240
stage5_lightgbm_smote_gpu,lightgbm,smote,gpu,valid,fn10_fp1,10:1,0.7667841150712007,0.2568337809249825,0.0,0.0,0.0,0.75,42403,0,3724,0,10,1,37240
stage5_lightgbm_smote_gpu,lightgbm,smote,gpu,valid,fn10_fp1,10:1,0.7667841150712007,0.2568337809249825,0.0,0.0,0.0,0.76,42403,0,3724,0,10,1,37240
stage5_lightgbm_smote_gpu,lightgbm,smote,gpu,valid,fn10_fp1,10:1,0.7667841150712007,0.2568337809249825,0.0,0.0,0.0,0.77,42403,0,3724,0,10,1,37240
stage5_lightgbm_smote_gpu,lightgbm,smote,gpu,valid,fn10_fp1,10:1,0.7667841150712007,0.2568337809249825,0.0,0.0,0.0,0.78,42403,0,3724,0,10,1,37240
stage5_lightgbm_smote_gpu,lightgbm,smote,gpu,valid,fn10_fp1,10:1,0.7667841150712007,0.2568337809249825,0.0,0.0,0.0,0.79,42403,0,3724,0,10,1,37240
stage5_lightgbm_smote_gpu,lightgbm,smote,gpu,valid,fn10_fp1,10:1,0.7667841150712007,0.2568337809249825,0.0,0.0,0.0,0.8,42403,0,3724,0,10,1,37240
stage5_lightgbm_smote_gpu,lightgbm,smote,gpu,valid,fn10_fp1,10:1,0.7667841150712007,0.2568337809249825,0.0,0.0,0.0,0.81,42403,0,3724,0,10,1,37240
stage5_lightgbm_smote_gpu,lightgbm,smote,gpu,valid,fn10_fp1,10:1,0.7667841150712007,0.2568337809249825,0.0,0.0,0.0,0.82,42403,0,3724,0,10,1,37240
stage5_lightgbm_smote_gpu,lightgbm,smote,gpu,valid,fn10_fp1,10:1,0.7667841150712007,0.2568337809249825,0.0,0.0,0.0,0.83,42403,0,3724,0,10,1,37240
stage5_lightgbm_smote_gpu,lightgbm,smote,gpu,valid,fn10_fp1,10:1,0.7667841150712007,0.2568337809249825,0.0,0.0,0.0,0.84,42403,0,3724,0,10,1,37240
stage5_lightgbm_smote_gpu,lightgbm,smote,gpu,valid,fn10_fp1,10:1,0.7667841150712007,0.2568337809249825,0.0,0.0,0.0,0.85,42403,0,3724,0,10,1,37240
stage5_lightgbm_smote_gpu,lightgbm,smote,gpu,valid,fn10_fp1,10:1,0.7667841150712007,0.2568337809249825,0.0,0.0,0.0,0.86,42403,0,3724,0,10,1,37240
stage5_lightgbm_smote_gpu,lightgbm,smote,gpu,valid,fn10_fp1,10:1,0.7667841150712007,0.2568337809249825,0.0,0.0,0.0,0.87,42403,0,3724,0,10,1,37240
stage5_lightgbm_smote_gpu,lightgbm,smote,gpu,valid,fn10_fp1,10:1,0.7667841150712007,0.2568337809249825,0.0,0.0,0.0,0.88,42403,0,3724,0,10,1,37240
stage5_lightgbm_smote_gpu,lightgbm,smote,gpu,valid,fn10_fp1,10:1,0.7667841150712007,0.2568337809249825,0.0,0.0,0.0,0.89,42403,0,3724,0,10,1,37240
stage5_lightgbm_smote_gpu,lightgbm,smote,gpu,valid,fn10_fp1,10:1,0.7667841150712007,0.2568337809249825,0.0,0.0,0.0,0.9,42403,0,3724,0,10,1,37240
stage5_lightgbm_smote_gpu,lightgbm,smote,gpu,valid,fn10_fp1,10:1,0.7667841150712007,0.2568337809249825,0.0,0.0,0.0,0.91,42403,0,3724,0,10,1,37240
stage5_lightgbm_smote_gpu,lightgbm,smote,gpu,valid,fn10_fp1,10:1,0.7667841150712007,0.2568337809249825,0.0,0.0,0.0,0.92,42403,0,3724,0,10,1,37240
stage5_lightgbm_smote_gpu,lightgbm,smote,gpu,valid,fn10_fp1,10:1,0.7667841150712007,0.2568337809249825,0.0,0.0,0.0,0.93,42403,0,3724,0,10,1,37240
stage5_lightgbm_smote_gpu,lightgbm,smote,gpu,valid,fn10_fp1,10:1,0.7667841150712007,0.2568337809249825,0.0,0.0,0.0,0.94,42403,0,3724,0,10,1,37240
stage5_lightgbm_smote_gpu,lightgbm,smote,gpu,valid,fn10_fp1,10:1,0.7667841150712007,0.2568337809249825,0.0,0.0,0.0,0.95,42403,0,3724,0,10,1,37240
stage5_lightgbm_smote_gpu,lightgbm,smote,gpu,valid,fn10_fp1,10:1,0.7667841150712007,0.2568337809249825,0.0,0.0,0.0,0.96,42403,0,3724,0,10,1,37240
stage5_lightgbm_smote_gpu,lightgbm,smote,gpu,valid,fn10_fp1,10:1,0.7667841150712007,0.2568337809249825,0.0,0.0,0.0,0.97,42403,0,3724,0,10,1,37240
stage5_lightgbm_smote_gpu,lightgbm,smote,gpu,valid,fn10_fp1,10:1,0.7667841150712007,0.2568337809249825,0.0,0.0,0.0,0.98,42403,0,3724,0,10,1,37240
stage5_lightgbm_smote_gpu,lightgbm,smote,gpu,valid,fn10_fp1,10:1,0.7667841150712007,0.2568337809249825,0.0,0.0,0.0,0.99,42403,0,3724,0,10,1,37240
stage5_lightgbm_smote_gpu,lightgbm,smote,gpu,valid,fn20_fp1,20:1,0.7667841150712007,0.2568337809249825,0.08238057254276344,0.9983888292158969,0.15220239069919764,0.01,989,41414,6,3718,20,1,41534
stage5_lightgbm_smote_gpu,lightgbm,smote,gpu,valid,fn20_fp1,20:1,0.7667841150712007,0.2568337809249825,0.09114348653249224,0.9777121374865736,0.16674299322220187,0.02,6096,36307,83,3641,20,1,37967
stage5_lightgbm_smote_gpu,lightgbm,smote,gpu,valid,fn20_fp1,20:1,0.7667841150712007,0.2568337809249825,0.10345639064568318,0.9444146079484426,0.1864842652244227,0.03,11925,30478,207,3517,20,1,34618
stage5_lightgbm_smote_gpu,lightgbm,smote,gpu,valid,fn20_fp1,20:1,0.7667841150712007,0.2568337809249825,0.11616774775399771,0.8993018259935553,0.20575676588947256,0.04,16923,25480,375,3349,20,1,32980
stage5_lightgbm_smote_gpu,lightgbm,smote,gpu,valid,fn20_fp1,20:1,0.7667841150712007,0.2568337809249825,0.12859058221265185,0.8498925886143931,0.22338285633623883,0.05,20955,21448,559,3165,20,1,32628
stage5_lightgbm_smote_gpu,lightgbm,smote,gpu,valid,fn20_fp1,20:1,0.7667841150712007,0.2568337809249825,0.14139741709636217,0.8026315789473685,0.2404375980372441,0.06,24253,18150,735,2989,20,1,32850
stage5_lightgbm_smote_gpu,lightgbm,smote,gpu,valid,fn20_fp1,20:1,0.7667841150712007,0.2568337809249825,0.1534675125793043,0.7534908700322234,0.2549981824790985,0.07,26925,15478,918,2806,20,1,33838
stage5_lightgbm_smote_gpu,lightgbm,smote,gpu,valid,fn20_fp1,20:1,0.7667841150712007,0.2568337809249825,0.16589225166394575,0.709452201933405,0.2689058524173028,0.08,29119,13284,1082,2642,20,1,34924
stage5_lightgbm_smote_gpu,lightgbm,smote,gpu,valid,fn20_fp1,20:1,0.7667841150712007,0.2568337809249825,0.17663082437275987,0.6616541353383458,0.27882765644449475,0.09,30917,11486,1260,2464,20,1,36686
stage5_lightgbm_smote_gpu,lightgbm,smote,gpu,valid,fn20_fp1,20:1,0.7667841150712007,0.2568337809249825,0.18875010204914686,0.6208378088077336,0.2894885118637701,0.1,32466,9937,1412,2312,20,1,38177
stage5_lightgbm_smote_gpu,lightgbm,smote,gpu,valid,fn20_fp1,20:1,0.7667841150712007,0.2568337809249825,0.20035247194137834,0.5800214822771214,0.29782833505687695,0.11,33782,8621,1564,2160,20,1,39901
stage5_lightgbm_smote_gpu,lightgbm,smote,gpu,valid,fn20_fp1,20:1,0.7667841150712007,0.2568337809249825,0.21071800208116545,0.5437701396348013,0.30373481325933704,0.12,34818,7585,1699,2025,20,1,41565
stage5_lightgbm_smote_gpu,lightgbm,smote,gpu,valid,fn20_fp1,20:1,0.7667841150712007,0.2568337809249825,0.22201339128391873,0.5075187969924813,0.30889924000980634,0.13,35780,6623,1834,1890,20,1,43303
stage5_lightgbm_smote_gpu,lightgbm,smote,gpu,valid,fn20_fp1,20:1,0.7667841150712007,0.2568337809249825,0.23114387258128208,0.4715359828141783,0.3102199452345199,0.14,36562,5841,1968,1756,20,1,45201
stage5_lightgbm_smote_gpu,lightgbm,smote,gpu,valid,fn20_fp1,20:1,0.7667841150712007,0.2568337809249825,0.2453356838548553,0.44844253490870034,0.3171588643053841,0.15,37266,5137,2054,1670,20,1,46217
stage5_lightgbm_smote_gpu,lightgbm,smote,gpu,valid,fn20_fp1,20:1,0.7667841150712007,0.2568337809249825,0.2574889507284335,0.4223952738990333,0.31994304891691244,0.16,37867,4536,2151,1573,20,1,47556
stage5_lightgbm_smote_gpu,lightgbm,smote,gpu,valid,fn20_fp1,20:1,0.7667841150712007,0.2568337809249825,0.26768781911013856,0.3941997851772288,0.3188531711555169,0.17,38387,4016,2256,1468,20,1,49136
stage5_lightgbm_smote_gpu,lightgbm,smote,gpu,valid,fn20_fp1,20:1,0.7667841150712007,0.2568337809249825,0.28399346672111064,0.37352309344790546,0.3226629552308049,0.18,38896,3507,2333,1391,20,1,50167
stage5_lightgbm_smote_gpu,lightgbm,smote,gpu,valid,fn20_fp1,20:1,0.7667841150712007,0.2568337809249825,0.2968856558308707,0.3506981740064447,0.32155607534162256,0.19,39310,3093,2418,1306,20,1,51453
stage5_lightgbm_smote_gpu,lightgbm,smote,gpu,valid,fn20_fp1,20:1,0.7667841150712007,0.2568337809249825,0.3075566750629723,0.3278732545649839,0.3173901741616844,0.2,39654,2749,2503,1221,20,1,52809
stage5_lightgbm_smote_gpu,lightgbm,smote,gpu,valid,fn20_fp1,20:1,0.7667841150712007,0.2568337809249825,0.31541924592009,0.3010204081632653,0.3080516625446551,0.21,39970,2433,2603,1121,20,1,54493
stage5_lightgbm_smote_gpu,lightgbm,smote,gpu,valid,fn20_fp1,20:1,0.7667841150712007,0.2568337809249825,0.326568841710896,0.28088077336197637,0.30200664068139166,0.22,40246,2157,2678,1046,20,1,55717
stage5_lightgbm_smote_gpu,lightgbm,smote,gpu,valid,fn20_fp1,20:1,0.7667841150712007,0.2568337809249825,0.33940852819807427,0.2650375939849624,0.29764776839565743,0.23,40482,1921,2737,987,20,1,56661
stage5_lightgbm_smote_gpu,lightgbm,smote,gpu,valid,fn20_fp1,20:1,0.7667841150712007,0.2568337809249825,0.34486692015209125,0.24355531686358753,0.28548945546112686,0.24,40680,1723,2817,907,20,1,58063
stage5_lightgbm_smote_gpu,lightgbm,smote,gpu,valid,fn20_fp1,20:1,0.7667841150712007,0.2568337809249825,0.3503372681281619,0.2231471535982814,0.27263779527559057,0.25,40862,1541,2893,831,20,1,59401
stage5_lightgbm_smote_gpu,lightgbm,smote,gpu,valid,fn20_fp1,20:1,0.7667841150712007,0.2568337809249825,0.36172204024333177,0.20757250268528463,0.26377751236990277,0.26,41039,1364,2951,773,20,1,60384
stage5_lightgbm_smote_gpu,lightgbm,smote,gpu,valid,fn20_fp1,20:1,0.7667841150712007,0.2568337809249825,0.36926250644662195,0.19226638023630505,0.25286950379657425,0.27,41180,1223,3008,716,20,1,61383
stage5_lightgbm_smote_gpu,lightgbm,smote,gpu,valid,fn20_fp1,20:1,0.7667841150712007,0.2568337809249825,0.3721719457013575,0.17669172932330826,0.23962126729788782,0.28,41293,1110,3066,658,20,1,62430
stage5_lightgbm_smote_gpu,lightgbm,smote,gpu,valid,fn20_fp1,20:1,0.7667841150712007,0.2568337809249825,0.3834066624764299,0.16380236305048335,0.2295390404515522,0.29,41422,981,3114,610,20,1,63261
stage5_lightgbm_smote_gpu,lightgbm,smote,gpu,valid,fn20_fp1,20:1,0.7667841150712007,0.2568337809249825,0.3914246196403873,0.15198711063372716,0.21895551257253384,0.3,41523,880,3158,566,20,1,64040
stage5_lightgbm_smote_gpu,lightgbm,smote,gpu,valid,fn20_fp1,20:1,0.7667841150712007,0.2568337809249825,0.4029163468917882,0.14097744360902256,0.2088720907101651,0.31,41625,778,3199,525,20,1,64758
stage5_lightgbm_smote_gpu,lightgbm,smote,gpu,valid,fn20_fp1,20:1,0.7667841150712007,0.2568337809249825,0.41552901023890787,0.1307733619763695,0.198937908496732,0.32,41718,685,3237,487,20,1,65425
stage5_lightgbm_smote_gpu,lightgbm,smote,gpu,valid,fn20_fp1,20:1,0.7667841150712007,0.2568337809249825,0.41312741312741313,0.11493018259935553,0.17983193277310924,0.33,41795,608,3296,428,20,1,66528
stage5_lightgbm_smote_gpu,lightgbm,smote,gpu,valid,fn20_fp1,20:1,0.7667841150712007,0.2568337809249825,0.41993637327677624,0.10633727175080558,0.16970216413113348,0.34,41856,547,3328,396,20,1,67107
stage5_lightgbm_smote_gpu,lightgbm,smote,gpu,valid,fn20_fp1,20:1,0.7667841150712007,0.2568337809249825,0.4302600472813239,0.09774436090225563,0.15929978118161925,0.35,41921,482,3360,364,20,1,67682
stage5_lightgbm_smote_gpu,lightgbm,smote,gpu,valid,fn20_fp1,20:1,0.7667841150712007,0.2568337809249825,0.44155844155844154,0.09129967776584318,0.15131286159323543,0.36,41973,430,3384,340,20,1,68110
stage5_lightgbm_smote_gpu,lightgbm,smote,gpu,valid,fn20_fp1,20:1,0.7667841150712007,0.2568337809249825,0.44970414201183434,0.08163265306122448,0.13818181818181818,0.37,42031,372,3420,304,20,1,68772
stage5_lightgbm_smote_gpu,lightgbm,smote,gpu,valid,fn20_fp1,20:1,0.7667841150712007,0.2568337809249825,0.4674457429048414,0.07518796992481203,0.12953967152440435,0.38,42084,319,3444,280,20,1,69199
stage5_lightgbm_smote_gpu,lightgbm,smote,gpu,valid,fn20_fp1,20:1,0.7667841150712007,0.2568337809249825,0.47706422018348627,0.06981740064446831,0.12180838603888498,0.39,42118,285,3464,260,20,1,69565
stage5_lightgbm_smote_gpu,lightgbm,smote,gpu,valid,fn20_fp1,20:1,0.7667841150712007,0.2568337809249825,0.4802494802494803,0.06203007518796992,0.1098692033293698,0.4,42153,250,3493,231,20,1,70110
stage5_lightgbm_smote_gpu,lightgbm,smote,gpu,valid,fn20_fp1,20:1,0.7667841150712007,0.2568337809249825,0.4894117647058824,0.055853920515574654,0.1002651241262955,0.41,42186,217,3516,208,20,1,70537
stage5_lightgbm_smote_gpu,lightgbm,smote,gpu,valid,fn20_fp1,20:1,0.7667841150712007,0.2568337809249825,0.5213903743315508,0.052363050483351235,0.0951683748169839,0.42,42224,179,3529,195,20,1,70759
stage5_lightgbm_smote_gpu,lightgbm,smote,gpu,valid,fn20_fp1,20:1,0.7667841150712007,0.2568337809249825,0.5331325301204819,0.04752953813104189,0.08727810650887574,0.43,42248,155,3547,177,20,1,71095
stage5_lightgbm_smote_gpu,lightgbm,smote,gpu,valid,fn20_fp1,20:1,0.7667841150712007,0.2568337809249825,0.5392156862745098,0.04430719656283566,0.08188585607940446,0.44,42262,141,3559,165,20,1,71321
stage5_lightgbm_smote_gpu,lightgbm,smote,gpu,valid,fn20_fp1,20:1,0.7667841150712007,0.2568337809249825,0.5398550724637681,0.040010741138560686,0.0745,0.45,42276,127,3575,149,20,1,71627
stage5_lightgbm_smote_gpu,lightgbm,smote,gpu,valid,fn20_fp1,20:1,0.7667841150712007,0.2568337809249825,0.5368852459016393,0.03517722878625134,0.06602822580645161,0.46,42290,113,3593,131,20,1,71973
stage5_lightgbm_smote_gpu,lightgbm,smote,gpu,valid,fn20_fp1,20:1,0.7667841150712007,0.2568337809249825,0.5528846153846154,0.03088077336197637,0.05849440488301119,0.47,42310,93,3609,115,20,1,72273
stage5_lightgbm_smote_gpu,lightgbm,smote,gpu,valid,fn20_fp1,20:1,0.7667841150712007,0.2568337809249825,0.5621621621621622,0.027926960257787327,0.05321053977999488,0.48,42322,81,3620,104,20,1,72481
stage5_lightgbm_smote_gpu,lightgbm,smote,gpu,valid,fn20_fp1,20:1,0.7667841150712007,0.2568337809249825,0.5748502994011976,0.02577873254564984,0.04934464148033924,0.49,42332,71,3628,96,20,1,72631
stage5_lightgbm_smote_gpu,lightgbm,smote,gpu,valid,fn20_fp1,20:1,0.7667841150712007,0.2568337809249825,0.5789473684210527,0.023630504833512353,0.04540763673890609,0.5,42339,64,3636,88,20,1,72784
stage5_lightgbm_smote_gpu,lightgbm,smote,gpu,valid,fn20_fp1,20:1,0.7667841150712007,0.2568337809249825,0.5808823529411765,0.02121374865735768,0.04093264248704663,0.51,42346,57,3645,79,20,1,72957
stage5_lightgbm_smote_gpu,lightgbm,smote,gpu,valid,fn20_fp1,20:1,0.7667841150712007,0.2568337809249825,0.5867768595041323,0.019065520945220193,0.03693107932379714,0.52,42353,50,3653,71,20,1,73110
stage5_lightgbm_smote_gpu,lightgbm,smote,gpu,valid,fn20_fp1,20:1,0.7667841150712007,0.2568337809249825,0.580952380952381,0.016380236305048337,0.03186210498824758,0.53,42359,44,3663,61,20,1,73304
stage5_lightgbm_smote_gpu,lightgbm,smote,gpu,valid,fn20_fp1,20:1,0.7667841150712007,0.2568337809249825,0.5903614457831325,0.013157894736842105,0.02574205411084844,0.54,42369,34,3675,49,20,1,73534
stage5_lightgbm_smote_gpu,lightgbm,smote,gpu,valid,fn20_fp1,20:1,0.7667841150712007,0.2568337809249825,0.6081081081081081,0.012083780880773363,0.023696682464454975,0.55,42374,29,3679,45,20,1,73609
stage5_lightgbm_smote_gpu,lightgbm,smote,gpu,valid,fn20_fp1,20:1,0.7667841150712007,0.2568337809249825,0.6,0.00966702470461869,0.019027484143763214,0.56,42379,24,3688,36,20,1,73784
stage5_lightgbm_smote_gpu,lightgbm,smote,gpu,valid,fn20_fp1,20:1,0.7667841150712007,0.2568337809249825,0.6046511627906976,0.006981740064446832,0.01380408813379347,0.57,42386,17,3698,26,20,1,73977
stage5_lightgbm_smote_gpu,lightgbm,smote,gpu,valid,fn20_fp1,20:1,0.7667841150712007,0.2568337809249825,0.6666666666666666,0.00644468313641246,0.01276595744680851,0.58,42391,12,3700,24,20,1,74012
stage5_lightgbm_smote_gpu,lightgbm,smote,gpu,valid,fn20_fp1,20:1,0.7667841150712007,0.2568337809249825,0.6333333333333333,0.00510204081632653,0.010122535961640916,0.59,42392,11,3705,19,20,1,74111
stage5_lightgbm_smote_gpu,lightgbm,smote,gpu,valid,fn20_fp1,20:1,0.7667841150712007,0.2568337809249825,0.6818181818181818,0.004027926960257788,0.00800854244527496,0.6,42396,7,3709,15,20,1,74187
stage5_lightgbm_smote_gpu,lightgbm,smote,gpu,valid,fn20_fp1,20:1,0.7667841150712007,0.2568337809249825,0.6666666666666666,0.00322234156820623,0.006413682522715126,0.61,42397,6,3712,12,20,1,74246
stage5_lightgbm_smote_gpu,lightgbm,smote,gpu,valid,fn20_fp1,20:1,0.7667841150712007,0.2568337809249825,0.6428571428571429,0.0024167561761546724,0.004815409309791332,0.62,42398,5,3715,9,20,1,74305
stage5_lightgbm_smote_gpu,lightgbm,smote,gpu,valid,fn20_fp1,20:1,0.7667841150712007,0.2568337809249825,0.6363636363636364,0.0018796992481203006,0.003748326639892905,0.63,42399,4,3717,7,20,1,74344
stage5_lightgbm_smote_gpu,lightgbm,smote,gpu,valid,fn20_fp1,20:1,0.7667841150712007,0.2568337809249825,0.6,0.001611170784103115,0.0032137118371719335,0.64,42399,4,3718,6,20,1,74364
stage5_lightgbm_smote_gpu,lightgbm,smote,gpu,valid,fn20_fp1,20:1,0.7667841150712007,0.2568337809249825,0.5714285714285714,0.0010741138560687433,0.0021441972661484857,0.65,42400,3,3720,4,20,1,74403
stage5_lightgbm_smote_gpu,lightgbm,smote,gpu,valid,fn20_fp1,20:1,0.7667841150712007,0.2568337809249825,0.4,0.0005370569280343716,0.0010726736390453205,0.66,42400,3,3722,2,20,1,74443
stage5_lightgbm_smote_gpu,lightgbm,smote,gpu,valid,fn20_fp1,20:1,0.7667841150712007,0.2568337809249825,0.5,0.0005370569280343716,0.001072961373390558,0.67,42401,2,3722,2,20,1,74442
stage5_lightgbm_smote_gpu,lightgbm,smote,gpu,valid,fn20_fp1,20:1,0.7667841150712007,0.2568337809249825,0.5,0.0005370569280343716,0.001072961373390558,0.68,42401,2,3722,2,20,1,74442
stage5_lightgbm_smote_gpu,lightgbm,smote,gpu,valid,fn20_fp1,20:1,0.7667841150712007,0.2568337809249825,0.0,0.0,0.0,0.69,42401,2,3724,0,20,1,74482
stage5_lightgbm_smote_gpu,lightgbm,smote,gpu,valid,fn20_fp1,20:1,0.7667841150712007,0.2568337809249825,0.0,0.0,0.0,0.7,42401,2,3724,0,20,1,74482
stage5_lightgbm_smote_gpu,lightgbm,smote,gpu,valid,fn20_fp1,20:1,0.7667841150712007,0.2568337809249825,0.0,0.0,0.0,0.71,42402,1,3724,0,20,1,74481
stage5_lightgbm_smote_gpu,lightgbm,smote,gpu,valid,fn20_fp1,20:1,0.7667841150712007,0.2568337809249825,0.0,0.0,0.0,0.72,42402,1,3724,0,20,1,74481
stage5_lightgbm_smote_gpu,lightgbm,smote,gpu,valid,fn20_fp1,20:1,0.7667841150712007,0.2568337809249825,0.0,0.0,0.0,0.73,42403,0,3724,0,20,1,74480
stage5_lightgbm_smote_gpu,lightgbm,smote,gpu,valid,fn20_fp1,20:1,0.7667841150712007,0.2568337809249825,0.0,0.0,0.0,0.74,42403,0,3724,0,20,1,74480
stage5_lightgbm_smote_gpu,lightgbm,smote,gpu,valid,fn20_fp1,20:1,0.7667841150712007,0.2568337809249825,0.0,0.0,0.0,0.75,42403,0,3724,0,20,1,74480
stage5_lightgbm_smote_gpu,lightgbm,smote,gpu,valid,fn20_fp1,20:1,0.7667841150712007,0.2568337809249825,0.0,0.0,0.0,0.76,42403,0,3724,0,20,1,74480
stage5_lightgbm_smote_gpu,lightgbm,smote,gpu,valid,fn20_fp1,20:1,0.7667841150712007,0.2568337809249825,0.0,0.0,0.0,0.77,42403,0,3724,0,20,1,74480
stage5_lightgbm_smote_gpu,lightgbm,smote,gpu,valid,fn20_fp1,20:1,0.7667841150712007,0.2568337809249825,0.0,0.0,0.0,0.78,42403,0,3724,0,20,1,74480
stage5_lightgbm_smote_gpu,lightgbm,smote,gpu,valid,fn20_fp1,20:1,0.7667841150712007,0.2568337809249825,0.0,0.0,0.0,0.79,42403,0,3724,0,20,1,74480
stage5_lightgbm_smote_gpu,lightgbm,smote,gpu,valid,fn20_fp1,20:1,0.7667841150712007,0.2568337809249825,0.0,0.0,0.0,0.8,42403,0,3724,0,20,1,74480
stage5_lightgbm_smote_gpu,lightgbm,smote,gpu,valid,fn20_fp1,20:1,0.7667841150712007,0.2568337809249825,0.0,0.0,0.0,0.81,42403,0,3724,0,20,1,74480
stage5_lightgbm_smote_gpu,lightgbm,smote,gpu,valid,fn20_fp1,20:1,0.7667841150712007,0.2568337809249825,0.0,0.0,0.0,0.82,42403,0,3724,0,20,1,74480
stage5_lightgbm_smote_gpu,lightgbm,smote,gpu,valid,fn20_fp1,20:1,0.7667841150712007,0.2568337809249825,0.0,0.0,0.0,0.83,42403,0,3724,0,20,1,74480
stage5_lightgbm_smote_gpu,lightgbm,smote,gpu,valid,fn20_fp1,20:1,0.7667841150712007,0.2568337809249825,0.0,0.0,0.0,0.84,42403,0,3724,0,20,1,74480
stage5_lightgbm_smote_gpu,lightgbm,smote,gpu,valid,fn20_fp1,20:1,0.7667841150712007,0.2568337809249825,0.0,0.0,0.0,0.85,42403,0,3724,0,20,1,74480
stage5_lightgbm_smote_gpu,lightgbm,smote,gpu,valid,fn20_fp1,20:1,0.7667841150712007,0.2568337809249825,0.0,0.0,0.0,0.86,42403,0,3724,0,20,1,74480
stage5_lightgbm_smote_gpu,lightgbm,smote,gpu,valid,fn20_fp1,20:1,0.7667841150712007,0.2568337809249825,0.0,0.0,0.0,0.87,42403,0,3724,0,20,1,74480
stage5_lightgbm_smote_gpu,lightgbm,smote,gpu,valid,fn20_fp1,20:1,0.7667841150712007,0.2568337809249825,0.0,0.0,0.0,0.88,42403,0,3724,0,20,1,74480
stage5_lightgbm_smote_gpu,lightgbm,smote,gpu,valid,fn20_fp1,20:1,0.7667841150712007,0.2568337809249825,0.0,0.0,0.0,0.89,42403,0,3724,0,20,1,74480
stage5_lightgbm_smote_gpu,lightgbm,smote,gpu,valid,fn20_fp1,20:1,0.7667841150712007,0.2568337809249825,0.0,0.0,0.0,0.9,42403,0,3724,0,20,1,74480
stage5_lightgbm_smote_gpu,lightgbm,smote,gpu,valid,fn20_fp1,20:1,0.7667841150712007,0.2568337809249825,0.0,0.0,0.0,0.91,42403,0,3724,0,20,1,74480
stage5_lightgbm_smote_gpu,lightgbm,smote,gpu,valid,fn20_fp1,20:1,0.7667841150712007,0.2568337809249825,0.0,0.0,0.0,0.92,42403,0,3724,0,20,1,74480
stage5_lightgbm_smote_gpu,lightgbm,smote,gpu,valid,fn20_fp1,20:1,0.7667841150712007,0.2568337809249825,0.0,0.0,0.0,0.93,42403,0,3724,0,20,1,74480
stage5_lightgbm_smote_gpu,lightgbm,smote,gpu,valid,fn20_fp1,20:1,0.7667841150712007,0.2568337809249825,0.0,0.0,0.0,0.94,42403,0,3724,0,20,1,74480
stage5_lightgbm_smote_gpu,lightgbm,smote,gpu,valid,fn20_fp1,20:1,0.7667841150712007,0.2568337809249825,0.0,0.0,0.0,0.95,42403,0,3724,0,20,1,74480
stage5_lightgbm_smote_gpu,lightgbm,smote,gpu,valid,fn20_fp1,20:1,0.7667841150712007,0.2568337809249825,0.0,0.0,0.0,0.96,42403,0,3724,0,20,1,74480
stage5_lightgbm_smote_gpu,lightgbm,smote,gpu,valid,fn20_fp1,20:1,0.7667841150712007,0.2568337809249825,0.0,0.0,0.0,0.97,42403,0,3724,0,20,1,74480
stage5_lightgbm_smote_gpu,lightgbm,smote,gpu,valid,fn20_fp1,20:1,0.7667841150712007,0.2568337809249825,0.0,0.0,0.0,0.98,42403,0,3724,0,20,1,74480
stage5_lightgbm_smote_gpu,lightgbm,smote,gpu,valid,fn20_fp1,20:1,0.7667841150712007,0.2568337809249825,0.0,0.0,0.0,0.99,42403,0,3724,0,20,1,74480
stage5_xgboost_raw_cuda,xgboost,raw,cuda,valid,fn5_fp1,5:1,0.7645585484003384,0.25731774941184415,0.08273910330689009,0.9970461868958109,0.15279835390946503,0.01,1240,41163,11,3713,5,1,41218
stage5_xgboost_raw_cuda,xgboost,raw,cuda,valid,fn5_fp1,5:1,0.7645585484003384,0.25731774941184415,0.09200752950752951,0.9712674543501612,0.1680918300957338,0.02,6708,35695,107,3617,5,1,36230
stage5_xgboost_raw_cuda,xgboost,raw,cuda,valid,fn5_fp1,5:1,0.7645585484003384,0.25731774941184415,0.1048110997657517,0.9371643394199786,0.18853654583761006,0.03,12595,29808,234,3490,5,1,30978
stage5_xgboost_raw_cuda,xgboost,raw,cuda,valid,fn5_fp1,5:1,0.7645585484003384,0.25731774941184415,0.11686291149535023,0.8874865735767992,0.20653022965161694,0.04,17427,24976,419,3305,5,1,27071
stage5_xgboost_raw_cuda,xgboost,raw,cuda,valid,fn5_fp1,5:1,0.7645585484003384,0.25731774941184415,0.13018242122719734,0.8431793770139635,0.22554230713977877,0.05,21423,20980,584,3140,5,1,23900
stage5_xgboost_raw_cuda,xgboost,raw,cuda,valid,fn5_fp1,5:1,0.7645585484003384,0.25731774941184415,0.14288450488412183,0.8012889366272825,0.2425227568270481,0.06,24503,17900,740,2984,5,1,21600
stage5_xgboost_raw_cuda,xgboost,raw,cuda,valid,fn5_fp1,5:1,0.7645585484003384,0.25731774941184415,0.15349687136607787,0.7443609022556391,0.2545103980168021,0.07,27116,15287,952,2772,5,1,20047
stage5_xgboost_raw_cuda,xgboost,raw,cuda,valid,fn5_fp1,5:1,0.7645585484003384,0.25731774941184415,0.16562698917886695,0.6987110633727175,0.2677781208191829,0.08,29295,13108,1122,2602,5,1,18718
stage5_xgboost_raw_cuda,xgboost,raw,cuda,valid,fn5_fp1,5:1,0.7645585484003384,0.25731774941184415,0.17676987934292776,0.6530612244897959,0.27822903557945317,0.09,31077,11326,1292,2432,5,1,17786
stage5_xgboost_raw_cuda,xgboost,raw,cuda,valid,fn5_fp1,5:1,0.7645585484003384,0.25731774941184415,0.18800099165358236,0.6109022556390977,0.28751974723538704,0.1,32577,9826,1449,2275,5,1,17071
stage5_xgboost_raw_cuda,xgboost,raw,cuda,valid,fn5_fp1,5:1,0.7645585484003384,0.25731774941184415,0.19960418433700877,0.5687432867883996,0.2955005231949773,0.11,33910,8493,1606,2118,5,1,16523
stage5_xgboost_raw_cuda,xgboost,raw,cuda,valid,fn5_fp1,5:1,0.7645585484003384,0.25731774941184415,0.21250132879770384,0.5367883995703545,0.30447033736958345,0.12,34995,7408,1725,1999,5,1,16033
stage5_xgboost_raw_cuda,xgboost,raw,cuda,valid,fn5_fp1,5:1,0.7645585484003384,0.25731774941184415,0.2236983842010772,0.5018796992481203,0.3094627038662141,0.13,35917,6486,1855,1869,5,1,15761
stage5_xgboost_raw_cuda,xgboost,raw,cuda,valid,fn5_fp1,5:1,0.7645585484003384,0.25731774941184415,0.23529411764705882,0.47046186895810954,0.3136974037600716,0.14,36709,5694,1972,1752,5,1,15554
stage5_xgboost_raw_cuda,xgboost,raw,cuda,valid,fn5_fp1,5:1,0.7645585484003384,0.25731774941184415,0.24804098854731765,0.44199785177228784,0.31776061776061776,0.15,37413,4990,2078,1646,5,1,15380
stage5_xgboost_raw_cuda,xgboost,raw,cuda,valid,fn5_fp1,5:1,0.7645585484003384,0.25731774941184415,0.2589817810318406,0.40843179377013966,0.3169740543919975,0.16,38051,4352,2203,1521,5,1,15367
stage5_xgboost_raw_cuda,xgboost,raw,cuda,valid,fn5_fp1,5:1,0.7645585484003384,0.25731774941184415,0.27010506208213947,0.37969924812030076,0.3156602299363768,0.17,38582,3821,2310,1414,5,1,15371
stage5_xgboost_raw_cuda,xgboost,raw,cuda,valid,fn5_fp1,5:1,0.7645585484003384,0.25731774941184415,0.2847088931541907,0.35848549946294306,0.3173659812195412,0.18,39049,3354,2389,1335,5,1,15299
stage5_xgboost_raw_cuda,xgboost,raw,cuda,valid,fn5_fp1,5:1,0.7645585484003384,0.25731774941184415,0.298254006218608,0.33485499462943075,0.3154965211891208,0.19,39469,2934,2477,1247,5,1,15319
stage5_xgboost_raw_cuda,xgboost,raw,cuda,valid,fn5_fp1,5:1,0.7645585484003384,0.25731774941184415,0.3128654970760234,0.3160580021482277,0.31445364680737375,0.2,39818,2585,2547,1177,5,1,15320
stage5_xgboost_raw_cuda,xgboost,raw,cuda,valid,fn5_fp1,5:1,0.7645585484003384,0.25731774941184415,0.32277169084986673,0.29269602577873255,0.3069990142233488,0.21,40116,2287,2634,1090,5,1,15457
stage5_xgboost_raw_cuda,xgboost,raw,cuda,valid,fn5_fp1,5:1,0.7645585484003384,0.25731774941184415,0.33663693425834157,0.27363050483351237,0.30188120278477265,0.22,40395,2008,2705,1019,5,1,15533
stage5_xgboost_raw_cuda,xgboost,raw,cuda,valid,fn5_fp1,5:1,0.7645585484003384,0.25731774941184415,0.3471104608632041,0.25483351235230933,0.2938990399504491,0.23,40618,1785,2775,949,5,1,15660
stage5_xgboost_raw_cuda,xgboost,raw,cuda,valid,fn5_fp1,5:1,0.7645585484003384,0.25731774941184415,0.3575487012987013,0.2365735767991407,0.28474466709760826,0.24,40820,1583,2843,881,5,1,15798
stage5_xgboost_raw_cuda,xgboost,raw,cuda,valid,fn5_fp1,5:1,0.7645585484003384,0.25731774941184415,0.365036231884058,0.21643394199785176,0.2717464598786244,0.25,41001,1402,2918,806,5,1,15992
stage5_xgboost_raw_cuda,xgboost,raw,cuda,valid,fn5_fp1,5:1,0.7645585484003384,0.25731774941184415,0.3782565130260521,0.2027389903329753,0.263986013986014,0.26,41162,1241,2969,755,5,1,16086
stage5_xgboost_raw_cuda,xgboost,raw,cuda,valid,fn5_fp1,5:1,0.7645585484003384,0.25731774941184415,0.38406198118428336,0.18635875402792695,0.25094919544386185,0.27,41290,1113,3030,694,5,1,16263
stage5_xgboost_raw_cuda,xgboost,raw,cuda,valid,fn5_fp1,5:1,0.7645585484003384,0.25731774941184415,0.39061547836684946,0.1721267454350161,0.23895619757688724,0.28,41403,1000,3083,641,5,1,16415
stage5_xgboost_raw_cuda,xgboost,raw,cuda,valid,fn5_fp1,5:1,0.7645585484003384,0.25731774941184415,0.39823609226594303,0.15762620837808808,0.22585609849942284,0.29,41516,887,3137,587,5,1,16572
stage5_xgboost_raw_cuda,xgboost,raw,cuda,valid,fn5_fp1,5:1,0.7645585484003384,0.25731774941184415,0.39878695981804396,0.14124597207303974,0.20860598849890938,0.3,41610,793,3198,526,5,1,16783
stage5_xgboost_raw_cuda,xgboost,raw,cuda,valid,fn5_fp1,5:1,0.7645585484003384,0.25731774941184415,0.4091680814940577,0.12943071965628355,0.1966544267645859,0.31,41707,696,3242,482,5,1,16906
stage5_xgboost_raw_cuda,xgboost,raw,cuda,valid,fn5_fp1,5:1,0.7645585484003384,0.25731774941184415,0.42218080149114634,0.12164339419978518,0.1888680425265791,0.32,41783,620,3271,453,5,1,16975
stage5_xgboost_raw_cuda,xgboost,raw,cuda,valid,fn5_fp1,5:1,0.7645585484003384,0.25731774941184415,0.4317948717948718,0.11305048335123523,0.17918706107682486,0.33,41849,554,3303,421,5,1,17069
stage5_xgboost_raw_cuda,xgboost,raw,cuda,valid,fn5_fp1,5:1,0.7645585484003384,0.25731774941184415,0.43859649122807015,0.10069817400644468,0.16379122079056563,0.34,41923,480,3349,375,5,1,17225
stage5_xgboost_raw_cuda,xgboost,raw,cuda,valid,fn5_fp1,5:1,0.7645585484003384,0.25731774941184415,0.4417989417989418,0.08968850698174007,0.14910714285714285,0.35,41981,422,3390,334,5,1,17372
stage5_xgboost_raw_cuda,xgboost,raw,cuda,valid,fn5_fp1,5:1,0.7645585484003384,0.25731774941184415,0.45209580838323354,0.08109559613319012,0.13752276867030966,0.36,42037,366,3422,302,5,1,17476
stage5_xgboost_raw_cuda,xgboost,raw,cuda,valid,fn5_fp1,5:1,0.7645585484003384,0.25731774941184415,0.4641638225255973,0.07303974221267455,0.12621809744779583,0.37,42089,314,3452,272,5,1,17574
stage5_xgboost_raw_cuda,xgboost,raw,cuda,valid,fn5_fp1,5:1,0.7645585484003384,0.25731774941184415,0.4682080924855491,0.06525241675617616,0.11454159792599576,0.38,42127,276,3481,243,5,1,17681
stage5_xgboost_raw_cuda,xgboost,raw,cuda,valid,fn5_fp1,5:1,0.7645585484003384,0.25731774941184415,0.47844827586206895,0.059613319011815255,0.10601719197707736,0.39,42161,242,3502,222,5,1,17752
stage5_xgboost_raw_cuda,xgboost,raw,cuda,valid,fn5_fp1,5:1,0.7645585484003384,0.25731774941184415,0.4975845410628019,0.05531686358754028,0.09956500724987917,0.4,42195,208,3518,206,5,1,17798
stage5_xgboost_raw_cuda,xgboost,raw,cuda,valid,fn5_fp1,5:1,0.7645585484003384,0.25731774941184415,0.5,0.04914070891514501,0.08948655256723716,0.41,42220,183,3541,183,5,1,17888
stage5_xgboost_raw_cuda,xgboost,raw,cuda,valid,fn5_fp1,5:1,0.7645585484003384,0.25731774941184415,0.515527950310559,0.04457572502685284,0.08205635195254572,0.42,42247,156,3558,166,5,1,17946
stage5_xgboost_raw_cuda,xgboost,raw,cuda,valid,fn5_fp1,5:1,0.7645585484003384,0.25731774941184415,0.5186440677966102,0.04108485499462943,0.07613834287136104,0.43,42261,142,3571,153,5,1,17997
stage5_xgboost_raw_cuda,xgboost,raw,cuda,valid,fn5_fp1,5:1,0.7645585484003384,0.25731774941184415,0.5384615384615384,0.03759398496240601,0.07028112449799197,0.44,42283,120,3584,140,5,1,18040
stage5_xgboost_raw_cuda,xgboost,raw,cuda,valid,fn5_fp1,5:1,0.7645585484003384,0.25731774941184415,0.5347826086956522,0.033029001074113856,0.0622154779969651,0.45,42296,107,3601,123,5,1,18112
stage5_xgboost_raw_cuda,xgboost,raw,cuda,valid,fn5_fp1,5:1,0.7645585484003384,0.25731774941184415,0.5495049504950495,0.029806659505907628,0.056546102903718795,0.46,42312,91,3613,111,5,1,18156
stage5_xgboost_raw_cuda,xgboost,raw,cuda,valid,fn5_fp1,5:1,0.7645585484003384,0.25731774941184415,0.554945054945055,0.027121374865735768,0.051715309779825906,0.47,42322,81,3623,101,5,1,18196
stage5_xgboost_raw_cuda,xgboost,raw,cuda,valid,fn5_fp1,5:1,0.7645585484003384,0.25731774941184415,0.5828220858895705,0.025510204081632654,0.04888088500128634,0.48,42335,68,3629,95,5,1,18213
stage5_xgboost_raw_cuda,xgboost,raw,cuda,valid,fn5_fp1,5:1,0.7645585484003384,0.25731774941184415,0.5862068965517241,0.022824919441460794,0.043939002326182475,0.49,42343,60,3639,85,5,1,18255
stage5_xgboost_raw_cuda,xgboost,raw,cuda,valid,fn5_fp1,5:1,0.7645585484003384,0.25731774941184415,0.5901639344262295,0.01933404940923738,0.0374414976599064,0.5,42353,50,3652,72,5,1,18310
stage5_xgboost_raw_cuda,xgboost,raw,cuda,valid,fn5_fp1,5:1,0.7645585484003384,0.25731774941184415,0.6288659793814433,0.016380236305048337,0.03192881444647998,0.51,42367,36,3663,61,5,1,18351
stage5_xgboost_raw_cuda,xgboost,raw,cuda,valid,fn5_fp1,5:1,0.7645585484003384,0.25731774941184415,0.6585365853658537,0.014500537056928034,0.02837624802942722,0.52,42375,28,3670,54,5,1,18378
stage5_xgboost_raw_cuda,xgboost,raw,cuda,valid,fn5_fp1,5:1,0.7645585484003384,0.25731774941184415,0.6666666666666666,0.012352309344790547,0.024255206960189825,0.53,42380,23,3678,46,5,1,18413
stage5_xgboost_raw_cuda,xgboost,raw,cuda,valid,fn5_fp1,5:1,0.7645585484003384,0.25731774941184415,0.6724137931034483,0.010472610096670247,0.020624008461131677,0.54,42384,19,3685,39,5,1,18444
stage5_xgboost_raw_cuda,xgboost,raw,cuda,valid,fn5_fp1,5:1,0.7645585484003384,0.25731774941184415,0.6086956521739131,0.007518796992481203,0.014854111405835544,0.55,42385,18,3696,28,5,1,18498
stage5_xgboost_raw_cuda,xgboost,raw,cuda,valid,fn5_fp1,5:1,0.7645585484003384,0.25731774941184415,0.625,0.006713211600429645,0.013283740701381509,0.56,42388,15,3699,25,5,1,18510
stage5_xgboost_raw_cuda,xgboost,raw,cuda,valid,fn5_fp1,5:1,0.7645585484003384,0.25731774941184415,0.6060606060606061,0.0053705692803437165,0.010646792653713068,0.57,42390,13,3704,20,5,1,18533
stage5_xgboost_raw_cuda,xgboost,raw,cuda,valid,fn5_fp1,5:1,0.7645585484003384,0.25731774941184415,0.64,0.004296455424274973,0.008535609495865563,0.58,42394,9,3708,16,5,1,18549
stage5_xgboost_raw_cuda,xgboost,raw,cuda,valid,fn5_fp1,5:1,0.7645585484003384,0.25731774941184415,0.5882352941176471,0.0026852846401718583,0.005346164127238706,0.59,42396,7,3714,10,5,1,18577
stage5_xgboost_raw_cuda,xgboost,raw,cuda,valid,fn5_fp1,5:1,0.7645585484003384,0.25731774941184415,0.6363636363636364,0.0018796992481203006,0.003748326639892905,0.6,42399,4,3717,7,5,1,18589
stage5_xgboost_raw_cuda,xgboost,raw,cuda,valid,fn5_fp1,5:1,0.7645585484003384,0.25731774941184415,0.75,0.001611170784103115,0.003215434083601286,0.61,42401,2,3718,6,5,1,18592
stage5_xgboost_raw_cuda,xgboost,raw,cuda,valid,fn5_fp1,5:1,0.7645585484003384,0.25731774941184415,0.6,0.0008055853920515575,0.0016090104585679806,0.62,42401,2,3721,3,5,1,18607
stage5_xgboost_raw_cuda,xgboost,raw,cuda,valid,fn5_fp1,5:1,0.7645585484003384,0.25731774941184415,0.5,0.0005370569280343716,0.001072961373390558,0.63,42401,2,3722,2,5,1,18612
stage5_xgboost_raw_cuda,xgboost,raw,cuda,valid,fn5_fp1,5:1,0.7645585484003384,0.25731774941184415,0.5,0.0005370569280343716,0.001072961373390558,0.64,42401,2,3722,2,5,1,18612
stage5_xgboost_raw_cuda,xgboost,raw,cuda,valid,fn5_fp1,5:1,0.7645585484003384,0.25731774941184415,0.3333333333333333,0.0002685284640171858,0.0005366246310705661,0.65,42401,2,3723,1,5,1,18617
stage5_xgboost_raw_cuda,xgboost,raw,cuda,valid,fn5_fp1,5:1,0.7645585484003384,0.25731774941184415,0.3333333333333333,0.0002685284640171858,0.0005366246310705661,0.66,42401,2,3723,1,5,1,18617
stage5_xgboost_raw_cuda,xgboost,raw,cuda,valid,fn5_fp1,5:1,0.7645585484003384,0.25731774941184415,0.5,0.0002685284640171858,0.0005367686527106817,0.67,42402,1,3723,1,5,1,18616
stage5_xgboost_raw_cuda,xgboost,raw,cuda,valid,fn5_fp1,5:1,0.7645585484003384,0.25731774941184415,0.5,0.0002685284640171858,0.0005367686527106817,0.68,42402,1,3723,1,5,1,18616
stage5_xgboost_raw_cuda,xgboost,raw,cuda,valid,fn5_fp1,5:1,0.7645585484003384,0.25731774941184415,0.0,0.0,0.0,0.69,42402,1,3724,0,5,1,18621
stage5_xgboost_raw_cuda,xgboost,raw,cuda,valid,fn5_fp1,5:1,0.7645585484003384,0.25731774941184415,0.0,0.0,0.0,0.7,42403,0,3724,0,5,1,18620
stage5_xgboost_raw_cuda,xgboost,raw,cuda,valid,fn5_fp1,5:1,0.7645585484003384,0.25731774941184415,0.0,0.0,0.0,0.71,42403,0,3724,0,5,1,18620
stage5_xgboost_raw_cuda,xgboost,raw,cuda,valid,fn5_fp1,5:1,0.7645585484003384,0.25731774941184415,0.0,0.0,0.0,0.72,42403,0,3724,0,5,1,18620
stage5_xgboost_raw_cuda,xgboost,raw,cuda,valid,fn5_fp1,5:1,0.7645585484003384,0.25731774941184415,0.0,0.0,0.0,0.73,42403,0,3724,0,5,1,18620
stage5_xgboost_raw_cuda,xgboost,raw,cuda,valid,fn5_fp1,5:1,0.7645585484003384,0.25731774941184415,0.0,0.0,0.0,0.74,42403,0,3724,0,5,1,18620
stage5_xgboost_raw_cuda,xgboost,raw,cuda,valid,fn5_fp1,5:1,0.7645585484003384,0.25731774941184415,0.0,0.0,0.0,0.75,42403,0,3724,0,5,1,18620
stage5_xgboost_raw_cuda,xgboost,raw,cuda,valid,fn5_fp1,5:1,0.7645585484003384,0.25731774941184415,0.0,0.0,0.0,0.76,42403,0,3724,0,5,1,18620
stage5_xgboost_raw_cuda,xgboost,raw,cuda,valid,fn5_fp1,5:1,0.7645585484003384,0.25731774941184415,0.0,0.0,0.0,0.77,42403,0,3724,0,5,1,18620
stage5_xgboost_raw_cuda,xgboost,raw,cuda,valid,fn5_fp1,5:1,0.7645585484003384,0.25731774941184415,0.0,0.0,0.0,0.78,42403,0,3724,0,5,1,18620
stage5_xgboost_raw_cuda,xgboost,raw,cuda,valid,fn5_fp1,5:1,0.7645585484003384,0.25731774941184415,0.0,0.0,0.0,0.79,42403,0,3724,0,5,1,18620
stage5_xgboost_raw_cuda,xgboost,raw,cuda,valid,fn5_fp1,5:1,0.7645585484003384,0.25731774941184415,0.0,0.0,0.0,0.8,42403,0,3724,0,5,1,18620
stage5_xgboost_raw_cuda,xgboost,raw,cuda,valid,fn5_fp1,5:1,0.7645585484003384,0.25731774941184415,0.0,0.0,0.0,0.81,42403,0,3724,0,5,1,18620
stage5_xgboost_raw_cuda,xgboost,raw,cuda,valid,fn5_fp1,5:1,0.7645585484003384,0.25731774941184415,0.0,0.0,0.0,0.82,42403,0,3724,0,5,1,18620
stage5_xgboost_raw_cuda,xgboost,raw,cuda,valid,fn5_fp1,5:1,0.7645585484003384,0.25731774941184415,0.0,0.0,0.0,0.83,42403,0,3724,0,5,1,18620
stage5_xgboost_raw_cuda,xgboost,raw,cuda,valid,fn5_fp1,5:1,0.7645585484003384,0.25731774941184415,0.0,0.0,0.0,0.84,42403,0,3724,0,5,1,18620
stage5_xgboost_raw_cuda,xgboost,raw,cuda,valid,fn5_fp1,5:1,0.7645585484003384,0.25731774941184415,0.0,0.0,0.0,0.85,42403,0,3724,0,5,1,18620
stage5_xgboost_raw_cuda,xgboost,raw,cuda,valid,fn5_fp1,5:1,0.7645585484003384,0.25731774941184415,0.0,0.0,0.0,0.86,42403,0,3724,0,5,1,18620
stage5_xgboost_raw_cuda,xgboost,raw,cuda,valid,fn5_fp1,5:1,0.7645585484003384,0.25731774941184415,0.0,0.0,0.0,0.87,42403,0,3724,0,5,1,18620
stage5_xgboost_raw_cuda,xgboost,raw,cuda,valid,fn5_fp1,5:1,0.7645585484003384,0.25731774941184415,0.0,0.0,0.0,0.88,42403,0,3724,0,5,1,18620
stage5_xgboost_raw_cuda,xgboost,raw,cuda,valid,fn5_fp1,5:1,0.7645585484003384,0.25731774941184415,0.0,0.0,0.0,0.89,42403,0,3724,0,5,1,18620
stage5_xgboost_raw_cuda,xgboost,raw,cuda,valid,fn5_fp1,5:1,0.7645585484003384,0.25731774941184415,0.0,0.0,0.0,0.9,42403,0,3724,0,5,1,18620
stage5_xgboost_raw_cuda,xgboost,raw,cuda,valid,fn5_fp1,5:1,0.7645585484003384,0.25731774941184415,0.0,0.0,0.0,0.91,42403,0,3724,0,5,1,18620
stage5_xgboost_raw_cuda,xgboost,raw,cuda,valid,fn5_fp1,5:1,0.7645585484003384,0.25731774941184415,0.0,0.0,0.0,0.92,42403,0,3724,0,5,1,18620
stage5_xgboost_raw_cuda,xgboost,raw,cuda,valid,fn5_fp1,5:1,0.7645585484003384,0.25731774941184415,0.0,0.0,0.0,0.93,42403,0,3724,0,5,1,18620
stage5_xgboost_raw_cuda,xgboost,raw,cuda,valid,fn5_fp1,5:1,0.7645585484003384,0.25731774941184415,0.0,0.0,0.0,0.94,42403,0,3724,0,5,1,18620
stage5_xgboost_raw_cuda,xgboost,raw,cuda,valid,fn5_fp1,5:1,0.7645585484003384,0.25731774941184415,0.0,0.0,0.0,0.95,42403,0,3724,0,5,1,18620
stage5_xgboost_raw_cuda,xgboost,raw,cuda,valid,fn5_fp1,5:1,0.7645585484003384,0.25731774941184415,0.0,0.0,0.0,0.96,42403,0,3724,0,5,1,18620
stage5_xgboost_raw_cuda,xgboost,raw,cuda,valid,fn5_fp1,5:1,0.7645585484003384,0.25731774941184415,0.0,0.0,0.0,0.97,42403,0,3724,0,5,1,18620
stage5_xgboost_raw_cuda,xgboost,raw,cuda,valid,fn5_fp1,5:1,0.7645585484003384,0.25731774941184415,0.0,0.0,0.0,0.98,42403,0,3724,0,5,1,18620
stage5_xgboost_raw_cuda,xgboost,raw,cuda,valid,fn5_fp1,5:1,0.7645585484003384,0.25731774941184415,0.0,0.0,0.0,0.99,42403,0,3724,0,5,1,18620
stage5_xgboost_raw_cuda,xgboost,raw,cuda,valid,fn10_fp1,10:1,0.7645585484003384,0.25731774941184415,0.08273910330689009,0.9970461868958109,0.15279835390946503,0.01,1240,41163,11,3713,10,1,41273
stage5_xgboost_raw_cuda,xgboost,raw,cuda,valid,fn10_fp1,10:1,0.7645585484003384,0.25731774941184415,0.09200752950752951,0.9712674543501612,0.1680918300957338,0.02,6708,35695,107,3617,10,1,36765
stage5_xgboost_raw_cuda,xgboost,raw,cuda,valid,fn10_fp1,10:1,0.7645585484003384,0.25731774941184415,0.1048110997657517,0.9371643394199786,0.18853654583761006,0.03,12595,29808,234,3490,10,1,32148
stage5_xgboost_raw_cuda,xgboost,raw,cuda,valid,fn10_fp1,10:1,0.7645585484003384,0.25731774941184415,0.11686291149535023,0.8874865735767992,0.20653022965161694,0.04,17427,24976,419,3305,10,1,29166
stage5_xgboost_raw_cuda,xgboost,raw,cuda,valid,fn10_fp1,10:1,0.7645585484003384,0.25731774941184415,0.13018242122719734,0.8431793770139635,0.22554230713977877,0.05,21423,20980,584,3140,10,1,26820
stage5_xgboost_raw_cuda,xgboost,raw,cuda,valid,fn10_fp1,10:1,0.7645585484003384,0.25731774941184415,0.14288450488412183,0.8012889366272825,0.2425227568270481,0.06,24503,17900,740,2984,10,1,25300
stage5_xgboost_raw_cuda,xgboost,raw,cuda,valid,fn10_fp1,10:1,0.7645585484003384,0.25731774941184415,0.15349687136607787,0.7443609022556391,0.2545103980168021,0.07,27116,15287,952,2772,10,1,24807
stage5_xgboost_raw_cuda,xgboost,raw,cuda,valid,fn10_fp1,10:1,0.7645585484003384,0.25731774941184415,0.16562698917886695,0.6987110633727175,0.2677781208191829,0.08,29295,13108,1122,2602,10,1,24328
stage5_xgboost_raw_cuda,xgboost,raw,cuda,valid,fn10_fp1,10:1,0.7645585484003384,0.25731774941184415,0.17676987934292776,0.6530612244897959,0.27822903557945317,0.09,31077,11326,1292,2432,10,1,24246
stage5_xgboost_raw_cuda,xgboost,raw,cuda,valid,fn10_fp1,10:1,0.7645585484003384,0.25731774941184415,0.18800099165358236,0.6109022556390977,0.28751974723538704,0.1,32577,9826,1449,2275,10,1,24316
stage5_xgboost_raw_cuda,xgboost,raw,cuda,valid,fn10_fp1,10:1,0.7645585484003384,0.25731774941184415,0.19960418433700877,0.5687432867883996,0.2955005231949773,0.11,33910,8493,1606,2118,10,1,24553
stage5_xgboost_raw_cuda,xgboost,raw,cuda,valid,fn10_fp1,10:1,0.7645585484003384,0.25731774941184415,0.21250132879770384,0.5367883995703545,0.30447033736958345,0.12,34995,7408,1725,1999,10,1,24658
stage5_xgboost_raw_cuda,xgboost,raw,cuda,valid,fn10_fp1,10:1,0.7645585484003384,0.25731774941184415,0.2236983842010772,0.5018796992481203,0.3094627038662141,0.13,35917,6486,1855,1869,10,1,25036
stage5_xgboost_raw_cuda,xgboost,raw,cuda,valid,fn10_fp1,10:1,0.7645585484003384,0.25731774941184415,0.23529411764705882,0.47046186895810954,0.3136974037600716,0.14,36709,5694,1972,1752,10,1,25414
stage5_xgboost_raw_cuda,xgboost,raw,cuda,valid,fn10_fp1,10:1,0.7645585484003384,0.25731774941184415,0.24804098854731765,0.44199785177228784,0.31776061776061776,0.15,37413,4990,2078,1646,10,1,25770
stage5_xgboost_raw_cuda,xgboost,raw,cuda,valid,fn10_fp1,10:1,0.7645585484003384,0.25731774941184415,0.2589817810318406,0.40843179377013966,0.3169740543919975,0.16,38051,4352,2203,1521,10,1,26382
stage5_xgboost_raw_cuda,xgboost,raw,cuda,valid,fn10_fp1,10:1,0.7645585484003384,0.25731774941184415,0.27010506208213947,0.37969924812030076,0.3156602299363768,0.17,38582,3821,2310,1414,10,1,26921
stage5_xgboost_raw_cuda,xgboost,raw,cuda,valid,fn10_fp1,10:1,0.7645585484003384,0.25731774941184415,0.2847088931541907,0.35848549946294306,0.3173659812195412,0.18,39049,3354,2389,1335,10,1,27244
stage5_xgboost_raw_cuda,xgboost,raw,cuda,valid,fn10_fp1,10:1,0.7645585484003384,0.25731774941184415,0.298254006218608,0.33485499462943075,0.3154965211891208,0.19,39469,2934,2477,1247,10,1,27704
stage5_xgboost_raw_cuda,xgboost,raw,cuda,valid,fn10_fp1,10:1,0.7645585484003384,0.25731774941184415,0.3128654970760234,0.3160580021482277,0.31445364680737375,0.2,39818,2585,2547,1177,10,1,28055
stage5_xgboost_raw_cuda,xgboost,raw,cuda,valid,fn10_fp1,10:1,0.7645585484003384,0.25731774941184415,0.32277169084986673,0.29269602577873255,0.3069990142233488,0.21,40116,2287,2634,1090,10,1,28627
stage5_xgboost_raw_cuda,xgboost,raw,cuda,valid,fn10_fp1,10:1,0.7645585484003384,0.25731774941184415,0.33663693425834157,0.27363050483351237,0.30188120278477265,0.22,40395,2008,2705,1019,10,1,29058
stage5_xgboost_raw_cuda,xgboost,raw,cuda,valid,fn10_fp1,10:1,0.7645585484003384,0.25731774941184415,0.3471104608632041,0.25483351235230933,0.2938990399504491,0.23,40618,1785,2775,949,10,1,29535
stage5_xgboost_raw_cuda,xgboost,raw,cuda,valid,fn10_fp1,10:1,0.7645585484003384,0.25731774941184415,0.3575487012987013,0.2365735767991407,0.28474466709760826,0.24,40820,1583,2843,881,10,1,30013
stage5_xgboost_raw_cuda,xgboost,raw,cuda,valid,fn10_fp1,10:1,0.7645585484003384,0.25731774941184415,0.365036231884058,0.21643394199785176,0.2717464598786244,0.25,41001,1402,2918,806,10,1,30582
stage5_xgboost_raw_cuda,xgboost,raw,cuda,valid,fn10_fp1,10:1,0.7645585484003384,0.25731774941184415,0.3782565130260521,0.2027389903329753,0.263986013986014,0.26,41162,1241,2969,755,10,1,30931
stage5_xgboost_raw_cuda,xgboost,raw,cuda,valid,fn10_fp1,10:1,0.7645585484003384,0.25731774941184415,0.38406198118428336,0.18635875402792695,0.25094919544386185,0.27,41290,1113,3030,694,10,1,31413
stage5_xgboost_raw_cuda,xgboost,raw,cuda,valid,fn10_fp1,10:1,0.7645585484003384,0.25731774941184415,0.39061547836684946,0.1721267454350161,0.23895619757688724,0.28,41403,1000,3083,641,10,1,31830
stage5_xgboost_raw_cuda,xgboost,raw,cuda,valid,fn10_fp1,10:1,0.7645585484003384,0.25731774941184415,0.39823609226594303,0.15762620837808808,0.22585609849942284,0.29,41516,887,3137,587,10,1,32257
stage5_xgboost_raw_cuda,xgboost,raw,cuda,valid,fn10_fp1,10:1,0.7645585484003384,0.25731774941184415,0.39878695981804396,0.14124597207303974,0.20860598849890938,0.3,41610,793,3198,526,10,1,32773
stage5_xgboost_raw_cuda,xgboost,raw,cuda,valid,fn10_fp1,10:1,0.7645585484003384,0.25731774941184415,0.4091680814940577,0.12943071965628355,0.1966544267645859,0.31,41707,696,3242,482,10,1,33116
stage5_xgboost_raw_cuda,xgboost,raw,cuda,valid,fn10_fp1,10:1,0.7645585484003384,0.25731774941184415,0.42218080149114634,0.12164339419978518,0.1888680425265791,0.32,41783,620,3271,453,10,1,33330
stage5_xgboost_raw_cuda,xgboost,raw,cuda,valid,fn10_fp1,10:1,0.7645585484003384,0.25731774941184415,0.4317948717948718,0.11305048335123523,0.17918706107682486,0.33,41849,554,3303,421,10,1,33584
stage5_xgboost_raw_cuda,xgboost,raw,cuda,valid,fn10_fp1,10:1,0.7645585484003384,0.25731774941184415,0.43859649122807015,0.10069817400644468,0.16379122079056563,0.34,41923,480,3349,375,10,1,33970
stage5_xgboost_raw_cuda,xgboost,raw,cuda,valid,fn10_fp1,10:1,0.7645585484003384,0.25731774941184415,0.4417989417989418,0.08968850698174007,0.14910714285714285,0.35,41981,422,3390,334,10,1,34322
stage5_xgboost_raw_cuda,xgboost,raw,cuda,valid,fn10_fp1,10:1,0.7645585484003384,0.25731774941184415,0.45209580838323354,0.08109559613319012,0.13752276867030966,0.36,42037,366,3422,302,10,1,34586
stage5_xgboost_raw_cuda,xgboost,raw,cuda,valid,fn10_fp1,10:1,0.7645585484003384,0.25731774941184415,0.4641638225255973,0.07303974221267455,0.12621809744779583,0.37,42089,314,3452,272,10,1,34834
stage5_xgboost_raw_cuda,xgboost,raw,cuda,valid,fn10_fp1,10:1,0.7645585484003384,0.25731774941184415,0.4682080924855491,0.06525241675617616,0.11454159792599576,0.38,42127,276,3481,243,10,1,35086
stage5_xgboost_raw_cuda,xgboost,raw,cuda,valid,fn10_fp1,10:1,0.7645585484003384,0.25731774941184415,0.47844827586206895,0.059613319011815255,0.10601719197707736,0.39,42161,242,3502,222,10,1,35262
stage5_xgboost_raw_cuda,xgboost,raw,cuda,valid,fn10_fp1,10:1,0.7645585484003384,0.25731774941184415,0.4975845410628019,0.05531686358754028,0.09956500724987917,0.4,42195,208,3518,206,10,1,35388
stage5_xgboost_raw_cuda,xgboost,raw,cuda,valid,fn10_fp1,10:1,0.7645585484003384,0.25731774941184415,0.5,0.04914070891514501,0.08948655256723716,0.41,42220,183,3541,183,10,1,35593
stage5_xgboost_raw_cuda,xgboost,raw,cuda,valid,fn10_fp1,10:1,0.7645585484003384,0.25731774941184415,0.515527950310559,0.04457572502685284,0.08205635195254572,0.42,42247,156,3558,166,10,1,35736
stage5_xgboost_raw_cuda,xgboost,raw,cuda,valid,fn10_fp1,10:1,0.7645585484003384,0.25731774941184415,0.5186440677966102,0.04108485499462943,0.07613834287136104,0.43,42261,142,3571,153,10,1,35852
stage5_xgboost_raw_cuda,xgboost,raw,cuda,valid,fn10_fp1,10:1,0.7645585484003384,0.25731774941184415,0.5384615384615384,0.03759398496240601,0.07028112449799197,0.44,42283,120,3584,140,10,1,35960
stage5_xgboost_raw_cuda,xgboost,raw,cuda,valid,fn10_fp1,10:1,0.7645585484003384,0.25731774941184415,0.5347826086956522,0.033029001074113856,0.0622154779969651,0.45,42296,107,3601,123,10,1,36117
stage5_xgboost_raw_cuda,xgboost,raw,cuda,valid,fn10_fp1,10:1,0.7645585484003384,0.25731774941184415,0.5495049504950495,0.029806659505907628,0.056546102903718795,0.46,42312,91,3613,111,10,1,36221
stage5_xgboost_raw_cuda,xgboost,raw,cuda,valid,fn10_fp1,10:1,0.7645585484003384,0.25731774941184415,0.554945054945055,0.027121374865735768,0.051715309779825906,0.47,42322,81,3623,101,10,1,36311
stage5_xgboost_raw_cuda,xgboost,raw,cuda,valid,fn10_fp1,10:1,0.7645585484003384,0.25731774941184415,0.5828220858895705,0.025510204081632654,0.04888088500128634,0.48,42335,68,3629,95,10,1,36358
stage5_xgboost_raw_cuda,xgboost,raw,cuda,valid,fn10_fp1,10:1,0.7645585484003384,0.25731774941184415,0.5862068965517241,0.022824919441460794,0.043939002326182475,0.49,42343,60,3639,85,10,1,36450
stage5_xgboost_raw_cuda,xgboost,raw,cuda,valid,fn10_fp1,10:1,0.7645585484003384,0.25731774941184415,0.5901639344262295,0.01933404940923738,0.0374414976599064,0.5,42353,50,3652,72,10,1,36570
stage5_xgboost_raw_cuda,xgboost,raw,cuda,valid,fn10_fp1,10:1,0.7645585484003384,0.25731774941184415,0.6288659793814433,0.016380236305048337,0.03192881444647998,0.51,42367,36,3663,61,10,1,36666
stage5_xgboost_raw_cuda,xgboost,raw,cuda,valid,fn10_fp1,10:1,0.7645585484003384,0.25731774941184415,0.6585365853658537,0.014500537056928034,0.02837624802942722,0.52,42375,28,3670,54,10,1,36728
stage5_xgboost_raw_cuda,xgboost,raw,cuda,valid,fn10_fp1,10:1,0.7645585484003384,0.25731774941184415,0.6666666666666666,0.012352309344790547,0.024255206960189825,0.53,42380,23,3678,46,10,1,36803
stage5_xgboost_raw_cuda,xgboost,raw,cuda,valid,fn10_fp1,10:1,0.7645585484003384,0.25731774941184415,0.6724137931034483,0.010472610096670247,0.020624008461131677,0.54,42384,19,3685,39,10,1,36869
stage5_xgboost_raw_cuda,xgboost,raw,cuda,valid,fn10_fp1,10:1,0.7645585484003384,0.25731774941184415,0.6086956521739131,0.007518796992481203,0.014854111405835544,0.55,42385,18,3696,28,10,1,36978
stage5_xgboost_raw_cuda,xgboost,raw,cuda,valid,fn10_fp1,10:1,0.7645585484003384,0.25731774941184415,0.625,0.006713211600429645,0.013283740701381509,0.56,42388,15,3699,25,10,1,37005
stage5_xgboost_raw_cuda,xgboost,raw,cuda,valid,fn10_fp1,10:1,0.7645585484003384,0.25731774941184415,0.6060606060606061,0.0053705692803437165,0.010646792653713068,0.57,42390,13,3704,20,10,1,37053
stage5_xgboost_raw_cuda,xgboost,raw,cuda,valid,fn10_fp1,10:1,0.7645585484003384,0.25731774941184415,0.64,0.004296455424274973,0.008535609495865563,0.58,42394,9,3708,16,10,1,37089
stage5_xgboost_raw_cuda,xgboost,raw,cuda,valid,fn10_fp1,10:1,0.7645585484003384,0.25731774941184415,0.5882352941176471,0.0026852846401718583,0.005346164127238706,0.59,42396,7,3714,10,10,1,37147
stage5_xgboost_raw_cuda,xgboost,raw,cuda,valid,fn10_fp1,10:1,0.7645585484003384,0.25731774941184415,0.6363636363636364,0.0018796992481203006,0.003748326639892905,0.6,42399,4,3717,7,10,1,37174
stage5_xgboost_raw_cuda,xgboost,raw,cuda,valid,fn10_fp1,10:1,0.7645585484003384,0.25731774941184415,0.75,0.001611170784103115,0.003215434083601286,0.61,42401,2,3718,6,10,1,37182
stage5_xgboost_raw_cuda,xgboost,raw,cuda,valid,fn10_fp1,10:1,0.7645585484003384,0.25731774941184415,0.6,0.0008055853920515575,0.0016090104585679806,0.62,42401,2,3721,3,10,1,37212
stage5_xgboost_raw_cuda,xgboost,raw,cuda,valid,fn10_fp1,10:1,0.7645585484003384,0.25731774941184415,0.5,0.0005370569280343716,0.001072961373390558,0.63,42401,2,3722,2,10,1,37222
stage5_xgboost_raw_cuda,xgboost,raw,cuda,valid,fn10_fp1,10:1,0.7645585484003384,0.25731774941184415,0.5,0.0005370569280343716,0.001072961373390558,0.64,42401,2,3722,2,10,1,37222
stage5_xgboost_raw_cuda,xgboost,raw,cuda,valid,fn10_fp1,10:1,0.7645585484003384,0.25731774941184415,0.3333333333333333,0.0002685284640171858,0.0005366246310705661,0.65,42401,2,3723,1,10,1,37232
stage5_xgboost_raw_cuda,xgboost,raw,cuda,valid,fn10_fp1,10:1,0.7645585484003384,0.25731774941184415,0.3333333333333333,0.0002685284640171858,0.0005366246310705661,0.66,42401,2,3723,1,10,1,37232
stage5_xgboost_raw_cuda,xgboost,raw,cuda,valid,fn10_fp1,10:1,0.7645585484003384,0.25731774941184415,0.5,0.0002685284640171858,0.0005367686527106817,0.67,42402,1,3723,1,10,1,37231
stage5_xgboost_raw_cuda,xgboost,raw,cuda,valid,fn10_fp1,10:1,0.7645585484003384,0.25731774941184415,0.5,0.0002685284640171858,0.0005367686527106817,0.68,42402,1,3723,1,10,1,37231
stage5_xgboost_raw_cuda,xgboost,raw,cuda,valid,fn10_fp1,10:1,0.7645585484003384,0.25731774941184415,0.0,0.0,0.0,0.69,42402,1,3724,0,10,1,37241
stage5_xgboost_raw_cuda,xgboost,raw,cuda,valid,fn10_fp1,10:1,0.7645585484003384,0.25731774941184415,0.0,0.0,0.0,0.7,42403,0,3724,0,10,1,37240
stage5_xgboost_raw_cuda,xgboost,raw,cuda,valid,fn10_fp1,10:1,0.7645585484003384,0.25731774941184415,0.0,0.0,0.0,0.71,42403,0,3724,0,10,1,37240
stage5_xgboost_raw_cuda,xgboost,raw,cuda,valid,fn10_fp1,10:1,0.7645585484003384,0.25731774941184415,0.0,0.0,0.0,0.72,42403,0,3724,0,10,1,37240
stage5_xgboost_raw_cuda,xgboost,raw,cuda,valid,fn10_fp1,10:1,0.7645585484003384,0.25731774941184415,0.0,0.0,0.0,0.73,42403,0,3724,0,10,1,37240
stage5_xgboost_raw_cuda,xgboost,raw,cuda,valid,fn10_fp1,10:1,0.7645585484003384,0.25731774941184415,0.0,0.0,0.0,0.74,42403,0,3724,0,10,1,37240
stage5_xgboost_raw_cuda,xgboost,raw,cuda,valid,fn10_fp1,10:1,0.7645585484003384,0.25731774941184415,0.0,0.0,0.0,0.75,42403,0,3724,0,10,1,37240
stage5_xgboost_raw_cuda,xgboost,raw,cuda,valid,fn10_fp1,10:1,0.7645585484003384,0.25731774941184415,0.0,0.0,0.0,0.76,42403,0,3724,0,10,1,37240
stage5_xgboost_raw_cuda,xgboost,raw,cuda,valid,fn10_fp1,10:1,0.7645585484003384,0.25731774941184415,0.0,0.0,0.0,0.77,42403,0,3724,0,10,1,37240
stage5_xgboost_raw_cuda,xgboost,raw,cuda,valid,fn10_fp1,10:1,0.7645585484003384,0.25731774941184415,0.0,0.0,0.0,0.78,42403,0,3724,0,10,1,37240
stage5_xgboost_raw_cuda,xgboost,raw,cuda,valid,fn10_fp1,10:1,0.7645585484003384,0.25731774941184415,0.0,0.0,0.0,0.79,42403,0,3724,0,10,1,37240
stage5_xgboost_raw_cuda,xgboost,raw,cuda,valid,fn10_fp1,10:1,0.7645585484003384,0.25731774941184415,0.0,0.0,0.0,0.8,42403,0,3724,0,10,1,37240
stage5_xgboost_raw_cuda,xgboost,raw,cuda,valid,fn10_fp1,10:1,0.7645585484003384,0.25731774941184415,0.0,0.0,0.0,0.81,42403,0,3724,0,10,1,37240
stage5_xgboost_raw_cuda,xgboost,raw,cuda,valid,fn10_fp1,10:1,0.7645585484003384,0.25731774941184415,0.0,0.0,0.0,0.82,42403,0,3724,0,10,1,37240
stage5_xgboost_raw_cuda,xgboost,raw,cuda,valid,fn10_fp1,10:1,0.7645585484003384,0.25731774941184415,0.0,0.0,0.0,0.83,42403,0,3724,0,10,1,37240
stage5_xgboost_raw_cuda,xgboost,raw,cuda,valid,fn10_fp1,10:1,0.7645585484003384,0.25731774941184415,0.0,0.0,0.0,0.84,42403,0,3724,0,10,1,37240
stage5_xgboost_raw_cuda,xgboost,raw,cuda,valid,fn10_fp1,10:1,0.7645585484003384,0.25731774941184415,0.0,0.0,0.0,0.85,42403,0,3724,0,10,1,37240
stage5_xgboost_raw_cuda,xgboost,raw,cuda,valid,fn10_fp1,10:1,0.7645585484003384,0.25731774941184415,0.0,0.0,0.0,0.86,42403,0,3724,0,10,1,37240
stage5_xgboost_raw_cuda,xgboost,raw,cuda,valid,fn10_fp1,10:1,0.7645585484003384,0.25731774941184415,0.0,0.0,0.0,0.87,42403,0,3724,0,10,1,37240
stage5_xgboost_raw_cuda,xgboost,raw,cuda,valid,fn10_fp1,10:1,0.7645585484003384,0.25731774941184415,0.0,0.0,0.0,0.88,42403,0,3724,0,10,1,37240
stage5_xgboost_raw_cuda,xgboost,raw,cuda,valid,fn10_fp1,10:1,0.7645585484003384,0.25731774941184415,0.0,0.0,0.0,0.89,42403,0,3724,0,10,1,37240
stage5_xgboost_raw_cuda,xgboost,raw,cuda,valid,fn10_fp1,10:1,0.7645585484003384,0.25731774941184415,0.0,0.0,0.0,0.9,42403,0,3724,0,10,1,37240
stage5_xgboost_raw_cuda,xgboost,raw,cuda,valid,fn10_fp1,10:1,0.7645585484003384,0.25731774941184415,0.0,0.0,0.0,0.91,42403,0,3724,0,10,1,37240
stage5_xgboost_raw_cuda,xgboost,raw,cuda,valid,fn10_fp1,10:1,0.7645585484003384,0.25731774941184415,0.0,0.0,0.0,0.92,42403,0,3724,0,10,1,37240
stage5_xgboost_raw_cuda,xgboost,raw,cuda,valid,fn10_fp1,10:1,0.7645585484003384,0.25731774941184415,0.0,0.0,0.0,0.93,42403,0,3724,0,10,1,37240
stage5_xgboost_raw_cuda,xgboost,raw,cuda,valid,fn10_fp1,10:1,0.7645585484003384,0.25731774941184415,0.0,0.0,0.0,0.94,42403,0,3724,0,10,1,37240
stage5_xgboost_raw_cuda,xgboost,raw,cuda,valid,fn10_fp1,10:1,0.7645585484003384,0.25731774941184415,0.0,0.0,0.0,0.95,42403,0,3724,0,10,1,37240
stage5_xgboost_raw_cuda,xgboost,raw,cuda,valid,fn10_fp1,10:1,0.7645585484003384,0.25731774941184415,0.0,0.0,0.0,0.96,42403,0,3724,0,10,1,37240
stage5_xgboost_raw_cuda,xgboost,raw,cuda,valid,fn10_fp1,10:1,0.7645585484003384,0.25731774941184415,0.0,0.0,0.0,0.97,42403,0,3724,0,10,1,37240
stage5_xgboost_raw_cuda,xgboost,raw,cuda,valid,fn10_fp1,10:1,0.7645585484003384,0.25731774941184415,0.0,0.0,0.0,0.98,42403,0,3724,0,10,1,37240
stage5_xgboost_raw_cuda,xgboost,raw,cuda,valid,fn10_fp1,10:1,0.7645585484003384,0.25731774941184415,0.0,0.0,0.0,0.99,42403,0,3724,0,10,1,37240
stage5_xgboost_raw_cuda,xgboost,raw,cuda,valid,fn20_fp1,20:1,0.7645585484003384,0.25731774941184415,0.08273910330689009,0.9970461868958109,0.15279835390946503,0.01,1240,41163,11,3713,20,1,41383
stage5_xgboost_raw_cuda,xgboost,raw,cuda,valid,fn20_fp1,20:1,0.7645585484003384,0.25731774941184415,0.09200752950752951,0.9712674543501612,0.1680918300957338,0.02,6708,35695,107,3617,20,1,37835
stage5_xgboost_raw_cuda,xgboost,raw,cuda,valid,fn20_fp1,20:1,0.7645585484003384,0.25731774941184415,0.1048110997657517,0.9371643394199786,0.18853654583761006,0.03,12595,29808,234,3490,20,1,34488
stage5_xgboost_raw_cuda,xgboost,raw,cuda,valid,fn20_fp1,20:1,0.7645585484003384,0.25731774941184415,0.11686291149535023,0.8874865735767992,0.20653022965161694,0.04,17427,24976,419,3305,20,1,33356
stage5_xgboost_raw_cuda,xgboost,raw,cuda,valid,fn20_fp1,20:1,0.7645585484003384,0.25731774941184415,0.13018242122719734,0.8431793770139635,0.22554230713977877,0.05,21423,20980,584,3140,20,1,32660
stage5_xgboost_raw_cuda,xgboost,raw,cuda,valid,fn20_fp1,20:1,0.7645585484003384,0.25731774941184415,0.14288450488412183,0.8012889366272825,0.2425227568270481,0.06,24503,17900,740,2984,20,1,32700
stage5_xgboost_raw_cuda,xgboost,raw,cuda,valid,fn20_fp1,20:1,0.7645585484003384,0.25731774941184415,0.15349687136607787,0.7443609022556391,0.2545103980168021,0.07,27116,15287,952,2772,20,1,34327
stage5_xgboost_raw_cuda,xgboost,raw,cuda,valid,fn20_fp1,20:1,0.7645585484003384,0.25731774941184415,0.16562698917886695,0.6987110633727175,0.2677781208191829,0.08,29295,13108,1122,2602,20,1,35548
stage5_xgboost_raw_cuda,xgboost,raw,cuda,valid,fn20_fp1,20:1,0.7645585484003384,0.25731774941184415,0.17676987934292776,0.6530612244897959,0.27822903557945317,0.09,31077,11326,1292,2432,20,1,37166
stage5_xgboost_raw_cuda,xgboost,raw,cuda,valid,fn20_fp1,20:1,0.7645585484003384,0.25731774941184415,0.18800099165358236,0.6109022556390977,0.28751974723538704,0.1,32577,9826,1449,2275,20,1,38806
stage5_xgboost_raw_cuda,xgboost,raw,cuda,valid,fn20_fp1,20:1,0.7645585484003384,0.25731774941184415,0.19960418433700877,0.5687432867883996,0.2955005231949773,0.11,33910,8493,1606,2118,20,1,40613
stage5_xgboost_raw_cuda,xgboost,raw,cuda,valid,fn20_fp1,20:1,0.7645585484003384,0.25731774941184415,0.21250132879770384,0.5367883995703545,0.30447033736958345,0.12,34995,7408,1725,1999,20,1,41908
stage5_xgboost_raw_cuda,xgboost,raw,cuda,valid,fn20_fp1,20:1,0.7645585484003384,0.25731774941184415,0.2236983842010772,0.5018796992481203,0.3094627038662141,0.13,35917,6486,1855,1869,20,1,43586
stage5_xgboost_raw_cuda,xgboost,raw,cuda,valid,fn20_fp1,20:1,0.7645585484003384,0.25731774941184415,0.23529411764705882,0.47046186895810954,0.3136974037600716,0.14,36709,5694,1972,1752,20,1,45134
stage5_xgboost_raw_cuda,xgboost,raw,cuda,valid,fn20_fp1,20:1,0.7645585484003384,0.25731774941184415,0.24804098854731765,0.44199785177228784,0.31776061776061776,0.15,37413,4990,2078,1646,20,1,46550
stage5_xgboost_raw_cuda,xgboost,raw,cuda,valid,fn20_fp1,20:1,0.7645585484003384,0.25731774941184415,0.2589817810318406,0.40843179377013966,0.3169740543919975,0.16,38051,4352,2203,1521,20,1,48412
stage5_xgboost_raw_cuda,xgboost,raw,cuda,valid,fn20_fp1,20:1,0.7645585484003384,0.25731774941184415,0.27010506208213947,0.37969924812030076,0.3156602299363768,0.17,38582,3821,2310,1414,20,1,50021
stage5_xgboost_raw_cuda,xgboost,raw,cuda,valid,fn20_fp1,20:1,0.7645585484003384,0.25731774941184415,0.2847088931541907,0.35848549946294306,0.3173659812195412,0.18,39049,3354,2389,1335,20,1,51134
stage5_xgboost_raw_cuda,xgboost,raw,cuda,valid,fn20_fp1,20:1,0.7645585484003384,0.25731774941184415,0.298254006218608,0.33485499462943075,0.3154965211891208,0.19,39469,2934,2477,1247,20,1,52474
stage5_xgboost_raw_cuda,xgboost,raw,cuda,valid,fn20_fp1,20:1,0.7645585484003384,0.25731774941184415,0.3128654970760234,0.3160580021482277,0.31445364680737375,0.2,39818,2585,2547,1177,20,1,53525
stage5_xgboost_raw_cuda,xgboost,raw,cuda,valid,fn20_fp1,20:1,0.7645585484003384,0.25731774941184415,0.32277169084986673,0.29269602577873255,0.3069990142233488,0.21,40116,2287,2634,1090,20,1,54967
stage5_xgboost_raw_cuda,xgboost,raw,cuda,valid,fn20_fp1,20:1,0.7645585484003384,0.25731774941184415,0.33663693425834157,0.27363050483351237,0.30188120278477265,0.22,40395,2008,2705,1019,20,1,56108
stage5_xgboost_raw_cuda,xgboost,raw,cuda,valid,fn20_fp1,20:1,0.7645585484003384,0.25731774941184415,0.3471104608632041,0.25483351235230933,0.2938990399504491,0.23,40618,1785,2775,949,20,1,57285
stage5_xgboost_raw_cuda,xgboost,raw,cuda,valid,fn20_fp1,20:1,0.7645585484003384,0.25731774941184415,0.3575487012987013,0.2365735767991407,0.28474466709760826,0.24,40820,1583,2843,881,20,1,58443
stage5_xgboost_raw_cuda,xgboost,raw,cuda,valid,fn20_fp1,20:1,0.7645585484003384,0.25731774941184415,0.365036231884058,0.21643394199785176,0.2717464598786244,0.25,41001,1402,2918,806,20,1,59762
stage5_xgboost_raw_cuda,xgboost,raw,cuda,valid,fn20_fp1,20:1,0.7645585484003384,0.25731774941184415,0.3782565130260521,0.2027389903329753,0.263986013986014,0.26,41162,1241,2969,755,20,1,60621
stage5_xgboost_raw_cuda,xgboost,raw,cuda,valid,fn20_fp1,20:1,0.7645585484003384,0.25731774941184415,0.38406198118428336,0.18635875402792695,0.25094919544386185,0.27,41290,1113,3030,694,20,1,61713
stage5_xgboost_raw_cuda,xgboost,raw,cuda,valid,fn20_fp1,20:1,0.7645585484003384,0.25731774941184415,0.39061547836684946,0.1721267454350161,0.23895619757688724,0.28,41403,1000,3083,641,20,1,62660
stage5_xgboost_raw_cuda,xgboost,raw,cuda,valid,fn20_fp1,20:1,0.7645585484003384,0.25731774941184415,0.39823609226594303,0.15762620837808808,0.22585609849942284,0.29,41516,887,3137,587,20,1,63627
stage5_xgboost_raw_cuda,xgboost,raw,cuda,valid,fn20_fp1,20:1,0.7645585484003384,0.25731774941184415,0.39878695981804396,0.14124597207303974,0.20860598849890938,0.3,41610,793,3198,526,20,1,64753
stage5_xgboost_raw_cuda,xgboost,raw,cuda,valid,fn20_fp1,20:1,0.7645585484003384,0.25731774941184415,0.4091680814940577,0.12943071965628355,0.1966544267645859,0.31,41707,696,3242,482,20,1,65536
stage5_xgboost_raw_cuda,xgboost,raw,cuda,valid,fn20_fp1,20:1,0.7645585484003384,0.25731774941184415,0.42218080149114634,0.12164339419978518,0.1888680425265791,0.32,41783,620,3271,453,20,1,66040
stage5_xgboost_raw_cuda,xgboost,raw,cuda,valid,fn20_fp1,20:1,0.7645585484003384,0.25731774941184415,0.4317948717948718,0.11305048335123523,0.17918706107682486,0.33,41849,554,3303,421,20,1,66614
stage5_xgboost_raw_cuda,xgboost,raw,cuda,valid,fn20_fp1,20:1,0.7645585484003384,0.25731774941184415,0.43859649122807015,0.10069817400644468,0.16379122079056563,0.34,41923,480,3349,375,20,1,67460
stage5_xgboost_raw_cuda,xgboost,raw,cuda,valid,fn20_fp1,20:1,0.7645585484003384,0.25731774941184415,0.4417989417989418,0.08968850698174007,0.14910714285714285,0.35,41981,422,3390,334,20,1,68222
stage5_xgboost_raw_cuda,xgboost,raw,cuda,valid,fn20_fp1,20:1,0.7645585484003384,0.25731774941184415,0.45209580838323354,0.08109559613319012,0.13752276867030966,0.36,42037,366,3422,302,20,1,68806
stage5_xgboost_raw_cuda,xgboost,raw,cuda,valid,fn20_fp1,20:1,0.7645585484003384,0.25731774941184415,0.4641638225255973,0.07303974221267455,0.12621809744779583,0.37,42089,314,3452,272,20,1,69354
stage5_xgboost_raw_cuda,xgboost,raw,cuda,valid,fn20_fp1,20:1,0.7645585484003384,0.25731774941184415,0.4682080924855491,0.06525241675617616,0.11454159792599576,0.38,42127,276,3481,243,20,1,69896
stage5_xgboost_raw_cuda,xgboost,raw,cuda,valid,fn20_fp1,20:1,0.7645585484003384,0.25731774941184415,0.47844827586206895,0.059613319011815255,0.10601719197707736,0.39,42161,242,3502,222,20,1,70282
stage5_xgboost_raw_cuda,xgboost,raw,cuda,valid,fn20_fp1,20:1,0.7645585484003384,0.25731774941184415,0.4975845410628019,0.05531686358754028,0.09956500724987917,0.4,42195,208,3518,206,20,1,70568
stage5_xgboost_raw_cuda,xgboost,raw,cuda,valid,fn20_fp1,20:1,0.7645585484003384,0.25731774941184415,0.5,0.04914070891514501,0.08948655256723716,0.41,42220,183,3541,183,20,1,71003
stage5_xgboost_raw_cuda,xgboost,raw,cuda,valid,fn20_fp1,20:1,0.7645585484003384,0.25731774941184415,0.515527950310559,0.04457572502685284,0.08205635195254572,0.42,42247,156,3558,166,20,1,71316
stage5_xgboost_raw_cuda,xgboost,raw,cuda,valid,fn20_fp1,20:1,0.7645585484003384,0.25731774941184415,0.5186440677966102,0.04108485499462943,0.07613834287136104,0.43,42261,142,3571,153,20,1,71562
stage5_xgboost_raw_cuda,xgboost,raw,cuda,valid,fn20_fp1,20:1,0.7645585484003384,0.25731774941184415,0.5384615384615384,0.03759398496240601,0.07028112449799197,0.44,42283,120,3584,140,20,1,71800
stage5_xgboost_raw_cuda,xgboost,raw,cuda,valid,fn20_fp1,20:1,0.7645585484003384,0.25731774941184415,0.5347826086956522,0.033029001074113856,0.0622154779969651,0.45,42296,107,3601,123,20,1,72127
stage5_xgboost_raw_cuda,xgboost,raw,cuda,valid,fn20_fp1,20:1,0.7645585484003384,0.25731774941184415,0.5495049504950495,0.029806659505907628,0.056546102903718795,0.46,42312,91,3613,111,20,1,72351
stage5_xgboost_raw_cuda,xgboost,raw,cuda,valid,fn20_fp1,20:1,0.7645585484003384,0.25731774941184415,0.554945054945055,0.027121374865735768,0.051715309779825906,0.47,42322,81,3623,101,20,1,72541
stage5_xgboost_raw_cuda,xgboost,raw,cuda,valid,fn20_fp1,20:1,0.7645585484003384,0.25731774941184415,0.5828220858895705,0.025510204081632654,0.04888088500128634,0.48,42335,68,3629,95,20,1,72648
stage5_xgboost_raw_cuda,xgboost,raw,cuda,valid,fn20_fp1,20:1,0.7645585484003384,0.25731774941184415,0.5862068965517241,0.022824919441460794,0.043939002326182475,0.49,42343,60,3639,85,20,1,72840
stage5_xgboost_raw_cuda,xgboost,raw,cuda,valid,fn20_fp1,20:1,0.7645585484003384,0.25731774941184415,0.5901639344262295,0.01933404940923738,0.0374414976599064,0.5,42353,50,3652,72,20,1,73090
stage5_xgboost_raw_cuda,xgboost,raw,cuda,valid,fn20_fp1,20:1,0.7645585484003384,0.25731774941184415,0.6288659793814433,0.016380236305048337,0.03192881444647998,0.51,42367,36,3663,61,20,1,73296
stage5_xgboost_raw_cuda,xgboost,raw,cuda,valid,fn20_fp1,20:1,0.7645585484003384,0.25731774941184415,0.6585365853658537,0.014500537056928034,0.02837624802942722,0.52,42375,28,3670,54,20,1,73428
stage5_xgboost_raw_cuda,xgboost,raw,cuda,valid,fn20_fp1,20:1,0.7645585484003384,0.25731774941184415,0.6666666666666666,0.012352309344790547,0.024255206960189825,0.53,42380,23,3678,46,20,1,73583
stage5_xgboost_raw_cuda,xgboost,raw,cuda,valid,fn20_fp1,20:1,0.7645585484003384,0.25731774941184415,0.6724137931034483,0.010472610096670247,0.020624008461131677,0.54,42384,19,3685,39,20,1,73719
stage5_xgboost_raw_cuda,xgboost,raw,cuda,valid,fn20_fp1,20:1,0.7645585484003384,0.25731774941184415,0.6086956521739131,0.007518796992481203,0.014854111405835544,0.55,42385,18,3696,28,20,1,73938
stage5_xgboost_raw_cuda,xgboost,raw,cuda,valid,fn20_fp1,20:1,0.7645585484003384,0.25731774941184415,0.625,0.006713211600429645,0.013283740701381509,0.56,42388,15,3699,25,20,1,73995
stage5_xgboost_raw_cuda,xgboost,raw,cuda,valid,fn20_fp1,20:1,0.7645585484003384,0.25731774941184415,0.6060606060606061,0.0053705692803437165,0.010646792653713068,0.57,42390,13,3704,20,20,1,74093
stage5_xgboost_raw_cuda,xgboost,raw,cuda,valid,fn20_fp1,20:1,0.7645585484003384,0.25731774941184415,0.64,0.004296455424274973,0.008535609495865563,0.58,42394,9,3708,16,20,1,74169
stage5_xgboost_raw_cuda,xgboost,raw,cuda,valid,fn20_fp1,20:1,0.7645585484003384,0.25731774941184415,0.5882352941176471,0.0026852846401718583,0.005346164127238706,0.59,42396,7,3714,10,20,1,74287
stage5_xgboost_raw_cuda,xgboost,raw,cuda,valid,fn20_fp1,20:1,0.7645585484003384,0.25731774941184415,0.6363636363636364,0.0018796992481203006,0.003748326639892905,0.6,42399,4,3717,7,20,1,74344
stage5_xgboost_raw_cuda,xgboost,raw,cuda,valid,fn20_fp1,20:1,0.7645585484003384,0.25731774941184415,0.75,0.001611170784103115,0.003215434083601286,0.61,42401,2,3718,6,20,1,74362
stage5_xgboost_raw_cuda,xgboost,raw,cuda,valid,fn20_fp1,20:1,0.7645585484003384,0.25731774941184415,0.6,0.0008055853920515575,0.0016090104585679806,0.62,42401,2,3721,3,20,1,74422
stage5_xgboost_raw_cuda,xgboost,raw,cuda,valid,fn20_fp1,20:1,0.7645585484003384,0.25731774941184415,0.5,0.0005370569280343716,0.001072961373390558,0.63,42401,2,3722,2,20,1,74442
stage5_xgboost_raw_cuda,xgboost,raw,cuda,valid,fn20_fp1,20:1,0.7645585484003384,0.25731774941184415,0.5,0.0005370569280343716,0.001072961373390558,0.64,42401,2,3722,2,20,1,74442
stage5_xgboost_raw_cuda,xgboost,raw,cuda,valid,fn20_fp1,20:1,0.7645585484003384,0.25731774941184415,0.3333333333333333,0.0002685284640171858,0.0005366246310705661,0.65,42401,2,3723,1,20,1,74462
stage5_xgboost_raw_cuda,xgboost,raw,cuda,valid,fn20_fp1,20:1,0.7645585484003384,0.25731774941184415,0.3333333333333333,0.0002685284640171858,0.0005366246310705661,0.66,42401,2,3723,1,20,1,74462
stage5_xgboost_raw_cuda,xgboost,raw,cuda,valid,fn20_fp1,20:1,0.7645585484003384,0.25731774941184415,0.5,0.0002685284640171858,0.0005367686527106817,0.67,42402,1,3723,1,20,1,74461
stage5_xgboost_raw_cuda,xgboost,raw,cuda,valid,fn20_fp1,20:1,0.7645585484003384,0.25731774941184415,0.5,0.0002685284640171858,0.0005367686527106817,0.68,42402,1,3723,1,20,1,74461
stage5_xgboost_raw_cuda,xgboost,raw,cuda,valid,fn20_fp1,20:1,0.7645585484003384,0.25731774941184415,0.0,0.0,0.0,0.69,42402,1,3724,0,20,1,74481
stage5_xgboost_raw_cuda,xgboost,raw,cuda,valid,fn20_fp1,20:1,0.7645585484003384,0.25731774941184415,0.0,0.0,0.0,0.7,42403,0,3724,0,20,1,74480
stage5_xgboost_raw_cuda,xgboost,raw,cuda,valid,fn20_fp1,20:1,0.7645585484003384,0.25731774941184415,0.0,0.0,0.0,0.71,42403,0,3724,0,20,1,74480
stage5_xgboost_raw_cuda,xgboost,raw,cuda,valid,fn20_fp1,20:1,0.7645585484003384,0.25731774941184415,0.0,0.0,0.0,0.72,42403,0,3724,0,20,1,74480
stage5_xgboost_raw_cuda,xgboost,raw,cuda,valid,fn20_fp1,20:1,0.7645585484003384,0.25731774941184415,0.0,0.0,0.0,0.73,42403,0,3724,0,20,1,74480
stage5_xgboost_raw_cuda,xgboost,raw,cuda,valid,fn20_fp1,20:1,0.7645585484003384,0.25731774941184415,0.0,0.0,0.0,0.74,42403,0,3724,0,20,1,74480
stage5_xgboost_raw_cuda,xgboost,raw,cuda,valid,fn20_fp1,20:1,0.7645585484003384,0.25731774941184415,0.0,0.0,0.0,0.75,42403,0,3724,0,20,1,74480
stage5_xgboost_raw_cuda,xgboost,raw,cuda,valid,fn20_fp1,20:1,0.7645585484003384,0.25731774941184415,0.0,0.0,0.0,0.76,42403,0,3724,0,20,1,74480
stage5_xgboost_raw_cuda,xgboost,raw,cuda,valid,fn20_fp1,20:1,0.7645585484003384,0.25731774941184415,0.0,0.0,0.0,0.77,42403,0,3724,0,20,1,74480
stage5_xgboost_raw_cuda,xgboost,raw,cuda,valid,fn20_fp1,20:1,0.7645585484003384,0.25731774941184415,0.0,0.0,0.0,0.78,42403,0,3724,0,20,1,74480
stage5_xgboost_raw_cuda,xgboost,raw,cuda,valid,fn20_fp1,20:1,0.7645585484003384,0.25731774941184415,0.0,0.0,0.0,0.79,42403,0,3724,0,20,1,74480
stage5_xgboost_raw_cuda,xgboost,raw,cuda,valid,fn20_fp1,20:1,0.7645585484003384,0.25731774941184415,0.0,0.0,0.0,0.8,42403,0,3724,0,20,1,74480
stage5_xgboost_raw_cuda,xgboost,raw,cuda,valid,fn20_fp1,20:1,0.7645585484003384,0.25731774941184415,0.0,0.0,0.0,0.81,42403,0,3724,0,20,1,74480
stage5_xgboost_raw_cuda,xgboost,raw,cuda,valid,fn20_fp1,20:1,0.7645585484003384,0.25731774941184415,0.0,0.0,0.0,0.82,42403,0,3724,0,20,1,74480
stage5_xgboost_raw_cuda,xgboost,raw,cuda,valid,fn20_fp1,20:1,0.7645585484003384,0.25731774941184415,0.0,0.0,0.0,0.83,42403,0,3724,0,20,1,74480
stage5_xgboost_raw_cuda,xgboost,raw,cuda,valid,fn20_fp1,20:1,0.7645585484003384,0.25731774941184415,0.0,0.0,0.0,0.84,42403,0,3724,0,20,1,74480
stage5_xgboost_raw_cuda,xgboost,raw,cuda,valid,fn20_fp1,20:1,0.7645585484003384,0.25731774941184415,0.0,0.0,0.0,0.85,42403,0,3724,0,20,1,74480
stage5_xgboost_raw_cuda,xgboost,raw,cuda,valid,fn20_fp1,20:1,0.7645585484003384,0.25731774941184415,0.0,0.0,0.0,0.86,42403,0,3724,0,20,1,74480
stage5_xgboost_raw_cuda,xgboost,raw,cuda,valid,fn20_fp1,20:1,0.7645585484003384,0.25731774941184415,0.0,0.0,0.0,0.87,42403,0,3724,0,20,1,74480
stage5_xgboost_raw_cuda,xgboost,raw,cuda,valid,fn20_fp1,20:1,0.7645585484003384,0.25731774941184415,0.0,0.0,0.0,0.88,42403,0,3724,0,20,1,74480
stage5_xgboost_raw_cuda,xgboost,raw,cuda,valid,fn20_fp1,20:1,0.7645585484003384,0.25731774941184415,0.0,0.0,0.0,0.89,42403,0,3724,0,20,1,74480
stage5_xgboost_raw_cuda,xgboost,raw,cuda,valid,fn20_fp1,20:1,0.7645585484003384,0.25731774941184415,0.0,0.0,0.0,0.9,42403,0,3724,0,20,1,74480
stage5_xgboost_raw_cuda,xgboost,raw,cuda,valid,fn20_fp1,20:1,0.7645585484003384,0.25731774941184415,0.0,0.0,0.0,0.91,42403,0,3724,0,20,1,74480
stage5_xgboost_raw_cuda,xgboost,raw,cuda,valid,fn20_fp1,20:1,0.7645585484003384,0.25731774941184415,0.0,0.0,0.0,0.92,42403,0,3724,0,20,1,74480
stage5_xgboost_raw_cuda,xgboost,raw,cuda,valid,fn20_fp1,20:1,0.7645585484003384,0.25731774941184415,0.0,0.0,0.0,0.93,42403,0,3724,0,20,1,74480
stage5_xgboost_raw_cuda,xgboost,raw,cuda,valid,fn20_fp1,20:1,0.7645585484003384,0.25731774941184415,0.0,0.0,0.0,0.94,42403,0,3724,0,20,1,74480
stage5_xgboost_raw_cuda,xgboost,raw,cuda,valid,fn20_fp1,20:1,0.7645585484003384,0.25731774941184415,0.0,0.0,0.0,0.95,42403,0,3724,0,20,1,74480
stage5_xgboost_raw_cuda,xgboost,raw,cuda,valid,fn20_fp1,20:1,0.7645585484003384,0.25731774941184415,0.0,0.0,0.0,0.96,42403,0,3724,0,20,1,74480
stage5_xgboost_raw_cuda,xgboost,raw,cuda,valid,fn20_fp1,20:1,0.7645585484003384,0.25731774941184415,0.0,0.0,0.0,0.97,42403,0,3724,0,20,1,74480
stage5_xgboost_raw_cuda,xgboost,raw,cuda,valid,fn20_fp1,20:1,0.7645585484003384,0.25731774941184415,0.0,0.0,0.0,0.98,42403,0,3724,0,20,1,74480
stage5_xgboost_raw_cuda,xgboost,raw,cuda,valid,fn20_fp1,20:1,0.7645585484003384,0.25731774941184415,0.0,0.0,0.0,0.99,42403,0,3724,0,20,1,74480
stage5_xgboost_weighted_cuda,xgboost,weighted,cuda,valid,fn5_fp1,5:1,0.7643517581151222,0.255076422719225,0.08073537701079651,1.0,0.14940822467402207,0.01,1,42402,0,3724,5,1,42402
stage5_xgboost_weighted_cuda,xgboost,weighted,cuda,valid,fn5_fp1,5:1,0.7643517581151222,0.255076422719225,0.08075288403157256,1.0,0.149438202247191,0.02,11,42392,0,3724,5,1,42392
stage5_xgboost_weighted_cuda,xgboost,weighted,cuda,valid,fn5_fp1,5:1,0.7643517581151222,0.255076422719225,0.08082298810660647,1.0,0.1495582329317269,0.03,51,42352,0,3724,5,1,42352
stage5_xgboost_weighted_cuda,xgboost,weighted,cuda,valid,fn5_fp1,5:1,0.7643517581151222,0.255076422719225,0.08101050982440107,0.9997314715359829,0.14987621022121134,0.04,169,42234,1,3723,5,1,42239
stage5_xgboost_weighted_cuda,xgboost,weighted,cuda,valid,fn5_fp1,5:1,0.7643517581151222,0.255076422719225,0.08133615887095012,0.9997314715359829,0.15043335959755136,0.05,353,42050,1,3723,5,1,42055
stage5_xgboost_weighted_cuda,xgboost,weighted,cuda,valid,fn5_fp1,5:1,0.7643517581151222,0.255076422719225,0.08175147200984269,0.9991944146079484,0.15113728675873273,0.06,608,41795,3,3721,5,1,41810
stage5_xgboost_weighted_cuda,xgboost,weighted,cuda,valid,fn5_fp1,5:1,0.7643517581151222,0.255076422719225,0.0823573689920078,0.9989258861439313,0.1521690221504101,0.07,954,41449,4,3720,5,1,41469
stage5_xgboost_weighted_cuda,xgboost,weighted,cuda,valid,fn5_fp1,5:1,0.7643517581151222,0.255076422719225,0.08301330713583996,0.9983888292158969,0.1532816622691293,0.08,1333,41070,6,3718,5,1,41100
stage5_xgboost_weighted_cuda,xgboost,weighted,cuda,valid,fn5_fp1,5:1,0.7643517581151222,0.255076422719225,0.08370908107133194,0.9970461868958109,0.15445091514143094,0.09,1760,40643,11,3713,5,1,40698
stage5_xgboost_weighted_cuda,xgboost,weighted,cuda,valid,fn5_fp1,5:1,0.7643517581151222,0.255076422719225,0.08464787124757447,0.9957035445757251,0.156031054724484,0.1,2306,40097,16,3708,5,1,40177
stage5_xgboost_weighted_cuda,xgboost,weighted,cuda,valid,fn5_fp1,5:1,0.7643517581151222,0.255076422719225,0.08553118637793818,0.992749731471536,0.15749339694981682,0.11,2876,39527,27,3697,5,1,39662
stage5_xgboost_weighted_cuda,xgboost,weighted,cuda,valid,fn5_fp1,5:1,0.7643517581151222,0.255076422719225,0.08651477110073445,0.9900644468313641,0.15912474914222827,0.12,3473,38930,37,3687,5,1,39115
stage5_xgboost_weighted_cuda,xgboost,weighted,cuda,valid,fn5_fp1,5:1,0.7643517581151222,0.255076422719225,0.08737308737308737,0.9844253490870032,0.16050085372794537,0.13,4111,38292,58,3666,5,1,38582
stage5_xgboost_weighted_cuda,xgboost,weighted,cuda,valid,fn5_fp1,5:1,0.7643517581151222,0.255076422719225,0.08857447427076268,0.9817400644468314,0.16248888888888888,0.14,4783,37620,68,3656,5,1,37960
stage5_xgboost_weighted_cuda,xgboost,weighted,cuda,valid,fn5_fp1,5:1,0.7643517581151222,0.255076422719225,0.08979732728438286,0.9779806659505907,0.1644912153922587,0.15,5487,36916,82,3642,5,1,37326
stage5_xgboost_weighted_cuda,xgboost,weighted,cuda,valid,fn5_fp1,5:1,0.7643517581151222,0.255076422719225,0.09126754903684356,0.9758324382384532,0.16692312992352035,0.16,6220,36183,90,3634,5,1,36633
stage5_xgboost_weighted_cuda,xgboost,weighted,cuda,valid,fn5_fp1,5:1,0.7643517581151222,0.255076422719225,0.09268979644091666,0.9720730397422127,0.16924191776338857,0.17,6968,35435,104,3620,5,1,35955
stage5_xgboost_weighted_cuda,xgboost,weighted,cuda,valid,fn5_fp1,5:1,0.7643517581151222,0.255076422719225,0.09401888223448493,0.965359828141783,0.17134958652081694,0.18,7761,34642,129,3595,5,1,35287
stage5_xgboost_weighted_cuda,xgboost,weighted,cuda,valid,fn5_fp1,5:1,0.7643517581151222,0.255076422719225,0.09579383095206302,0.9632116004296455,0.1742573295440744,0.19,8545,33858,137,3587,5,1,34543
stage5_xgboost_weighted_cuda,xgboost,weighted,cuda,valid,fn5_fp1,5:1,0.7643517581151222,0.255076422719225,0.09749706580778994,0.9591836734693877,0.17700255196848444,0.2,9338,33065,152,3572,5,1,33825
stage5_xgboost_weighted_cuda,xgboost,weighted,cuda,valid,fn5_fp1,5:1,0.7643517581151222,0.255076422719225,0.0992095634444041,0.9538131041890441,0.17972525109418877,0.21,10152,32251,172,3552,5,1,33111
stage5_xgboost_weighted_cuda,xgboost,weighted,cuda,valid,fn5_fp1,5:1,0.7643517581151222,0.255076422719225,0.10102715229893279,0.9481740064446831,0.18259857789269554,0.22,10983,31420,193,3531,5,1,32385
stage5_xgboost_weighted_cuda,xgboost,weighted,cuda,valid,fn5_fp1,5:1,0.7643517581151222,0.255076422719225,0.1028373986120465,0.9430719656283566,0.18545214521452144,0.23,11764,30639,212,3512,5,1,31699
stage5_xgboost_weighted_cuda,xgboost,weighted,cuda,valid,fn5_fp1,5:1,0.7643517581151222,0.255076422719225,0.10489027648524511,0.9382384532760473,0.1886863777507763,0.24,12586,29817,230,3494,5,1,30967
stage5_xgboost_weighted_cuda,xgboost,weighted,cuda,valid,fn5_fp1,5:1,0.7643517581151222,0.255076422719225,0.10671547666656413,0.9315252416756176,0.19149347244072756,0.25,13365,29038,255,3469,5,1,30313
stage5_xgboost_weighted_cuda,xgboost,weighted,cuda,valid,fn5_fp1,5:1,0.7643517581151222,0.255076422719225,0.10874988158767249,0.924812030075188,0.19461475432995226,0.26,14178,28225,280,3444,5,1,29625
stage5_xgboost_weighted_cuda,xgboost,weighted,cuda,valid,fn5_fp1,5:1,0.7643517581151222,0.255076422719225,0.11069357607956203,0.917561761546724,0.19755441852397884,0.27,14951,27452,307,3417,5,1,28987
stage5_xgboost_weighted_cuda,xgboost,weighted,cuda,valid,fn5_fp1,5:1,0.7643517581151222,0.255076422719225,0.11283347747987492,0.9108485499462943,0.20079322796424554,0.28,15733,26670,332,3392,5,1,28330
stage5_xgboost_weighted_cuda,xgboost,weighted,cuda,valid,fn5_fp1,5:1,0.7643517581151222,0.255076422719225,0.11461748633879781,0.9011815252416756,0.2033692885710823,0.29,16479,25924,368,3356,5,1,27764
stage5_xgboost_weighted_cuda,xgboost,weighted,cuda,valid,fn5_fp1,5:1,0.7643517581151222,0.255076422719225,0.11671348314606741,0.8925886143931256,0.20643398335610483,0.3,17247,25156,400,3324,5,1,27156
stage5_xgboost_weighted_cuda,xgboost,weighted,cuda,valid,fn5_fp1,5:1,0.7643517581151222,0.255076422719225,0.11898916967509025,0.8850698174006445,0.20977596741344195,0.31,17999,24404,428,3296,5,1,26544
stage5_xgboost_weighted_cuda,xgboost,weighted,cuda,valid,fn5_fp1,5:1,0.7643517581151222,0.255076422719225,0.12122452016069038,0.8751342642320086,0.2129508625196027,0.32,18778,23625,465,3259,5,1,25950
stage5_xgboost_weighted_cuda,xgboost,weighted,cuda,valid,fn5_fp1,5:1,0.7643517581151222,0.255076422719225,0.12350262160817482,0.8665413533834586,0.2161926774528523,0.33,19501,22902,497,3227,5,1,25387
stage5_xgboost_weighted_cuda,xgboost,weighted,cuda,valid,fn5_fp1,5:1,0.7643517581151222,0.255076422719225,0.12591485008263162,0.8592910848549946,0.2196444505456792,0.34,20189,22214,524,3200,5,1,24834
stage5_xgboost_weighted_cuda,xgboost,weighted,cuda,valid,fn5_fp1,5:1,0.7643517581151222,0.255076422719225,0.1288020115175602,0.8528464017185822,0.22380381932210555,0.35,20921,21482,548,3176,5,1,24222
stage5_xgboost_weighted_cuda,xgboost,weighted,cuda,valid,fn5_fp1,5:1,0.7643517581151222,0.255076422719225,0.13136089722129227,0.8429108485499462,0.2272990586531499,0.36,21646,20757,585,3139,5,1,23682
stage5_xgboost_weighted_cuda,xgboost,weighted,cuda,valid,fn5_fp1,5:1,0.7643517581151222,0.255076422719225,0.13377032213549528,0.8329752953813104,0.2305205662690893,0.37,22316,20087,622,3102,5,1,23197
stage5_xgboost_weighted_cuda,xgboost,weighted,cuda,valid,fn5_fp1,5:1,0.7643517581151222,0.255076422719225,0.13600035520824083,0.8225026852846402,0.23340699535167264,0.38,22944,19459,661,3063,5,1,22764
stage5_xgboost_weighted_cuda,xgboost,weighted,cuda,valid,fn5_fp1,5:1,0.7643517581151222,0.255076422719225,0.13904918933773014,0.8152524167561761,0.23757727521715313,0.39,23605,18798,688,3036,5,1,22238
stage5_xgboost_weighted_cuda,xgboost,weighted,cuda,valid,fn5_fp1,5:1,0.7643517581151222,0.255076422719225,0.14144565782631305,0.80343716433942,0.2405434738915464,0.4,24242,18161,732,2992,5,1,21821
stage5_xgboost_weighted_cuda,xgboost,weighted,cuda,valid,fn5_fp1,5:1,0.7643517581151222,0.255076422719225,0.1437643495676811,0.7902792696025779,0.24327340359578425,0.41,24875,17528,781,2943,5,1,21433
stage5_xgboost_weighted_cuda,xgboost,weighted,cuda,valid,fn5_fp1,5:1,0.7643517581151222,0.255076422719225,0.14660743134087237,0.7798066595059077,0.24681285058643548,0.42,25499,16904,820,2904,5,1,21004
stage5_xgboost_weighted_cuda,xgboost,weighted,cuda,valid,fn5_fp1,5:1,0.7643517581151222,0.255076422719225,0.1496136980580497,0.7696025778732546,0.25052447552447554,0.43,26113,16290,858,2866,5,1,20580
stage5_xgboost_weighted_cuda,xgboost,weighted,cuda,valid,fn5_fp1,5:1,0.7643517581151222,0.255076422719225,0.15277853076714557,0.7567132116004296,0.2542288781632009,0.44,26776,15627,906,2818,5,1,20157
stage5_xgboost_weighted_cuda,xgboost,weighted,cuda,valid,fn5_fp1,5:1,0.7643517581151222,0.255076422719225,0.15538184681138228,0.7419441460794844,0.25695154840509626,0.45,27384,15019,961,2763,5,1,19824
stage5_xgboost_weighted_cuda,xgboost,weighted,cuda,valid,fn5_fp1,5:1,0.7643517581151222,0.255076422719225,0.1590219421101774,0.7317400644468314,0.26126558005752637,0.46,27992,14411,999,2725,5,1,19406
stage5_xgboost_weighted_cuda,xgboost,weighted,cuda,valid,fn5_fp1,5:1,0.7643517581151222,0.255076422719225,0.16145454545454546,0.715359828141783,0.2634493670886076,0.47,28567,13836,1060,2664,5,1,19136
stage5_xgboost_weighted_cuda,xgboost,weighted,cuda,valid,fn5_fp1,5:1,0.7643517581151222,0.255076422719225,0.16447326994521755,0.7013963480128894,0.26646263708237694,0.48,29134,13269,1112,2612,5,1,18829
stage5_xgboost_weighted_cuda,xgboost,weighted,cuda,valid,fn5_fp1,5:1,0.7643517581151222,0.255076422719225,0.1684729064039409,0.6887755102040817,0.27072668742413847,0.49,29743,12660,1159,2565,5,1,18455
stage5_xgboost_weighted_cuda,xgboost,weighted,cuda,valid,fn5_fp1,5:1,0.7643517581151222,0.255076422719225,0.17251981415687345,0.6780343716433942,0.2750544662309368,0.5,30292,12111,1199,2525,5,1,18106
stage5_xgboost_weighted_cuda,xgboost,weighted,cuda,valid,fn5_fp1,5:1,0.7643517581151222,0.255076422719225,0.17544483985765125,0.6619226638023631,0.27737144143130416,0.51,30818,11585,1259,2465,5,1,17880
stage5_xgboost_weighted_cuda,xgboost,weighted,cuda,valid,fn5_fp1,5:1,0.7643517581151222,0.255076422719225,0.17930115487118745,0.650375939849624,0.2811049210770659,0.52,31317,11086,1302,2422,5,1,17596
stage5_xgboost_weighted_cuda,xgboost,weighted,cuda,valid,fn5_fp1,5:1,0.7643517581151222,0.255076422719225,0.1827301489312447,0.635875402792696,0.2838817958400767,0.53,31812,10591,1356,2368,5,1,17371
stage5_xgboost_weighted_cuda,xgboost,weighted,cuda,valid,fn5_fp1,5:1,0.7643517581151222,0.255076422719225,0.18616677440206852,0.6186895810955961,0.2862111801242236,0.54,32331,10072,1420,2304,5,1,17172
stage5_xgboost_weighted_cuda,xgboost,weighted,cuda,valid,fn5_fp1,5:1,0.7643517581151222,0.255076422719225,0.19065752729119065,0.6049946294307197,0.2899427321279197,0.55,32839,9564,1471,2253,5,1,16919
stage5_xgboost_weighted_cuda,xgboost,weighted,cuda,valid,fn5_fp1,5:1,0.7643517581151222,0.255076422719225,0.195418627363935,0.591031149301826,0.29372122506172016,0.56,33341,9062,1523,2201,5,1,16677
stage5_xgboost_weighted_cuda,xgboost,weighted,cuda,valid,fn5_fp1,5:1,0.7643517581151222,0.255076422719225,0.19973890339425587,0.575187969924812,0.29651162790697677,0.57,33821,8582,1582,2142,5,1,16492
stage5_xgboost_weighted_cuda,xgboost,weighted,cuda,valid,fn5_fp1,5:1,0.7643517581151222,0.255076422719225,0.2036004304862538,0.5588077336197637,0.29845822875582645,0.58,34263,8140,1643,2081,5,1,16355
stage5_xgboost_weighted_cuda,xgboost,weighted,cuda,valid,fn5_fp1,5:1,0.7643517581151222,0.255076422719225,0.2093311312964492,0.5445757250268528,0.3024157470921563,0.59,34743,7660,1696,2028,5,1,16140
stage5_xgboost_weighted_cuda,xgboost,weighted,cuda,valid,fn5_fp1,5:1,0.7643517581151222,0.255076422719225,0.21414559721011334,0.5276584317937701,0.30465116279069765,0.6,35192,7211,1759,1965,5,1,16006
stage5_xgboost_weighted_cuda,xgboost,weighted,cuda,valid,fn5_fp1,5:1,0.7643517581151222,0.255076422719225,0.22007366482504603,0.5134264232008593,0.30808894618111504,0.61,35627,6776,1812,1912,5,1,15836
stage5_xgboost_weighted_cuda,xgboost,weighted,cuda,valid,fn5_fp1,5:1,0.7643517581151222,0.255076422719225,0.2246862434507128,0.49516648764769067,0.3091107199731791,0.62,36040,6363,1880,1844,5,1,15763
stage5_xgboost_weighted_cuda,xgboost,weighted,cuda,valid,fn5_fp1,5:1,0.7643517581151222,0.255076422719225,0.22929854024027904,0.47663802363050484,0.30963802878325336,0.63,36437,5966,1949,1775,5,1,15711
stage5_xgboost_weighted_cuda,xgboost,weighted,cuda,valid,fn5_fp1,5:1,0.7643517581151222,0.255076422719225,0.23387872954764197,0.4567669172932331,0.30935709739019734,0.64,36831,5572,2023,1701,5,1,15687
stage5_xgboost_weighted_cuda,xgboost,weighted,cuda,valid,fn5_fp1,5:1,0.7643517581151222,0.255076422719225,0.24065112186537616,0.44065520945220193,0.3112965948970881,0.65,37225,5178,2083,1641,5,1,15593
stage5_xgboost_weighted_cuda,xgboost,weighted,cuda,valid,fn5_fp1,5:1,0.7643517581151222,0.255076422719225,0.24683643180753007,0.4242749731471536,0.31209876543209875,0.66,37582,4821,2144,1580,5,1,15541
stage5_xgboost_weighted_cuda,xgboost,weighted,cuda,valid,fn5_fp1,5:1,0.7643517581151222,0.255076422719225,0.25406674492705017,0.4068206229860365,0.3127903375658099,0.67,37955,4448,2209,1515,5,1,15493
stage5_xgboost_weighted_cuda,xgboost,weighted,cuda,valid,fn5_fp1,5:1,0.7643517581151222,0.255076422719225,0.26246387283236994,0.390171858216971,0.31382289416846654,0.68,38320,4083,2271,1453,5,1,15438
stage5_xgboost_weighted_cuda,xgboost,weighted,cuda,valid,fn5_fp1,5:1,0.7643517581151222,0.255076422719225,0.26959921798631475,0.37030075187969924,0.31202624731304446,0.69,38667,3736,2345,1379,5,1,15461
stage5_xgboost_weighted_cuda,xgboost,weighted,cuda,valid,fn5_fp1,5:1,0.7643517581151222,0.255076422719225,0.27966998096044005,0.35499462943071963,0.3128623831499231,0.7,38998,3405,2402,1322,5,1,15415
stage5_xgboost_weighted_cuda,xgboost,weighted,cuda,valid,fn5_fp1,5:1,0.7643517581151222,0.255076422719225,0.2894736842105263,0.336734693877551,0.3113207547169811,0.71,39325,3078,2470,1254,5,1,15428
stage5_xgboost_weighted_cuda,xgboost,weighted,cuda,valid,fn5_fp1,5:1,0.7643517581151222,0.255076422719225,0.30045638945233266,0.3182062298603652,0.30907668231611896,0.72,39644,2759,2539,1185,5,1,15454
stage5_xgboost_weighted_cuda,xgboost,weighted,cuda,valid,fn5_fp1,5:1,0.7643517581151222,0.255076422719225,0.31260410882842865,0.3023630504833512,0.3073983073983074,0.73,39927,2476,2598,1126,5,1,15466
stage5_xgboost_weighted_cuda,xgboost,weighted,cuda,valid,fn5_fp1,5:1,0.7643517581151222,0.255076422719225,0.3255461165048544,0.28813104189044036,0.3056980056980057,0.74,40180,2223,2651,1073,5,1,15478
stage5_xgboost_weighted_cuda,xgboost,weighted,cuda,valid,fn5_fp1,5:1,0.7643517581151222,0.255076422719225,0.33691635875041986,0.2693340494092374,0.29935830473063724,0.75,40429,1974,2721,1003,5,1,15579
stage5_xgboost_weighted_cuda,xgboost,weighted,cuda,valid,fn5_fp1,5:1,0.7643517581151222,0.255076422719225,0.34928409947249434,0.24892588614393127,0.29068673565381,0.76,40676,1727,2797,927,5,1,15712
stage5_xgboost_weighted_cuda,xgboost,weighted,cuda,valid,fn5_fp1,5:1,0.7643517581151222,0.255076422719225,0.3584985238296078,0.22824919441460795,0.27891714520098443,0.77,40882,1521,2874,850,5,1,15891
stage5_xgboost_weighted_cuda,xgboost,weighted,cuda,valid,fn5_fp1,5:1,0.7643517581151222,0.255076422719225,0.367003367003367,0.20488721804511278,0.2629674306393245,0.78,41087,1316,2961,763,5,1,16121
stage5_xgboost_weighted_cuda,xgboost,weighted,cuda,valid,fn5_fp1,5:1,0.7643517581151222,0.255076422719225,0.37616183706943684,0.18474758324382384,0.24779398523320728,0.79,41262,1141,3036,688,5,1,16321
stage5_xgboost_weighted_cuda,xgboost,weighted,cuda,valid,fn5_fp1,5:1,0.7643517581151222,0.255076422719225,0.39424280350438046,0.16917293233082706,0.23675310033821872,0.8,41435,968,3094,630,5,1,16438
stage5_xgboost_weighted_cuda,xgboost,weighted,cuda,valid,fn5_fp1,5:1,0.7643517581151222,0.255076422719225,0.3968253968253968,0.1476906552094522,0.21526418786692758,0.81,41567,836,3174,550,5,1,16706
stage5_xgboost_weighted_cuda,xgboost,weighted,cuda,valid,fn5_fp1,5:1,0.7643517581151222,0.255076422719225,0.4145922746781116,0.12969924812030076,0.19758641849048886,0.82,41721,682,3241,483,5,1,16887
stage5_xgboost_weighted_cuda,xgboost,weighted,cuda,valid,fn5_fp1,5:1,0.7643517581151222,0.255076422719225,0.411340206185567,0.10714285714285714,0.170004260758415,0.83,41832,571,3325,399,5,1,17196
stage5_xgboost_weighted_cuda,xgboost,weighted,cuda,valid,fn5_fp1,5:1,0.7643517581151222,0.255076422719225,0.4241645244215938,0.08861439312567132,0.14660151043980454,0.84,41955,448,3394,330,5,1,17418
stage5_xgboost_weighted_cuda,xgboost,weighted,cuda,valid,fn5_fp1,5:1,0.7643517581151222,0.255076422719225,0.4479338842975207,0.07277121374865736,0.1252021252021252,0.85,42069,334,3453,271,5,1,17599
stage5_xgboost_weighted_cuda,xgboost,weighted,cuda,valid,fn5_fp1,5:1,0.7643517581151222,0.255076422719225,0.461864406779661,0.05853920515574651,0.10390848427073403,0.86,42149,254,3506,218,5,1,17784
stage5_xgboost_weighted_cuda,xgboost,weighted,cuda,valid,fn5_fp1,5:1,0.7643517581151222,0.255076422719225,0.49002849002849,0.04618689581095596,0.08441717791411044,0.87,42224,179,3552,172,5,1,17939
stage5_xgboost_weighted_cuda,xgboost,weighted,cuda,valid,fn5_fp1,5:1,0.7643517581151222,0.255076422719225,0.54,0.036251342642320085,0.06794162053346754,0.88,42288,115,3589,135,5,1,18060
stage5_xgboost_weighted_cuda,xgboost,weighted,cuda,valid,fn5_fp1,5:1,0.7643517581151222,0.255076422719225,0.532967032967033,0.026047261009667026,0.049667178699436765,0.89,42318,85,3627,97,5,1,18220
stage5_xgboost_weighted_cuda,xgboost,weighted,cuda,valid,fn5_fp1,5:1,0.7643517581151222,0.255076422719225,0.5877192982456141,0.01799140708915145,0.03491401771756123,0.9,42356,47,3657,67,5,1,18332
stage5_xgboost_weighted_cuda,xgboost,weighted,cuda,valid,fn5_fp1,5:1,0.7643517581151222,0.255076422719225,0.6956521739130435,0.01288936627282492,0.02530978117585025,0.91,42382,21,3676,48,5,1,18401
stage5_xgboost_weighted_cuda,xgboost,weighted,cuda,valid,fn5_fp1,5:1,0.7643517581151222,0.255076422719225,0.6785714285714286,0.00510204081632653,0.010127931769722815,0.92,42394,9,3705,19,5,1,18534
stage5_xgboost_weighted_cuda,xgboost,weighted,cuda,valid,fn5_fp1,5:1,0.7643517581151222,0.255076422719225,0.6666666666666666,0.0010741138560687433,0.0021447721179624667,0.93,42401,2,3720,4,5,1,18602
stage5_xgboost_weighted_cuda,xgboost,weighted,cuda,valid,fn5_fp1,5:1,0.7643517581151222,0.255076422719225,0.6666666666666666,0.0005370569280343716,0.0010732492621411322,0.94,42402,1,3722,2,5,1,18611
stage5_xgboost_weighted_cuda,xgboost,weighted,cuda,valid,fn5_fp1,5:1,0.7643517581151222,0.255076422719225,0.0,0.0,0.0,0.95,42403,0,3724,0,5,1,18620
stage5_xgboost_weighted_cuda,xgboost,weighted,cuda,valid,fn5_fp1,5:1,0.7643517581151222,0.255076422719225,0.0,0.0,0.0,0.96,42403,0,3724,0,5,1,18620
stage5_xgboost_weighted_cuda,xgboost,weighted,cuda,valid,fn5_fp1,5:1,0.7643517581151222,0.255076422719225,0.0,0.0,0.0,0.97,42403,0,3724,0,5,1,18620
stage5_xgboost_weighted_cuda,xgboost,weighted,cuda,valid,fn5_fp1,5:1,0.7643517581151222,0.255076422719225,0.0,0.0,0.0,0.98,42403,0,3724,0,5,1,18620
stage5_xgboost_weighted_cuda,xgboost,weighted,cuda,valid,fn5_fp1,5:1,0.7643517581151222,0.255076422719225,0.0,0.0,0.0,0.99,42403,0,3724,0,5,1,18620
stage5_xgboost_weighted_cuda,xgboost,weighted,cuda,valid,fn10_fp1,10:1,0.7643517581151222,0.255076422719225,0.08073537701079651,1.0,0.14940822467402207,0.01,1,42402,0,3724,10,1,42402
stage5_xgboost_weighted_cuda,xgboost,weighted,cuda,valid,fn10_fp1,10:1,0.7643517581151222,0.255076422719225,0.08075288403157256,1.0,0.149438202247191,0.02,11,42392,0,3724,10,1,42392
stage5_xgboost_weighted_cuda,xgboost,weighted,cuda,valid,fn10_fp1,10:1,0.7643517581151222,0.255076422719225,0.08082298810660647,1.0,0.1495582329317269,0.03,51,42352,0,3724,10,1,42352
stage5_xgboost_weighted_cuda,xgboost,weighted,cuda,valid,fn10_fp1,10:1,0.7643517581151222,0.255076422719225,0.08101050982440107,0.9997314715359829,0.14987621022121134,0.04,169,42234,1,3723,10,1,42244
stage5_xgboost_weighted_cuda,xgboost,weighted,cuda,valid,fn10_fp1,10:1,0.7643517581151222,0.255076422719225,0.08133615887095012,0.9997314715359829,0.15043335959755136,0.05,353,42050,1,3723,10,1,42060
stage5_xgboost_weighted_cuda,xgboost,weighted,cuda,valid,fn10_fp1,10:1,0.7643517581151222,0.255076422719225,0.08175147200984269,0.9991944146079484,0.15113728675873273,0.06,608,41795,3,3721,10,1,41825
stage5_xgboost_weighted_cuda,xgboost,weighted,cuda,valid,fn10_fp1,10:1,0.7643517581151222,0.255076422719225,0.0823573689920078,0.9989258861439313,0.1521690221504101,0.07,954,41449,4,3720,10,1,41489
stage5_xgboost_weighted_cuda,xgboost,weighted,cuda,valid,fn10_fp1,10:1,0.7643517581151222,0.255076422719225,0.08301330713583996,0.9983888292158969,0.1532816622691293,0.08,1333,41070,6,3718,10,1,41130
stage5_xgboost_weighted_cuda,xgboost,weighted,cuda,valid,fn10_fp1,10:1,0.7643517581151222,0.255076422719225,0.08370908107133194,0.9970461868958109,0.15445091514143094,0.09,1760,40643,11,3713,10,1,40753
stage5_xgboost_weighted_cuda,xgboost,weighted,cuda,valid,fn10_fp1,10:1,0.7643517581151222,0.255076422719225,0.08464787124757447,0.9957035445757251,0.156031054724484,0.1,2306,40097,16,3708,10,1,40257
stage5_xgboost_weighted_cuda,xgboost,weighted,cuda,valid,fn10_fp1,10:1,0.7643517581151222,0.255076422719225,0.08553118637793818,0.992749731471536,0.15749339694981682,0.11,2876,39527,27,3697,10,1,39797
stage5_xgboost_weighted_cuda,xgboost,weighted,cuda,valid,fn10_fp1,10:1,0.7643517581151222,0.255076422719225,0.08651477110073445,0.9900644468313641,0.15912474914222827,0.12,3473,38930,37,3687,10,1,39300
stage5_xgboost_weighted_cuda,xgboost,weighted,cuda,valid,fn10_fp1,10:1,0.7643517581151222,0.255076422719225,0.08737308737308737,0.9844253490870032,0.16050085372794537,0.13,4111,38292,58,3666,10,1,38872
stage5_xgboost_weighted_cuda,xgboost,weighted,cuda,valid,fn10_fp1,10:1,0.7643517581151222,0.255076422719225,0.08857447427076268,0.9817400644468314,0.16248888888888888,0.14,4783,37620,68,3656,10,1,38300
stage5_xgboost_weighted_cuda,xgboost,weighted,cuda,valid,fn10_fp1,10:1,0.7643517581151222,0.255076422719225,0.08979732728438286,0.9779806659505907,0.1644912153922587,0.15,5487,36916,82,3642,10,1,37736
stage5_xgboost_weighted_cuda,xgboost,weighted,cuda,valid,fn10_fp1,10:1,0.7643517581151222,0.255076422719225,0.09126754903684356,0.9758324382384532,0.16692312992352035,0.16,6220,36183,90,3634,10,1,37083
stage5_xgboost_weighted_cuda,xgboost,weighted,cuda,valid,fn10_fp1,10:1,0.7643517581151222,0.255076422719225,0.09268979644091666,0.9720730397422127,0.16924191776338857,0.17,6968,35435,104,3620,10,1,36475
stage5_xgboost_weighted_cuda,xgboost,weighted,cuda,valid,fn10_fp1,10:1,0.7643517581151222,0.255076422719225,0.09401888223448493,0.965359828141783,0.17134958652081694,0.18,7761,34642,129,3595,10,1,35932
stage5_xgboost_weighted_cuda,xgboost,weighted,cuda,valid,fn10_fp1,10:1,0.7643517581151222,0.255076422719225,0.09579383095206302,0.9632116004296455,0.1742573295440744,0.19,8545,33858,137,3587,10,1,35228
stage5_xgboost_weighted_cuda,xgboost,weighted,cuda,valid,fn10_fp1,10:1,0.7643517581151222,0.255076422719225,0.09749706580778994,0.9591836734693877,0.17700255196848444,0.2,9338,33065,152,3572,10,1,34585
stage5_xgboost_weighted_cuda,xgboost,weighted,cuda,valid,fn10_fp1,10:1,0.7643517581151222,0.255076422719225,0.0992095634444041,0.9538131041890441,0.17972525109418877,0.21,10152,32251,172,3552,10,1,33971
stage5_xgboost_weighted_cuda,xgboost,weighted,cuda,valid,fn10_fp1,10:1,0.7643517581151222,0.255076422719225,0.10102715229893279,0.9481740064446831,0.18259857789269554,0.22,10983,31420,193,3531,10,1,33350
stage5_xgboost_weighted_cuda,xgboost,weighted,cuda,valid,fn10_fp1,10:1,0.7643517581151222,0.255076422719225,0.1028373986120465,0.9430719656283566,0.18545214521452144,0.23,11764,30639,212,3512,10,1,32759
stage5_xgboost_weighted_cuda,xgboost,weighted,cuda,valid,fn10_fp1,10:1,0.7643517581151222,0.255076422719225,0.10489027648524511,0.9382384532760473,0.1886863777507763,0.24,12586,29817,230,3494,10,1,32117
stage5_xgboost_weighted_cuda,xgboost,weighted,cuda,valid,fn10_fp1,10:1,0.7643517581151222,0.255076422719225,0.10671547666656413,0.9315252416756176,0.19149347244072756,0.25,13365,29038,255,3469,10,1,31588
stage5_xgboost_weighted_cuda,xgboost,weighted,cuda,valid,fn10_fp1,10:1,0.7643517581151222,0.255076422719225,0.10874988158767249,0.924812030075188,0.19461475432995226,0.26,14178,28225,280,3444,10,1,31025
stage5_xgboost_weighted_cuda,xgboost,weighted,cuda,valid,fn10_fp1,10:1,0.7643517581151222,0.255076422719225,0.11069357607956203,0.917561761546724,0.19755441852397884,0.27,14951,27452,307,3417,10,1,30522
stage5_xgboost_weighted_cuda,xgboost,weighted,cuda,valid,fn10_fp1,10:1,0.7643517581151222,0.255076422719225,0.11283347747987492,0.9108485499462943,0.20079322796424554,0.28,15733,26670,332,3392,10,1,29990
stage5_xgboost_weighted_cuda,xgboost,weighted,cuda,valid,fn10_fp1,10:1,0.7643517581151222,0.255076422719225,0.11461748633879781,0.9011815252416756,0.2033692885710823,0.29,16479,25924,368,3356,10,1,29604
stage5_xgboost_weighted_cuda,xgboost,weighted,cuda,valid,fn10_fp1,10:1,0.7643517581151222,0.255076422719225,0.11671348314606741,0.8925886143931256,0.20643398335610483,0.3,17247,25156,400,3324,10,1,29156
stage5_xgboost_weighted_cuda,xgboost,weighted,cuda,valid,fn10_fp1,10:1,0.7643517581151222,0.255076422719225,0.11898916967509025,0.8850698174006445,0.20977596741344195,0.31,17999,24404,428,3296,10,1,28684
stage5_xgboost_weighted_cuda,xgboost,weighted,cuda,valid,fn10_fp1,10:1,0.7643517581151222,0.255076422719225,0.12122452016069038,0.8751342642320086,0.2129508625196027,0.32,18778,23625,465,3259,10,1,28275
stage5_xgboost_weighted_cuda,xgboost,weighted,cuda,valid,fn10_fp1,10:1,0.7643517581151222,0.255076422719225,0.12350262160817482,0.8665413533834586,0.2161926774528523,0.33,19501,22902,497,3227,10,1,27872
stage5_xgboost_weighted_cuda,xgboost,weighted,cuda,valid,fn10_fp1,10:1,0.7643517581151222,0.255076422719225,0.12591485008263162,0.8592910848549946,0.2196444505456792,0.34,20189,22214,524,3200,10,1,27454
stage5_xgboost_weighted_cuda,xgboost,weighted,cuda,valid,fn10_fp1,10:1,0.7643517581151222,0.255076422719225,0.1288020115175602,0.8528464017185822,0.22380381932210555,0.35,20921,21482,548,3176,10,1,26962
stage5_xgboost_weighted_cuda,xgboost,weighted,cuda,valid,fn10_fp1,10:1,0.7643517581151222,0.255076422719225,0.13136089722129227,0.8429108485499462,0.2272990586531499,0.36,21646,20757,585,3139,10,1,26607
stage5_xgboost_weighted_cuda,xgboost,weighted,cuda,valid,fn10_fp1,10:1,0.7643517581151222,0.255076422719225,0.13377032213549528,0.8329752953813104,0.2305205662690893,0.37,22316,20087,622,3102,10,1,26307
stage5_xgboost_weighted_cuda,xgboost,weighted,cuda,valid,fn10_fp1,10:1,0.7643517581151222,0.255076422719225,0.13600035520824083,0.8225026852846402,0.23340699535167264,0.38,22944,19459,661,3063,10,1,26069
stage5_xgboost_weighted_cuda,xgboost,weighted,cuda,valid,fn10_fp1,10:1,0.7643517581151222,0.255076422719225,0.13904918933773014,0.8152524167561761,0.23757727521715313,0.39,23605,18798,688,3036,10,1,25678
stage5_xgboost_weighted_cuda,xgboost,weighted,cuda,valid,fn10_fp1,10:1,0.7643517581151222,0.255076422719225,0.14144565782631305,0.80343716433942,0.2405434738915464,0.4,24242,18161,732,2992,10,1,25481
stage5_xgboost_weighted_cuda,xgboost,weighted,cuda,valid,fn10_fp1,10:1,0.7643517581151222,0.255076422719225,0.1437643495676811,0.7902792696025779,0.24327340359578425,0.41,24875,17528,781,2943,10,1,25338
stage5_xgboost_weighted_cuda,xgboost,weighted,cuda,valid,fn10_fp1,10:1,0.7643517581151222,0.255076422719225,0.14660743134087237,0.7798066595059077,0.24681285058643548,0.42,25499,16904,820,2904,10,1,25104
stage5_xgboost_weighted_cuda,xgboost,weighted,cuda,valid,fn10_fp1,10:1,0.7643517581151222,0.255076422719225,0.1496136980580497,0.7696025778732546,0.25052447552447554,0.43,26113,16290,858,2866,10,1,24870
stage5_xgboost_weighted_cuda,xgboost,weighted,cuda,valid,fn10_fp1,10:1,0.7643517581151222,0.255076422719225,0.15277853076714557,0.7567132116004296,0.2542288781632009,0.44,26776,15627,906,2818,10,1,24687
stage5_xgboost_weighted_cuda,xgboost,weighted,cuda,valid,fn10_fp1,10:1,0.7643517581151222,0.255076422719225,0.15538184681138228,0.7419441460794844,0.25695154840509626,0.45,27384,15019,961,2763,10,1,24629
stage5_xgboost_weighted_cuda,xgboost,weighted,cuda,valid,fn10_fp1,10:1,0.7643517581151222,0.255076422719225,0.1590219421101774,0.7317400644468314,0.26126558005752637,0.46,27992,14411,999,2725,10,1,24401
stage5_xgboost_weighted_cuda,xgboost,weighted,cuda,valid,fn10_fp1,10:1,0.7643517581151222,0.255076422719225,0.16145454545454546,0.715359828141783,0.2634493670886076,0.47,28567,13836,1060,2664,10,1,24436
stage5_xgboost_weighted_cuda,xgboost,weighted,cuda,valid,fn10_fp1,10:1,0.7643517581151222,0.255076422719225,0.16447326994521755,0.7013963480128894,0.26646263708237694,0.48,29134,13269,1112,2612,10,1,24389
stage5_xgboost_weighted_cuda,xgboost,weighted,cuda,valid,fn10_fp1,10:1,0.7643517581151222,0.255076422719225,0.1684729064039409,0.6887755102040817,0.27072668742413847,0.49,29743,12660,1159,2565,10,1,24250
stage5_xgboost_weighted_cuda,xgboost,weighted,cuda,valid,fn10_fp1,10:1,0.7643517581151222,0.255076422719225,0.17251981415687345,0.6780343716433942,0.2750544662309368,0.5,30292,12111,1199,2525,10,1,24101
stage5_xgboost_weighted_cuda,xgboost,weighted,cuda,valid,fn10_fp1,10:1,0.7643517581151222,0.255076422719225,0.17544483985765125,0.6619226638023631,0.27737144143130416,0.51,30818,11585,1259,2465,10,1,24175
stage5_xgboost_weighted_cuda,xgboost,weighted,cuda,valid,fn10_fp1,10:1,0.7643517581151222,0.255076422719225,0.17930115487118745,0.650375939849624,0.2811049210770659,0.52,31317,11086,1302,2422,10,1,24106
stage5_xgboost_weighted_cuda,xgboost,weighted,cuda,valid,fn10_fp1,10:1,0.7643517581151222,0.255076422719225,0.1827301489312447,0.635875402792696,0.2838817958400767,0.53,31812,10591,1356,2368,10,1,24151
stage5_xgboost_weighted_cuda,xgboost,weighted,cuda,valid,fn10_fp1,10:1,0.7643517581151222,0.255076422719225,0.18616677440206852,0.6186895810955961,0.2862111801242236,0.54,32331,10072,1420,2304,10,1,24272
stage5_xgboost_weighted_cuda,xgboost,weighted,cuda,valid,fn10_fp1,10:1,0.7643517581151222,0.255076422719225,0.19065752729119065,0.6049946294307197,0.2899427321279197,0.55,32839,9564,1471,2253,10,1,24274
stage5_xgboost_weighted_cuda,xgboost,weighted,cuda,valid,fn10_fp1,10:1,0.7643517581151222,0.255076422719225,0.195418627363935,0.591031149301826,0.29372122506172016,0.56,33341,9062,1523,2201,10,1,24292
stage5_xgboost_weighted_cuda,xgboost,weighted,cuda,valid,fn10_fp1,10:1,0.7643517581151222,0.255076422719225,0.19973890339425587,0.575187969924812,0.29651162790697677,0.57,33821,8582,1582,2142,10,1,24402
stage5_xgboost_weighted_cuda,xgboost,weighted,cuda,valid,fn10_fp1,10:1,0.7643517581151222,0.255076422719225,0.2036004304862538,0.5588077336197637,0.29845822875582645,0.58,34263,8140,1643,2081,10,1,24570
stage5_xgboost_weighted_cuda,xgboost,weighted,cuda,valid,fn10_fp1,10:1,0.7643517581151222,0.255076422719225,0.2093311312964492,0.5445757250268528,0.3024157470921563,0.59,34743,7660,1696,2028,10,1,24620
stage5_xgboost_weighted_cuda,xgboost,weighted,cuda,valid,fn10_fp1,10:1,0.7643517581151222,0.255076422719225,0.21414559721011334,0.5276584317937701,0.30465116279069765,0.6,35192,7211,1759,1965,10,1,24801
stage5_xgboost_weighted_cuda,xgboost,weighted,cuda,valid,fn10_fp1,10:1,0.7643517581151222,0.255076422719225,0.22007366482504603,0.5134264232008593,0.30808894618111504,0.61,35627,6776,1812,1912,10,1,24896
stage5_xgboost_weighted_cuda,xgboost,weighted,cuda,valid,fn10_fp1,10:1,0.7643517581151222,0.255076422719225,0.2246862434507128,0.49516648764769067,0.3091107199731791,0.62,36040,6363,1880,1844,10,1,25163
stage5_xgboost_weighted_cuda,xgboost,weighted,cuda,valid,fn10_fp1,10:1,0.7643517581151222,0.255076422719225,0.22929854024027904,0.47663802363050484,0.30963802878325336,0.63,36437,5966,1949,1775,10,1,25456
stage5_xgboost_weighted_cuda,xgboost,weighted,cuda,valid,fn10_fp1,10:1,0.7643517581151222,0.255076422719225,0.23387872954764197,0.4567669172932331,0.30935709739019734,0.64,36831,5572,2023,1701,10,1,25802
stage5_xgboost_weighted_cuda,xgboost,weighted,cuda,valid,fn10_fp1,10:1,0.7643517581151222,0.255076422719225,0.24065112186537616,0.44065520945220193,0.3112965948970881,0.65,37225,5178,2083,1641,10,1,26008
stage5_xgboost_weighted_cuda,xgboost,weighted,cuda,valid,fn10_fp1,10:1,0.7643517581151222,0.255076422719225,0.24683643180753007,0.4242749731471536,0.31209876543209875,0.66,37582,4821,2144,1580,10,1,26261
stage5_xgboost_weighted_cuda,xgboost,weighted,cuda,valid,fn10_fp1,10:1,0.7643517581151222,0.255076422719225,0.25406674492705017,0.4068206229860365,0.3127903375658099,0.67,37955,4448,2209,1515,10,1,26538
stage5_xgboost_weighted_cuda,xgboost,weighted,cuda,valid,fn10_fp1,10:1,0.7643517581151222,0.255076422719225,0.26246387283236994,0.390171858216971,0.31382289416846654,0.68,38320,4083,2271,1453,10,1,26793
stage5_xgboost_weighted_cuda,xgboost,weighted,cuda,valid,fn10_fp1,10:1,0.7643517581151222,0.255076422719225,0.26959921798631475,0.37030075187969924,0.31202624731304446,0.69,38667,3736,2345,1379,10,1,27186
stage5_xgboost_weighted_cuda,xgboost,weighted,cuda,valid,fn10_fp1,10:1,0.7643517581151222,0.255076422719225,0.27966998096044005,0.35499462943071963,0.3128623831499231,0.7,38998,3405,2402,1322,10,1,27425
stage5_xgboost_weighted_cuda,xgboost,weighted,cuda,valid,fn10_fp1,10:1,0.7643517581151222,0.255076422719225,0.2894736842105263,0.336734693877551,0.3113207547169811,0.71,39325,3078,2470,1254,10,1,27778
stage5_xgboost_weighted_cuda,xgboost,weighted,cuda,valid,fn10_fp1,10:1,0.7643517581151222,0.255076422719225,0.30045638945233266,0.3182062298603652,0.30907668231611896,0.72,39644,2759,2539,1185,10,1,28149
stage5_xgboost_weighted_cuda,xgboost,weighted,cuda,valid,fn10_fp1,10:1,0.7643517581151222,0.255076422719225,0.31260410882842865,0.3023630504833512,0.3073983073983074,0.73,39927,2476,2598,1126,10,1,28456
stage5_xgboost_weighted_cuda,xgboost,weighted,cuda,valid,fn10_fp1,10:1,0.7643517581151222,0.255076422719225,0.3255461165048544,0.28813104189044036,0.3056980056980057,0.74,40180,2223,2651,1073,10,1,28733
stage5_xgboost_weighted_cuda,xgboost,weighted,cuda,valid,fn10_fp1,10:1,0.7643517581151222,0.255076422719225,0.33691635875041986,0.2693340494092374,0.29935830473063724,0.75,40429,1974,2721,1003,10,1,29184
stage5_xgboost_weighted_cuda,xgboost,weighted,cuda,valid,fn10_fp1,10:1,0.7643517581151222,0.255076422719225,0.34928409947249434,0.24892588614393127,0.29068673565381,0.76,40676,1727,2797,927,10,1,29697
stage5_xgboost_weighted_cuda,xgboost,weighted,cuda,valid,fn10_fp1,10:1,0.7643517581151222,0.255076422719225,0.3584985238296078,0.22824919441460795,0.27891714520098443,0.77,40882,1521,2874,850,10,1,30261
stage5_xgboost_weighted_cuda,xgboost,weighted,cuda,valid,fn10_fp1,10:1,0.7643517581151222,0.255076422719225,0.367003367003367,0.20488721804511278,0.2629674306393245,0.78,41087,1316,2961,763,10,1,30926
stage5_xgboost_weighted_cuda,xgboost,weighted,cuda,valid,fn10_fp1,10:1,0.7643517581151222,0.255076422719225,0.37616183706943684,0.18474758324382384,0.24779398523320728,0.79,41262,1141,3036,688,10,1,31501
stage5_xgboost_weighted_cuda,xgboost,weighted,cuda,valid,fn10_fp1,10:1,0.7643517581151222,0.255076422719225,0.39424280350438046,0.16917293233082706,0.23675310033821872,0.8,41435,968,3094,630,10,1,31908
stage5_xgboost_weighted_cuda,xgboost,weighted,cuda,valid,fn10_fp1,10:1,0.7643517581151222,0.255076422719225,0.3968253968253968,0.1476906552094522,0.21526418786692758,0.81,41567,836,3174,550,10,1,32576
stage5_xgboost_weighted_cuda,xgboost,weighted,cuda,valid,fn10_fp1,10:1,0.7643517581151222,0.255076422719225,0.4145922746781116,0.12969924812030076,0.19758641849048886,0.82,41721,682,3241,483,10,1,33092
stage5_xgboost_weighted_cuda,xgboost,weighted,cuda,valid,fn10_fp1,10:1,0.7643517581151222,0.255076422719225,0.411340206185567,0.10714285714285714,0.170004260758415,0.83,41832,571,3325,399,10,1,33821
stage5_xgboost_weighted_cuda,xgboost,weighted,cuda,valid,fn10_fp1,10:1,0.7643517581151222,0.255076422719225,0.4241645244215938,0.08861439312567132,0.14660151043980454,0.84,41955,448,3394,330,10,1,34388
stage5_xgboost_weighted_cuda,xgboost,weighted,cuda,valid,fn10_fp1,10:1,0.7643517581151222,0.255076422719225,0.4479338842975207,0.07277121374865736,0.1252021252021252,0.85,42069,334,3453,271,10,1,34864
stage5_xgboost_weighted_cuda,xgboost,weighted,cuda,valid,fn10_fp1,10:1,0.7643517581151222,0.255076422719225,0.461864406779661,0.05853920515574651,0.10390848427073403,0.86,42149,254,3506,218,10,1,35314
stage5_xgboost_weighted_cuda,xgboost,weighted,cuda,valid,fn10_fp1,10:1,0.7643517581151222,0.255076422719225,0.49002849002849,0.04618689581095596,0.08441717791411044,0.87,42224,179,3552,172,10,1,35699
stage5_xgboost_weighted_cuda,xgboost,weighted,cuda,valid,fn10_fp1,10:1,0.7643517581151222,0.255076422719225,0.54,0.036251342642320085,0.06794162053346754,0.88,42288,115,3589,135,10,1,36005
stage5_xgboost_weighted_cuda,xgboost,weighted,cuda,valid,fn10_fp1,10:1,0.7643517581151222,0.255076422719225,0.532967032967033,0.026047261009667026,0.049667178699436765,0.89,42318,85,3627,97,10,1,36355
stage5_xgboost_weighted_cuda,xgboost,weighted,cuda,valid,fn10_fp1,10:1,0.7643517581151222,0.255076422719225,0.5877192982456141,0.01799140708915145,0.03491401771756123,0.9,42356,47,3657,67,10,1,36617
stage5_xgboost_weighted_cuda,xgboost,weighted,cuda,valid,fn10_fp1,10:1,0.7643517581151222,0.255076422719225,0.6956521739130435,0.01288936627282492,0.02530978117585025,0.91,42382,21,3676,48,10,1,36781
stage5_xgboost_weighted_cuda,xgboost,weighted,cuda,valid,fn10_fp1,10:1,0.7643517581151222,0.255076422719225,0.6785714285714286,0.00510204081632653,0.010127931769722815,0.92,42394,9,3705,19,10,1,37059
stage5_xgboost_weighted_cuda,xgboost,weighted,cuda,valid,fn10_fp1,10:1,0.7643517581151222,0.255076422719225,0.6666666666666666,0.0010741138560687433,0.0021447721179624667,0.93,42401,2,3720,4,10,1,37202
stage5_xgboost_weighted_cuda,xgboost,weighted,cuda,valid,fn10_fp1,10:1,0.7643517581151222,0.255076422719225,0.6666666666666666,0.0005370569280343716,0.0010732492621411322,0.94,42402,1,3722,2,10,1,37221
stage5_xgboost_weighted_cuda,xgboost,weighted,cuda,valid,fn10_fp1,10:1,0.7643517581151222,0.255076422719225,0.0,0.0,0.0,0.95,42403,0,3724,0,10,1,37240
stage5_xgboost_weighted_cuda,xgboost,weighted,cuda,valid,fn10_fp1,10:1,0.7643517581151222,0.255076422719225,0.0,0.0,0.0,0.96,42403,0,3724,0,10,1,37240
stage5_xgboost_weighted_cuda,xgboost,weighted,cuda,valid,fn10_fp1,10:1,0.7643517581151222,0.255076422719225,0.0,0.0,0.0,0.97,42403,0,3724,0,10,1,37240
stage5_xgboost_weighted_cuda,xgboost,weighted,cuda,valid,fn10_fp1,10:1,0.7643517581151222,0.255076422719225,0.0,0.0,0.0,0.98,42403,0,3724,0,10,1,37240
stage5_xgboost_weighted_cuda,xgboost,weighted,cuda,valid,fn10_fp1,10:1,0.7643517581151222,0.255076422719225,0.0,0.0,0.0,0.99,42403,0,3724,0,10,1,37240
stage5_xgboost_weighted_cuda,xgboost,weighted,cuda,valid,fn20_fp1,20:1,0.7643517581151222,0.255076422719225,0.08073537701079651,1.0,0.14940822467402207,0.01,1,42402,0,3724,20,1,42402
stage5_xgboost_weighted_cuda,xgboost,weighted,cuda,valid,fn20_fp1,20:1,0.7643517581151222,0.255076422719225,0.08075288403157256,1.0,0.149438202247191,0.02,11,42392,0,3724,20,1,42392
stage5_xgboost_weighted_cuda,xgboost,weighted,cuda,valid,fn20_fp1,20:1,0.7643517581151222,0.255076422719225,0.08082298810660647,1.0,0.1495582329317269,0.03,51,42352,0,3724,20,1,42352
stage5_xgboost_weighted_cuda,xgboost,weighted,cuda,valid,fn20_fp1,20:1,0.7643517581151222,0.255076422719225,0.08101050982440107,0.9997314715359829,0.14987621022121134,0.04,169,42234,1,3723,20,1,42254
stage5_xgboost_weighted_cuda,xgboost,weighted,cuda,valid,fn20_fp1,20:1,0.7643517581151222,0.255076422719225,0.08133615887095012,0.9997314715359829,0.15043335959755136,0.05,353,42050,1,3723,20,1,42070
stage5_xgboost_weighted_cuda,xgboost,weighted,cuda,valid,fn20_fp1,20:1,0.7643517581151222,0.255076422719225,0.08175147200984269,0.9991944146079484,0.15113728675873273,0.06,608,41795,3,3721,20,1,41855
stage5_xgboost_weighted_cuda,xgboost,weighted,cuda,valid,fn20_fp1,20:1,0.7643517581151222,0.255076422719225,0.0823573689920078,0.9989258861439313,0.1521690221504101,0.07,954,41449,4,3720,20,1,41529
stage5_xgboost_weighted_cuda,xgboost,weighted,cuda,valid,fn20_fp1,20:1,0.7643517581151222,0.255076422719225,0.08301330713583996,0.9983888292158969,0.1532816622691293,0.08,1333,41070,6,3718,20,1,41190
stage5_xgboost_weighted_cuda,xgboost,weighted,cuda,valid,fn20_fp1,20:1,0.7643517581151222,0.255076422719225,0.08370908107133194,0.9970461868958109,0.15445091514143094,0.09,1760,40643,11,3713,20,1,40863
stage5_xgboost_weighted_cuda,xgboost,weighted,cuda,valid,fn20_fp1,20:1,0.7643517581151222,0.255076422719225,0.08464787124757447,0.9957035445757251,0.156031054724484,0.1,2306,40097,16,3708,20,1,40417
stage5_xgboost_weighted_cuda,xgboost,weighted,cuda,valid,fn20_fp1,20:1,0.7643517581151222,0.255076422719225,0.08553118637793818,0.992749731471536,0.15749339694981682,0.11,2876,39527,27,3697,20,1,40067
stage5_xgboost_weighted_cuda,xgboost,weighted,cuda,valid,fn20_fp1,20:1,0.7643517581151222,0.255076422719225,0.08651477110073445,0.9900644468313641,0.15912474914222827,0.12,3473,38930,37,3687,20,1,39670
stage5_xgboost_weighted_cuda,xgboost,weighted,cuda,valid,fn20_fp1,20:1,0.7643517581151222,0.255076422719225,0.08737308737308737,0.9844253490870032,0.16050085372794537,0.13,4111,38292,58,3666,20,1,39452
stage5_xgboost_weighted_cuda,xgboost,weighted,cuda,valid,fn20_fp1,20:1,0.7643517581151222,0.255076422719225,0.08857447427076268,0.9817400644468314,0.16248888888888888,0.14,4783,37620,68,3656,20,1,38980
stage5_xgboost_weighted_cuda,xgboost,weighted,cuda,valid,fn20_fp1,20:1,0.7643517581151222,0.255076422719225,0.08979732728438286,0.9779806659505907,0.1644912153922587,0.15,5487,36916,82,3642,20,1,38556
stage5_xgboost_weighted_cuda,xgboost,weighted,cuda,valid,fn20_fp1,20:1,0.7643517581151222,0.255076422719225,0.09126754903684356,0.9758324382384532,0.16692312992352035,0.16,6220,36183,90,3634,20,1,37983
stage5_xgboost_weighted_cuda,xgboost,weighted,cuda,valid,fn20_fp1,20:1,0.7643517581151222,0.255076422719225,0.09268979644091666,0.9720730397422127,0.16924191776338857,0.17,6968,35435,104,3620,20,1,37515
stage5_xgboost_weighted_cuda,xgboost,weighted,cuda,valid,fn20_fp1,20:1,0.7643517581151222,0.255076422719225,0.09401888223448493,0.965359828141783,0.17134958652081694,0.18,7761,34642,129,3595,20,1,37222
stage5_xgboost_weighted_cuda,xgboost,weighted,cuda,valid,fn20_fp1,20:1,0.7643517581151222,0.255076422719225,0.09579383095206302,0.9632116004296455,0.1742573295440744,0.19,8545,33858,137,3587,20,1,36598
stage5_xgboost_weighted_cuda,xgboost,weighted,cuda,valid,fn20_fp1,20:1,0.7643517581151222,0.255076422719225,0.09749706580778994,0.9591836734693877,0.17700255196848444,0.2,9338,33065,152,3572,20,1,36105
stage5_xgboost_weighted_cuda,xgboost,weighted,cuda,valid,fn20_fp1,20:1,0.7643517581151222,0.255076422719225,0.0992095634444041,0.9538131041890441,0.17972525109418877,0.21,10152,32251,172,3552,20,1,35691
stage5_xgboost_weighted_cuda,xgboost,weighted,cuda,valid,fn20_fp1,20:1,0.7643517581151222,0.255076422719225,0.10102715229893279,0.9481740064446831,0.18259857789269554,0.22,10983,31420,193,3531,20,1,35280
stage5_xgboost_weighted_cuda,xgboost,weighted,cuda,valid,fn20_fp1,20:1,0.7643517581151222,0.255076422719225,0.1028373986120465,0.9430719656283566,0.18545214521452144,0.23,11764,30639,212,3512,20,1,34879
stage5_xgboost_weighted_cuda,xgboost,weighted,cuda,valid,fn20_fp1,20:1,0.7643517581151222,0.255076422719225,0.10489027648524511,0.9382384532760473,0.1886863777507763,0.24,12586,29817,230,3494,20,1,34417
stage5_xgboost_weighted_cuda,xgboost,weighted,cuda,valid,fn20_fp1,20:1,0.7643517581151222,0.255076422719225,0.10671547666656413,0.9315252416756176,0.19149347244072756,0.25,13365,29038,255,3469,20,1,34138
stage5_xgboost_weighted_cuda,xgboost,weighted,cuda,valid,fn20_fp1,20:1,0.7643517581151222,0.255076422719225,0.10874988158767249,0.924812030075188,0.19461475432995226,0.26,14178,28225,280,3444,20,1,33825
stage5_xgboost_weighted_cuda,xgboost,weighted,cuda,valid,fn20_fp1,20:1,0.7643517581151222,0.255076422719225,0.11069357607956203,0.917561761546724,0.19755441852397884,0.27,14951,27452,307,3417,20,1,33592
stage5_xgboost_weighted_cuda,xgboost,weighted,cuda,valid,fn20_fp1,20:1,0.7643517581151222,0.255076422719225,0.11283347747987492,0.9108485499462943,0.20079322796424554,0.28,15733,26670,332,3392,20,1,33310
stage5_xgboost_weighted_cuda,xgboost,weighted,cuda,valid,fn20_fp1,20:1,0.7643517581151222,0.255076422719225,0.11461748633879781,0.9011815252416756,0.2033692885710823,0.29,16479,25924,368,3356,20,1,33284
stage5_xgboost_weighted_cuda,xgboost,weighted,cuda,valid,fn20_fp1,20:1,0.7643517581151222,0.255076422719225,0.11671348314606741,0.8925886143931256,0.20643398335610483,0.3,17247,25156,400,3324,20,1,33156
stage5_xgboost_weighted_cuda,xgboost,weighted,cuda,valid,fn20_fp1,20:1,0.7643517581151222,0.255076422719225,0.11898916967509025,0.8850698174006445,0.20977596741344195,0.31,17999,24404,428,3296,20,1,32964
stage5_xgboost_weighted_cuda,xgboost,weighted,cuda,valid,fn20_fp1,20:1,0.7643517581151222,0.255076422719225,0.12122452016069038,0.8751342642320086,0.2129508625196027,0.32,18778,23625,465,3259,20,1,32925
stage5_xgboost_weighted_cuda,xgboost,weighted,cuda,valid,fn20_fp1,20:1,0.7643517581151222,0.255076422719225,0.12350262160817482,0.8665413533834586,0.2161926774528523,0.33,19501,22902,497,3227,20,1,32842
stage5_xgboost_weighted_cuda,xgboost,weighted,cuda,valid,fn20_fp1,20:1,0.7643517581151222,0.255076422719225,0.12591485008263162,0.8592910848549946,0.2196444505456792,0.34,20189,22214,524,3200,20,1,32694
stage5_xgboost_weighted_cuda,xgboost,weighted,cuda,valid,fn20_fp1,20:1,0.7643517581151222,0.255076422719225,0.1288020115175602,0.8528464017185822,0.22380381932210555,0.35,20921,21482,548,3176,20,1,32442
stage5_xgboost_weighted_cuda,xgboost,weighted,cuda,valid,fn20_fp1,20:1,0.7643517581151222,0.255076422719225,0.13136089722129227,0.8429108485499462,0.2272990586531499,0.36,21646,20757,585,3139,20,1,32457
stage5_xgboost_weighted_cuda,xgboost,weighted,cuda,valid,fn20_fp1,20:1,0.7643517581151222,0.255076422719225,0.13377032213549528,0.8329752953813104,0.2305205662690893,0.37,22316,20087,622,3102,20,1,32527
stage5_xgboost_weighted_cuda,xgboost,weighted,cuda,valid,fn20_fp1,20:1,0.7643517581151222,0.255076422719225,0.13600035520824083,0.8225026852846402,0.23340699535167264,0.38,22944,19459,661,3063,20,1,32679
stage5_xgboost_weighted_cuda,xgboost,weighted,cuda,valid,fn20_fp1,20:1,0.7643517581151222,0.255076422719225,0.13904918933773014,0.8152524167561761,0.23757727521715313,0.39,23605,18798,688,3036,20,1,32558
stage5_xgboost_weighted_cuda,xgboost,weighted,cuda,valid,fn20_fp1,20:1,0.7643517581151222,0.255076422719225,0.14144565782631305,0.80343716433942,0.2405434738915464,0.4,24242,18161,732,2992,20,1,32801
stage5_xgboost_weighted_cuda,xgboost,weighted,cuda,valid,fn20_fp1,20:1,0.7643517581151222,0.255076422719225,0.1437643495676811,0.7902792696025779,0.24327340359578425,0.41,24875,17528,781,2943,20,1,33148
stage5_xgboost_weighted_cuda,xgboost,weighted,cuda,valid,fn20_fp1,20:1,0.7643517581151222,0.255076422719225,0.14660743134087237,0.7798066595059077,0.24681285058643548,0.42,25499,16904,820,2904,20,1,33304
stage5_xgboost_weighted_cuda,xgboost,weighted,cuda,valid,fn20_fp1,20:1,0.7643517581151222,0.255076422719225,0.1496136980580497,0.7696025778732546,0.25052447552447554,0.43,26113,16290,858,2866,20,1,33450
stage5_xgboost_weighted_cuda,xgboost,weighted,cuda,valid,fn20_fp1,20:1,0.7643517581151222,0.255076422719225,0.15277853076714557,0.7567132116004296,0.2542288781632009,0.44,26776,15627,906,2818,20,1,33747
stage5_xgboost_weighted_cuda,xgboost,weighted,cuda,valid,fn20_fp1,20:1,0.7643517581151222,0.255076422719225,0.15538184681138228,0.7419441460794844,0.25695154840509626,0.45,27384,15019,961,2763,20,1,34239
stage5_xgboost_weighted_cuda,xgboost,weighted,cuda,valid,fn20_fp1,20:1,0.7643517581151222,0.255076422719225,0.1590219421101774,0.7317400644468314,0.26126558005752637,0.46,27992,14411,999,2725,20,1,34391
stage5_xgboost_weighted_cuda,xgboost,weighted,cuda,valid,fn20_fp1,20:1,0.7643517581151222,0.255076422719225,0.16145454545454546,0.715359828141783,0.2634493670886076,0.47,28567,13836,1060,2664,20,1,35036
stage5_xgboost_weighted_cuda,xgboost,weighted,cuda,valid,fn20_fp1,20:1,0.7643517581151222,0.255076422719225,0.16447326994521755,0.7013963480128894,0.26646263708237694,0.48,29134,13269,1112,2612,20,1,35509
stage5_xgboost_weighted_cuda,xgboost,weighted,cuda,valid,fn20_fp1,20:1,0.7643517581151222,0.255076422719225,0.1684729064039409,0.6887755102040817,0.27072668742413847,0.49,29743,12660,1159,2565,20,1,35840
stage5_xgboost_weighted_cuda,xgboost,weighted,cuda,valid,fn20_fp1,20:1,0.7643517581151222,0.255076422719225,0.17251981415687345,0.6780343716433942,0.2750544662309368,0.5,30292,12111,1199,2525,20,1,36091
stage5_xgboost_weighted_cuda,xgboost,weighted,cuda,valid,fn20_fp1,20:1,0.7643517581151222,0.255076422719225,0.17544483985765125,0.6619226638023631,0.27737144143130416,0.51,30818,11585,1259,2465,20,1,36765
stage5_xgboost_weighted_cuda,xgboost,weighted,cuda,valid,fn20_fp1,20:1,0.7643517581151222,0.255076422719225,0.17930115487118745,0.650375939849624,0.2811049210770659,0.52,31317,11086,1302,2422,20,1,37126
stage5_xgboost_weighted_cuda,xgboost,weighted,cuda,valid,fn20_fp1,20:1,0.7643517581151222,0.255076422719225,0.1827301489312447,0.635875402792696,0.2838817958400767,0.53,31812,10591,1356,2368,20,1,37711
stage5_xgboost_weighted_cuda,xgboost,weighted,cuda,valid,fn20_fp1,20:1,0.7643517581151222,0.255076422719225,0.18616677440206852,0.6186895810955961,0.2862111801242236,0.54,32331,10072,1420,2304,20,1,38472
stage5_xgboost_weighted_cuda,xgboost,weighted,cuda,valid,fn20_fp1,20:1,0.7643517581151222,0.255076422719225,0.19065752729119065,0.6049946294307197,0.2899427321279197,0.55,32839,9564,1471,2253,20,1,38984
stage5_xgboost_weighted_cuda,xgboost,weighted,cuda,valid,fn20_fp1,20:1,0.7643517581151222,0.255076422719225,0.195418627363935,0.591031149301826,0.29372122506172016,0.56,33341,9062,1523,2201,20,1,39522
stage5_xgboost_weighted_cuda,xgboost,weighted,cuda,valid,fn20_fp1,20:1,0.7643517581151222,0.255076422719225,0.19973890339425587,0.575187969924812,0.29651162790697677,0.57,33821,8582,1582,2142,20,1,40222
stage5_xgboost_weighted_cuda,xgboost,weighted,cuda,valid,fn20_fp1,20:1,0.7643517581151222,0.255076422719225,0.2036004304862538,0.5588077336197637,0.29845822875582645,0.58,34263,8140,1643,2081,20,1,41000
stage5_xgboost_weighted_cuda,xgboost,weighted,cuda,valid,fn20_fp1,20:1,0.7643517581151222,0.255076422719225,0.2093311312964492,0.5445757250268528,0.3024157470921563,0.59,34743,7660,1696,2028,20,1,41580
stage5_xgboost_weighted_cuda,xgboost,weighted,cuda,valid,fn20_fp1,20:1,0.7643517581151222,0.255076422719225,0.21414559721011334,0.5276584317937701,0.30465116279069765,0.6,35192,7211,1759,1965,20,1,42391
stage5_xgboost_weighted_cuda,xgboost,weighted,cuda,valid,fn20_fp1,20:1,0.7643517581151222,0.255076422719225,0.22007366482504603,0.5134264232008593,0.30808894618111504,0.61,35627,6776,1812,1912,20,1,43016
stage5_xgboost_weighted_cuda,xgboost,weighted,cuda,valid,fn20_fp1,20:1,0.7643517581151222,0.255076422719225,0.2246862434507128,0.49516648764769067,0.3091107199731791,0.62,36040,6363,1880,1844,20,1,43963
stage5_xgboost_weighted_cuda,xgboost,weighted,cuda,valid,fn20_fp1,20:1,0.7643517581151222,0.255076422719225,0.22929854024027904,0.47663802363050484,0.30963802878325336,0.63,36437,5966,1949,1775,20,1,44946
stage5_xgboost_weighted_cuda,xgboost,weighted,cuda,valid,fn20_fp1,20:1,0.7643517581151222,0.255076422719225,0.23387872954764197,0.4567669172932331,0.30935709739019734,0.64,36831,5572,2023,1701,20,1,46032
stage5_xgboost_weighted_cuda,xgboost,weighted,cuda,valid,fn20_fp1,20:1,0.7643517581151222,0.255076422719225,0.24065112186537616,0.44065520945220193,0.3112965948970881,0.65,37225,5178,2083,1641,20,1,46838
stage5_xgboost_weighted_cuda,xgboost,weighted,cuda,valid,fn20_fp1,20:1,0.7643517581151222,0.255076422719225,0.24683643180753007,0.4242749731471536,0.31209876543209875,0.66,37582,4821,2144,1580,20,1,47701
stage5_xgboost_weighted_cuda,xgboost,weighted,cuda,valid,fn20_fp1,20:1,0.7643517581151222,0.255076422719225,0.25406674492705017,0.4068206229860365,0.3127903375658099,0.67,37955,4448,2209,1515,20,1,48628
stage5_xgboost_weighted_cuda,xgboost,weighted,cuda,valid,fn20_fp1,20:1,0.7643517581151222,0.255076422719225,0.26246387283236994,0.390171858216971,0.31382289416846654,0.68,38320,4083,2271,1453,20,1,49503
stage5_xgboost_weighted_cuda,xgboost,weighted,cuda,valid,fn20_fp1,20:1,0.7643517581151222,0.255076422719225,0.26959921798631475,0.37030075187969924,0.31202624731304446,0.69,38667,3736,2345,1379,20,1,50636
stage5_xgboost_weighted_cuda,xgboost,weighted,cuda,valid,fn20_fp1,20:1,0.7643517581151222,0.255076422719225,0.27966998096044005,0.35499462943071963,0.3128623831499231,0.7,38998,3405,2402,1322,20,1,51445
stage5_xgboost_weighted_cuda,xgboost,weighted,cuda,valid,fn20_fp1,20:1,0.7643517581151222,0.255076422719225,0.2894736842105263,0.336734693877551,0.3113207547169811,0.71,39325,3078,2470,1254,20,1,52478
stage5_xgboost_weighted_cuda,xgboost,weighted,cuda,valid,fn20_fp1,20:1,0.7643517581151222,0.255076422719225,0.30045638945233266,0.3182062298603652,0.30907668231611896,0.72,39644,2759,2539,1185,20,1,53539
stage5_xgboost_weighted_cuda,xgboost,weighted,cuda,valid,fn20_fp1,20:1,0.7643517581151222,0.255076422719225,0.31260410882842865,0.3023630504833512,0.3073983073983074,0.73,39927,2476,2598,1126,20,1,54436
stage5_xgboost_weighted_cuda,xgboost,weighted,cuda,valid,fn20_fp1,20:1,0.7643517581151222,0.255076422719225,0.3255461165048544,0.28813104189044036,0.3056980056980057,0.74,40180,2223,2651,1073,20,1,55243
stage5_xgboost_weighted_cuda,xgboost,weighted,cuda,valid,fn20_fp1,20:1,0.7643517581151222,0.255076422719225,0.33691635875041986,0.2693340494092374,0.29935830473063724,0.75,40429,1974,2721,1003,20,1,56394
stage5_xgboost_weighted_cuda,xgboost,weighted,cuda,valid,fn20_fp1,20:1,0.7643517581151222,0.255076422719225,0.34928409947249434,0.24892588614393127,0.29068673565381,0.76,40676,1727,2797,927,20,1,57667
stage5_xgboost_weighted_cuda,xgboost,weighted,cuda,valid,fn20_fp1,20:1,0.7643517581151222,0.255076422719225,0.3584985238296078,0.22824919441460795,0.27891714520098443,0.77,40882,1521,2874,850,20,1,59001
stage5_xgboost_weighted_cuda,xgboost,weighted,cuda,valid,fn20_fp1,20:1,0.7643517581151222,0.255076422719225,0.367003367003367,0.20488721804511278,0.2629674306393245,0.78,41087,1316,2961,763,20,1,60536
stage5_xgboost_weighted_cuda,xgboost,weighted,cuda,valid,fn20_fp1,20:1,0.7643517581151222,0.255076422719225,0.37616183706943684,0.18474758324382384,0.24779398523320728,0.79,41262,1141,3036,688,20,1,61861
stage5_xgboost_weighted_cuda,xgboost,weighted,cuda,valid,fn20_fp1,20:1,0.7643517581151222,0.255076422719225,0.39424280350438046,0.16917293233082706,0.23675310033821872,0.8,41435,968,3094,630,20,1,62848
stage5_xgboost_weighted_cuda,xgboost,weighted,cuda,valid,fn20_fp1,20:1,0.7643517581151222,0.255076422719225,0.3968253968253968,0.1476906552094522,0.21526418786692758,0.81,41567,836,3174,550,20,1,64316
stage5_xgboost_weighted_cuda,xgboost,weighted,cuda,valid,fn20_fp1,20:1,0.7643517581151222,0.255076422719225,0.4145922746781116,0.12969924812030076,0.19758641849048886,0.82,41721,682,3241,483,20,1,65502
stage5_xgboost_weighted_cuda,xgboost,weighted,cuda,valid,fn20_fp1,20:1,0.7643517581151222,0.255076422719225,0.411340206185567,0.10714285714285714,0.170004260758415,0.83,41832,571,3325,399,20,1,67071
stage5_xgboost_weighted_cuda,xgboost,weighted,cuda,valid,fn20_fp1,20:1,0.7643517581151222,0.255076422719225,0.4241645244215938,0.08861439312567132,0.14660151043980454,0.84,41955,448,3394,330,20,1,68328
stage5_xgboost_weighted_cuda,xgboost,weighted,cuda,valid,fn20_fp1,20:1,0.7643517581151222,0.255076422719225,0.4479338842975207,0.07277121374865736,0.1252021252021252,0.85,42069,334,3453,271,20,1,69394
stage5_xgboost_weighted_cuda,xgboost,weighted,cuda,valid,fn20_fp1,20:1,0.7643517581151222,0.255076422719225,0.461864406779661,0.05853920515574651,0.10390848427073403,0.86,42149,254,3506,218,20,1,70374
stage5_xgboost_weighted_cuda,xgboost,weighted,cuda,valid,fn20_fp1,20:1,0.7643517581151222,0.255076422719225,0.49002849002849,0.04618689581095596,0.08441717791411044,0.87,42224,179,3552,172,20,1,71219
stage5_xgboost_weighted_cuda,xgboost,weighted,cuda,valid,fn20_fp1,20:1,0.7643517581151222,0.255076422719225,0.54,0.036251342642320085,0.06794162053346754,0.88,42288,115,3589,135,20,1,71895
stage5_xgboost_weighted_cuda,xgboost,weighted,cuda,valid,fn20_fp1,20:1,0.7643517581151222,0.255076422719225,0.532967032967033,0.026047261009667026,0.049667178699436765,0.89,42318,85,3627,97,20,1,72625
stage5_xgboost_weighted_cuda,xgboost,weighted,cuda,valid,fn20_fp1,20:1,0.7643517581151222,0.255076422719225,0.5877192982456141,0.01799140708915145,0.03491401771756123,0.9,42356,47,3657,67,20,1,73187
stage5_xgboost_weighted_cuda,xgboost,weighted,cuda,valid,fn20_fp1,20:1,0.7643517581151222,0.255076422719225,0.6956521739130435,0.01288936627282492,0.02530978117585025,0.91,42382,21,3676,48,20,1,73541
stage5_xgboost_weighted_cuda,xgboost,weighted,cuda,valid,fn20_fp1,20:1,0.7643517581151222,0.255076422719225,0.6785714285714286,0.00510204081632653,0.010127931769722815,0.92,42394,9,3705,19,20,1,74109
stage5_xgboost_weighted_cuda,xgboost,weighted,cuda,valid,fn20_fp1,20:1,0.7643517581151222,0.255076422719225,0.6666666666666666,0.0010741138560687433,0.0021447721179624667,0.93,42401,2,3720,4,20,1,74402
stage5_xgboost_weighted_cuda,xgboost,weighted,cuda,valid,fn20_fp1,20:1,0.7643517581151222,0.255076422719225,0.6666666666666666,0.0005370569280343716,0.0010732492621411322,0.94,42402,1,3722,2,20,1,74441
stage5_xgboost_weighted_cuda,xgboost,weighted,cuda,valid,fn20_fp1,20:1,0.7643517581151222,0.255076422719225,0.0,0.0,0.0,0.95,42403,0,3724,0,20,1,74480
stage5_xgboost_weighted_cuda,xgboost,weighted,cuda,valid,fn20_fp1,20:1,0.7643517581151222,0.255076422719225,0.0,0.0,0.0,0.96,42403,0,3724,0,20,1,74480
stage5_xgboost_weighted_cuda,xgboost,weighted,cuda,valid,fn20_fp1,20:1,0.7643517581151222,0.255076422719225,0.0,0.0,0.0,0.97,42403,0,3724,0,20,1,74480
stage5_xgboost_weighted_cuda,xgboost,weighted,cuda,valid,fn20_fp1,20:1,0.7643517581151222,0.255076422719225,0.0,0.0,0.0,0.98,42403,0,3724,0,20,1,74480
stage5_xgboost_weighted_cuda,xgboost,weighted,cuda,valid,fn20_fp1,20:1,0.7643517581151222,0.255076422719225,0.0,0.0,0.0,0.99,42403,0,3724,0,20,1,74480
stage5_xgboost_random_under_sample_cuda,xgboost,random_under_sample,cuda,valid,fn5_fp1,5:1,0.7613872932910909,0.251043604911434,0.08073362672621241,1.0,0.14940522757818298,0.01,0,42403,0,3724,5,1,42403
stage5_xgboost_random_under_sample_cuda,xgboost,random_under_sample,cuda,valid,fn5_fp1,5:1,0.7613872932910909,0.251043604911434,0.08073537701079651,1.0,0.14940822467402207,0.02,1,42402,0,3724,5,1,42402
stage5_xgboost_random_under_sample_cuda,xgboost,random_under_sample,cuda,valid,fn5_fp1,5:1,0.7613872932910909,0.251043604911434,0.08076164038949492,1.0,0.14945319554529948,0.03,16,42387,0,3724,5,1,42387
stage5_xgboost_random_under_sample_cuda,xgboost,random_under_sample,cuda,valid,fn5_fp1,5:1,0.7613872932910909,0.251043604911434,0.08083877830117003,1.0,0.1495852664136089,0.04,60,42343,0,3724,5,1,42343
stage5_xgboost_random_under_sample_cuda,xgboost,random_under_sample,cuda,valid,fn5_fp1,5:1,0.7613872932910909,0.251043604911434,0.08098997411974511,1.0,0.14984408007242733,0.05,146,42257,0,3724,5,1,42257
stage5_xgboost_random_under_sample_cuda,xgboost,random_under_sample,cuda,valid,fn5_fp1,5:1,0.7613872932910909,0.251043604911434,0.08124440953814605,1.0,0.1502794536026311,0.06,290,42113,0,3724,5,1,42113
stage5_xgboost_random_under_sample_cuda,xgboost,random_under_sample,cuda,valid,fn5_fp1,5:1,0.7613872932910909,0.251043604911434,0.0816201288738877,1.0,0.15092198581560284,0.07,501,41902,0,3724,5,1,41902
stage5_xgboost_random_under_sample_cuda,xgboost,random_under_sample,cuda,valid,fn5_fp1,5:1,0.7613872932910909,0.251043604911434,0.08207062352500055,0.9991944146079484,0.15168253062389173,0.08,785,41618,3,3721,5,1,41633
stage5_xgboost_random_under_sample_cuda,xgboost,random_under_sample,cuda,valid,fn5_fp1,5:1,0.7613872932910909,0.251043604911434,0.08257084480767522,0.9983888292158969,0.15252707581227437,0.09,1093,41310,6,3718,5,1,41340
stage5_xgboost_random_under_sample_cuda,xgboost,random_under_sample,cuda,valid,fn5_fp1,5:1,0.7613872932910909,0.251043604911434,0.08317457471367416,0.9965091299677766,0.15353426697834135,0.1,1497,40906,13,3711,5,1,40971
stage5_xgboost_random_under_sample_cuda,xgboost,random_under_sample,cuda,valid,fn5_fp1,5:1,0.7613872932910909,0.251043604911434,0.08399574246438843,0.9959720730397422,0.15492575343037948,0.11,1955,40448,15,3709,5,1,40523
stage5_xgboost_random_under_sample_cuda,xgboost,random_under_sample,cuda,valid,fn5_fp1,5:1,0.7613872932910909,0.251043604911434,0.08472518157032556,0.9930182599355531,0.1561292774060079,0.12,2454,39949,26,3698,5,1,40079
stage5_xgboost_random_under_sample_cuda,xgboost,random_under_sample,cuda,valid,fn5_fp1,5:1,0.7613872932910909,0.251043604911434,0.08563131606458357,0.9897959183673469,0.15762577775877185,0.13,3044,39359,38,3686,5,1,39549
stage5_xgboost_random_under_sample_cuda,xgboost,random_under_sample,cuda,valid,fn5_fp1,5:1,0.7613872932910909,0.251043604911434,0.08672278418334865,0.9876476906552094,0.1594451067519237,0.14,3670,38733,46,3678,5,1,38963
stage5_xgboost_random_under_sample_cuda,xgboost,random_under_sample,cuda,valid,fn5_fp1,5:1,0.7613872932910909,0.251043604911434,0.0878902509097874,0.9857679914070892,0.16139101380462498,0.15,4306,38097,53,3671,5,1,38362
stage5_xgboost_random_under_sample_cuda,xgboost,random_under_sample,cuda,valid,fn5_fp1,5:1,0.7613872932910909,0.251043604911434,0.0891284247408633,0.9836197636949516,0.16344652179733166,0.16,4968,37435,61,3663,5,1,37740
stage5_xgboost_random_under_sample_cuda,xgboost,random_under_sample,cuda,valid,fn5_fp1,5:1,0.7613872932910909,0.251043604911434,0.09044317900470414,0.9809344790547798,0.1656163576188965,0.17,5666,36737,71,3653,5,1,37092
stage5_xgboost_random_under_sample_cuda,xgboost,random_under_sample,cuda,valid,fn5_fp1,5:1,0.7613872932910909,0.251043604911434,0.09186993920742628,0.9779806659505907,0.16796181428274956,0.18,6402,36001,82,3642,5,1,36411
stage5_xgboost_random_under_sample_cuda,xgboost,random_under_sample,cuda,valid,fn5_fp1,5:1,0.7613872932910909,0.251043604911434,0.09317521158644818,0.972610096670247,0.17005892433739464,0.19,7152,35251,102,3622,5,1,35761
stage5_xgboost_random_under_sample_cuda,xgboost,random_under_sample,cuda,valid,fn5_fp1,5:1,0.7613872932910909,0.251043604911434,0.09490029163710885,0.9699248120300752,0.1728850065813091,0.2,7954,34449,112,3612,5,1,35009
stage5_xgboost_random_under_sample_cuda,xgboost,random_under_sample,cuda,valid,fn5_fp1,5:1,0.7613872932910909,0.251043604911434,0.09643020226167773,0.9640171858216972,0.175322931164994,0.21,8764,33639,134,3590,5,1,34309
stage5_xgboost_random_under_sample_cuda,xgboost,random_under_sample,cuda,valid,fn5_fp1,5:1,0.7613872932910909,0.251043604911434,0.0981027429230389,0.959452201933405,0.1780047328434425,0.22,9555,32848,151,3573,5,1,33603
stage5_xgboost_random_under_sample_cuda,xgboost,random_under_sample,cuda,valid,fn5_fp1,5:1,0.7613872932910909,0.251043604911434,0.0998847699614963,0.9543501611170784,0.1808421320442692,0.23,10376,32027,170,3554,5,1,32877
stage5_xgboost_random_under_sample_cuda,xgboost,random_under_sample,cuda,valid,fn5_fp1,5:1,0.7613872932910909,0.251043604911434,0.10166417136934239,0.9481740064446831,0.18363844393592677,0.24,11202,31201,193,3531,5,1,32166
stage5_xgboost_random_under_sample_cuda,xgboost,random_under_sample,cuda,valid,fn5_fp1,5:1,0.7613872932910909,0.251043604911434,0.10342178358253058,0.9398496240601504,0.18633871053612308,0.25,12061,30342,224,3500,5,1,31462
stage5_xgboost_random_under_sample_cuda,xgboost,random_under_sample,cuda,valid,fn5_fp1,5:1,0.7613872932910909,0.251043604911434,0.1053268765133172,0.9344790547798066,0.18931563486018932,0.26,12843,29560,244,3480,5,1,30780
stage5_xgboost_random_under_sample_cuda,xgboost,random_under_sample,cuda,valid,fn5_fp1,5:1,0.7613872932910909,0.251043604911434,0.1072548350045013,0.927765843179377,0.19228093608258898,0.27,13645,28758,269,3455,5,1,30103
stage5_xgboost_random_under_sample_cuda,xgboost,random_under_sample,cuda,valid,fn5_fp1,5:1,0.7613872932910909,0.251043604911434,0.10933265312629531,0.9207841031149302,0.19545700686864081,0.28,14469,27934,295,3429,5,1,29409
stage5_xgboost_random_under_sample_cuda,xgboost,random_under_sample,cuda,valid,fn5_fp1,5:1,0.7613872932910909,0.251043604911434,0.11103477606569176,0.9113856068743287,0.19795281560759384,0.29,15230,27173,330,3394,5,1,28823
stage5_xgboost_random_under_sample_cuda,xgboost,random_under_sample,cuda,valid,fn5_fp1,5:1,0.7613872932910909,0.251043604911434,0.11303003830387742,0.9033297529538131,0.20091978737382787,0.3,16005,26398,360,3364,5,1,28198
stage5_xgboost_random_under_sample_cuda,xgboost,random_under_sample,cuda,valid,fn5_fp1,5:1,0.7613872932910909,0.251043604911434,0.11480164347615923,0.8928571428571429,0.2034447945666473,0.31,16765,25638,399,3325,5,1,27633
stage5_xgboost_random_under_sample_cuda,xgboost,random_under_sample,cuda,valid,fn5_fp1,5:1,0.7613872932910909,0.251043604911434,0.11694620758129144,0.8856068743286788,0.20660924040720438,0.32,17500,24903,426,3298,5,1,27033
stage5_xgboost_random_under_sample_cuda,xgboost,random_under_sample,cuda,valid,fn5_fp1,5:1,0.7613872932910909,0.251043604911434,0.11927341698278378,0.8780880773361976,0.21001926782273603,0.33,18257,24146,454,3270,5,1,26416
stage5_xgboost_random_under_sample_cuda,xgboost,random_under_sample,cuda,valid,fn5_fp1,5:1,0.7613872932910909,0.251043604911434,0.12177537456347866,0.8708378088077336,0.2136715532861143,0.34,19015,23388,481,3243,5,1,25793
stage5_xgboost_random_under_sample_cuda,xgboost,random_under_sample,cuda,valid,fn5_fp1,5:1,0.7613872932910909,0.251043604911434,0.12389312091566451,0.8603651987110634,0.21659624809869865,0.35,19746,22657,520,3204,5,1,25257
stage5_xgboost_random_under_sample_cuda,xgboost,random_under_sample,cuda,valid,fn5_fp1,5:1,0.7613872932910909,0.251043604911434,0.1263873970640888,0.8531149301825993,0.22015869166002563,0.36,20443,21960,547,3177,5,1,24695
stage5_xgboost_random_under_sample_cuda,xgboost,random_under_sample,cuda,valid,fn5_fp1,5:1,0.7613872932910909,0.251043604911434,0.12839303991811668,0.8421052631578947,0.2228143095669473,0.37,21114,21289,588,3136,5,1,24229
stage5_xgboost_random_under_sample_cuda,xgboost,random_under_sample,cuda,valid,fn5_fp1,5:1,0.7613872932910909,0.251043604911434,0.13090817015530049,0.8329752953813104,0.2262582056892779,0.38,21809,20594,622,3102,5,1,23704
stage5_xgboost_random_under_sample_cuda,xgboost,random_under_sample,cuda,valid,fn5_fp1,5:1,0.7613872932910909,0.251043604911434,0.13358579263515277,0.8241138560687433,0.2299048617873998,0.39,22498,19905,655,3069,5,1,23180
stage5_xgboost_random_under_sample_cuda,xgboost,random_under_sample,cuda,valid,fn5_fp1,5:1,0.7613872932910909,0.251043604911434,0.13649851632047477,0.8152524167561761,0.23384425787568358,0.4,23197,19206,688,3036,5,1,22646
stage5_xgboost_random_under_sample_cuda,xgboost,random_under_sample,cuda,valid,fn5_fp1,5:1,0.7613872932910909,0.251043604911434,0.13879614171767762,0.8037056928034372,0.23671306548560583,0.41,23832,18571,731,2993,5,1,22226
stage5_xgboost_random_under_sample_cuda,xgboost,random_under_sample,cuda,valid,fn5_fp1,5:1,0.7613872932910909,0.251043604911434,0.141552293051504,0.7948442534908701,0.2403085041607469,0.42,24452,17951,764,2960,5,1,21771
stage5_xgboost_random_under_sample_cuda,xgboost,random_under_sample,cuda,valid,fn5_fp1,5:1,0.7613872932910909,0.251043604911434,0.14353569838206917,0.7790010741138561,0.2424065176519741,0.43,25093,17310,823,2901,5,1,21425
stage5_xgboost_random_under_sample_cuda,xgboost,random_under_sample,cuda,valid,fn5_fp1,5:1,0.7613872932910909,0.251043604911434,0.1466161564451725,0.7690655209452202,0.24628084960013757,0.44,25733,16670,860,2864,5,1,20970
stage5_xgboost_random_under_sample_cuda,xgboost,random_under_sample,cuda,valid,fn5_fp1,5:1,0.7613872932910909,0.251043604911434,0.14924503311258278,0.7564446831364124,0.24930306650736758,0.45,26345,16058,907,2817,5,1,20593
stage5_xgboost_random_under_sample_cuda,xgboost,random_under_sample,cuda,valid,fn5_fp1,5:1,0.7613872932910909,0.251043604911434,0.1512872591535379,0.7400644468313641,0.25121917870653115,0.46,26942,15461,968,2756,5,1,20301
stage5_xgboost_random_under_sample_cuda,xgboost,random_under_sample,cuda,valid,fn5_fp1,5:1,0.7613872932910909,0.251043604911434,0.15385492050829108,0.7250268528464017,0.25384289945000704,0.47,27554,14849,1024,2700,5,1,19969
stage5_xgboost_random_under_sample_cuda,xgboost,random_under_sample,cuda,valid,fn5_fp1,5:1,0.7613872932910909,0.251043604911434,0.15712005674765028,0.7137486573576799,0.25754566154740566,0.48,28144,14259,1066,2658,5,1,19589
stage5_xgboost_random_under_sample_cuda,xgboost,random_under_sample,cuda,valid,fn5_fp1,5:1,0.7613872932910909,0.251043604911434,0.16042025067584173,0.7011278195488722,0.2611,0.49,28738,13665,1113,2611,5,1,19230
stage5_xgboost_random_under_sample_cuda,xgboost,random_under_sample,cuda,valid,fn5_fp1,5:1,0.7613872932910909,0.251043604911434,0.16331210191082804,0.6885069817400644,0.26400329489291596,0.5,29267,13136,1160,2564,5,1,18936
stage5_xgboost_random_under_sample_cuda,xgboost,random_under_sample,cuda,valid,fn5_fp1,5:1,0.7613872932910909,0.251043604911434,0.16715328467153284,0.6764232008592911,0.2680642758327126,0.51,29852,12551,1205,2519,5,1,18576
stage5_xgboost_random_under_sample_cuda,xgboost,random_under_sample,cuda,valid,fn5_fp1,5:1,0.7613872932910909,0.251043604911434,0.1712229220015226,0.6643394199785178,0.27227205194519344,0.52,30428,11975,1250,2474,5,1,18225
stage5_xgboost_random_under_sample_cuda,xgboost,random_under_sample,cuda,valid,fn5_fp1,5:1,0.7613872932910909,0.251043604911434,0.17552230174221065,0.6519871106337272,0.2765848379563707,0.53,30998,11405,1296,2428,5,1,17885
stage5_xgboost_random_under_sample_cuda,xgboost,random_under_sample,cuda,valid,fn5_fp1,5:1,0.7613872932910909,0.251043604911434,0.17964795648560852,0.6385606874328679,0.28040799481162665,0.54,31544,10859,1346,2378,5,1,17589
stage5_xgboost_random_under_sample_cuda,xgboost,random_under_sample,cuda,valid,fn5_fp1,5:1,0.7613872932910909,0.251043604911434,0.18345437322387118,0.6240601503759399,0.28355295265983405,0.55,32059,10344,1400,2324,5,1,17344
stage5_xgboost_random_under_sample_cuda,xgboost,random_under_sample,cuda,valid,fn5_fp1,5:1,0.7613872932910909,0.251043604911434,0.18867142146292917,0.6109022556390977,0.2883031301482702,0.56,32620,9783,1449,2275,5,1,17028
stage5_xgboost_random_under_sample_cuda,xgboost,random_under_sample,cuda,valid,fn5_fp1,5:1,0.7613872932910909,0.251043604911434,0.19287266405910475,0.5958646616541353,0.29141768993367917,0.57,33117,9286,1505,2219,5,1,16811
stage5_xgboost_random_under_sample_cuda,xgboost,random_under_sample,cuda,valid,fn5_fp1,5:1,0.7613872932910909,0.251043604911434,0.19692954400073107,0.5786788399570354,0.29385695779641374,0.58,33615,8788,1569,2155,5,1,16633
stage5_xgboost_random_under_sample_cuda,xgboost,random_under_sample,cuda,valid,fn5_fp1,5:1,0.7613872932910909,0.251043604911434,0.2012265235722499,0.5639097744360902,0.2966101694915254,0.59,34067,8336,1624,2100,5,1,16456
stage5_xgboost_random_under_sample_cuda,xgboost,random_under_sample,cuda,valid,fn5_fp1,5:1,0.7613872932910909,0.251043604911434,0.20624685138539042,0.5496777658431794,0.29994871419151586,0.6,34525,7878,1677,2047,5,1,16263
stage5_xgboost_random_under_sample_cuda,xgboost,random_under_sample,cuda,valid,fn5_fp1,5:1,0.7613872932910909,0.251043604911434,0.2107941893754639,0.5338345864661654,0.3022424933485367,0.61,34960,7443,1736,1988,5,1,16123
stage5_xgboost_random_under_sample_cuda,xgboost,random_under_sample,cuda,valid,fn5_fp1,5:1,0.7613872932910909,0.251043604911434,0.21554137274661292,0.5169172932330827,0.30422757803239825,0.62,35397,7006,1799,1925,5,1,16001
stage5_xgboost_random_under_sample_cuda,xgboost,random_under_sample,cuda,valid,fn5_fp1,5:1,0.7613872932910909,0.251043604911434,0.22161714218065584,0.5026852846401718,0.3076164653684989,0.63,35828,6575,1852,1872,5,1,15835
stage5_xgboost_random_under_sample_cuda,xgboost,random_under_sample,cuda,valid,fn5_fp1,5:1,0.7613872932910909,0.251043604911434,0.22544080604534006,0.4806659505907626,0.3069272976680384,0.64,36253,6150,1934,1790,5,1,15820
stage5_xgboost_random_under_sample_cuda,xgboost,random_under_sample,cuda,valid,fn5_fp1,5:1,0.7613872932910909,0.251043604911434,0.2314060622245961,0.465359828141783,0.30910550254169267,0.65,36647,5756,1991,1733,5,1,15711
stage5_xgboost_random_under_sample_cuda,xgboost,random_under_sample,cuda,valid,fn5_fp1,5:1,0.7613872932910909,0.251043604911434,0.2387380986215717,0.45112781954887216,0.31223863953164205,0.66,37046,5357,2044,1680,5,1,15577
stage5_xgboost_random_under_sample_cuda,xgboost,random_under_sample,cuda,valid,fn5_fp1,5:1,0.7613872932910909,0.251043604911434,0.24429327286470143,0.4339419978517723,0.3126027662249734,0.67,37404,4999,2108,1616,5,1,15539
stage5_xgboost_random_under_sample_cuda,xgboost,random_under_sample,cuda,valid,fn5_fp1,5:1,0.7613872932910909,0.251043604911434,0.2506451612903226,0.41729323308270677,0.313180169286578,0.68,37757,4646,2170,1554,5,1,15496
stage5_xgboost_random_under_sample_cuda,xgboost,random_under_sample,cuda,valid,fn5_fp1,5:1,0.7613872932910909,0.251043604911434,0.2586416536390481,0.3998388829215897,0.3141018879864993,0.69,38135,4268,2235,1489,5,1,15443
stage5_xgboost_random_under_sample_cuda,xgboost,random_under_sample,cuda,valid,fn5_fp1,5:1,0.7613872932910909,0.251043604911434,0.2653328347045624,0.38104189044038667,0.31283068783068785,0.7,38474,3929,2305,1419,5,1,15454
stage5_xgboost_random_under_sample_cuda,xgboost,random_under_sample,cuda,valid,fn5_fp1,5:1,0.7613872932910909,0.251043604911434,0.27174131351677044,0.3633190118152524,0.3109272664598414,0.71,38777,3626,2371,1353,5,1,15481
stage5_xgboost_random_under_sample_cuda,xgboost,random_under_sample,cuda,valid,fn5_fp1,5:1,0.7613872932910909,0.251043604911434,0.28097201128227384,0.34774436090225563,0.3108124324972999,0.72,39089,3314,2429,1295,5,1,15459
stage5_xgboost_random_under_sample_cuda,xgboost,random_under_sample,cuda,valid,fn5_fp1,5:1,0.7613872932910909,0.251043604911434,0.2908151280244303,0.332438238453276,0.3102368124295201,0.73,39384,3019,2486,1238,5,1,15449
stage5_xgboost_random_under_sample_cuda,xgboost,random_under_sample,cuda,valid,fn5_fp1,5:1,0.7613872932910909,0.251043604911434,0.30256410256410254,0.31686358754027927,0.3095487932843652,0.74,39683,2720,2544,1180,5,1,15440
stage5_xgboost_random_under_sample_cuda,xgboost,random_under_sample,cuda,valid,fn5_fp1,5:1,0.7613872932910909,0.251043604911434,0.3108298171589311,0.2967239527389903,0.3036131336722077,0.75,39953,2450,2619,1105,5,1,15545
stage5_xgboost_random_under_sample_cuda,xgboost,random_under_sample,cuda,valid,fn5_fp1,5:1,0.7613872932910909,0.251043604911434,0.3201350521792511,0.2800751879699248,0.2987682612431968,0.76,40188,2215,2681,1043,5,1,15620
stage5_xgboost_random_under_sample_cuda,xgboost,random_under_sample,cuda,valid,fn5_fp1,5:1,0.7613872932910909,0.251043604911434,0.3302938196555218,0.26262083780880774,0.2925953627524308,0.77,40420,1983,2746,978,5,1,15713
stage5_xgboost_random_under_sample_cuda,xgboost,random_under_sample,cuda,valid,fn5_fp1,5:1,0.7613872932910909,0.251043604911434,0.34097744360902255,0.24355531686358753,0.2841478696741855,0.78,40650,1753,2817,907,5,1,15838
stage5_xgboost_random_under_sample_cuda,xgboost,random_under_sample,cuda,valid,fn5_fp1,5:1,0.7613872932910909,0.251043604911434,0.3533136344449135,0.22475832438238452,0.27474150664697194,0.79,40871,1532,2887,837,5,1,15967
stage5_xgboost_random_under_sample_cuda,xgboost,random_under_sample,cuda,valid,fn5_fp1,5:1,0.7613872932910909,0.251043604911434,0.3656117146905999,0.20784103114930183,0.2650231124807396,0.8,41060,1343,2950,774,5,1,16093
stage5_xgboost_random_under_sample_cuda,xgboost,random_under_sample,cuda,valid,fn5_fp1,5:1,0.7613872932910909,0.251043604911434,0.37126376507603565,0.19011815252416756,0.25146510388918486,0.81,41204,1199,3016,708,5,1,16279
stage5_xgboost_random_under_sample_cuda,xgboost,random_under_sample,cuda,valid,fn5_fp1,5:1,0.7613872932910909,0.251043604911434,0.3856882959369315,0.17078410311493017,0.2367392518146287,0.82,41390,1013,3088,636,5,1,16453
stage5_xgboost_random_under_sample_cuda,xgboost,random_under_sample,cuda,valid,fn5_fp1,5:1,0.7613872932910909,0.251043604911434,0.39389638041163944,0.14903329752953814,0.2162478082992402,0.83,41549,854,3169,555,5,1,16699
stage5_xgboost_random_under_sample_cuda,xgboost,random_under_sample,cuda,valid,fn5_fp1,5:1,0.7613872932910909,0.251043604911434,0.40298507462686567,0.13050483351235231,0.1971602434077079,0.84,41683,720,3238,486,5,1,16910
stage5_xgboost_random_under_sample_cuda,xgboost,random_under_sample,cuda,valid,fn5_fp1,5:1,0.7613872932910909,0.251043604911434,0.4103585657370518,0.11063372717508056,0.17428087986463622,0.85,41811,592,3312,412,5,1,17152
stage5_xgboost_random_under_sample_cuda,xgboost,random_under_sample,cuda,valid,fn5_fp1,5:1,0.7613872932910909,0.251043604911434,0.4272959183673469,0.08995703544575726,0.14862466725820764,0.86,41954,449,3389,335,5,1,17394
stage5_xgboost_random_under_sample_cuda,xgboost,random_under_sample,cuda,valid,fn5_fp1,5:1,0.7613872932910909,0.251043604911434,0.44549763033175355,0.0757250268528464,0.12944686711039707,0.87,42052,351,3442,282,5,1,17561
stage5_xgboost_random_under_sample_cuda,xgboost,random_under_sample,cuda,valid,fn5_fp1,5:1,0.7613872932910909,0.251043604911434,0.4491869918699187,0.059344790547798065,0.10483870967741936,0.88,42132,271,3503,221,5,1,17786
stage5_xgboost_random_under_sample_cuda,xgboost,random_under_sample,cuda,valid,fn5_fp1,5:1,0.7613872932910909,0.251043604911434,0.47956403269754766,0.047261009667024706,0.08604253238816915,0.89,42212,191,3548,176,5,1,17931
stage5_xgboost_random_under_sample_cuda,xgboost,random_under_sample,cuda,valid,fn5_fp1,5:1,0.7613872932910909,0.251043604911434,0.49612403100775193,0.034371643394199784,0.06428930185836264,0.9,42273,130,3596,128,5,1,18110
stage5_xgboost_random_under_sample_cuda,xgboost,random_under_sample,cuda,valid,fn5_fp1,5:1,0.7613872932910909,0.251043604911434,0.5286624203821656,0.02228786251342642,0.042772481319247616,0.91,42329,74,3641,83,5,1,18279
stage5_xgboost_random_under_sample_cuda,xgboost,random_under_sample,cuda,valid,fn5_fp1,5:1,0.7613872932910909,0.251043604911434,0.574468085106383,0.014500537056928034,0.028287061288632794,0.92,42363,40,3670,54,5,1,18390
stage5_xgboost_random_under_sample_cuda,xgboost,random_under_sample,cuda,valid,fn5_fp1,5:1,0.7613872932910909,0.251043604911434,0.6222222222222222,0.007518796992481203,0.014858052533828601,0.93,42386,17,3696,28,5,1,18497
stage5_xgboost_random_under_sample_cuda,xgboost,random_under_sample,cuda,valid,fn5_fp1,5:1,0.7613872932910909,0.251043604911434,0.75,0.00322234156820623,0.006417112299465241,0.94,42399,4,3712,12,5,1,18564
stage5_xgboost_random_under_sample_cuda,xgboost,random_under_sample,cuda,valid,fn5_fp1,5:1,0.7613872932910909,0.251043604911434,1.0,0.0005370569280343716,0.0010735373054213634,0.95,42403,0,3722,2,5,1,18610
stage5_xgboost_random_under_sample_cuda,xgboost,random_under_sample,cuda,valid,fn5_fp1,5:1,0.7613872932910909,0.251043604911434,0.0,0.0,0.0,0.96,42403,0,3724,0,5,1,18620
stage5_xgboost_random_under_sample_cuda,xgboost,random_under_sample,cuda,valid,fn5_fp1,5:1,0.7613872932910909,0.251043604911434,0.0,0.0,0.0,0.97,42403,0,3724,0,5,1,18620
stage5_xgboost_random_under_sample_cuda,xgboost,random_under_sample,cuda,valid,fn5_fp1,5:1,0.7613872932910909,0.251043604911434,0.0,0.0,0.0,0.98,42403,0,3724,0,5,1,18620
stage5_xgboost_random_under_sample_cuda,xgboost,random_under_sample,cuda,valid,fn5_fp1,5:1,0.7613872932910909,0.251043604911434,0.0,0.0,0.0,0.99,42403,0,3724,0,5,1,18620
stage5_xgboost_random_under_sample_cuda,xgboost,random_under_sample,cuda,valid,fn10_fp1,10:1,0.7613872932910909,0.251043604911434,0.08073362672621241,1.0,0.14940522757818298,0.01,0,42403,0,3724,10,1,42403
stage5_xgboost_random_under_sample_cuda,xgboost,random_under_sample,cuda,valid,fn10_fp1,10:1,0.7613872932910909,0.251043604911434,0.08073537701079651,1.0,0.14940822467402207,0.02,1,42402,0,3724,10,1,42402
stage5_xgboost_random_under_sample_cuda,xgboost,random_under_sample,cuda,valid,fn10_fp1,10:1,0.7613872932910909,0.251043604911434,0.08076164038949492,1.0,0.14945319554529948,0.03,16,42387,0,3724,10,1,42387
stage5_xgboost_random_under_sample_cuda,xgboost,random_under_sample,cuda,valid,fn10_fp1,10:1,0.7613872932910909,0.251043604911434,0.08083877830117003,1.0,0.1495852664136089,0.04,60,42343,0,3724,10,1,42343
stage5_xgboost_random_under_sample_cuda,xgboost,random_under_sample,cuda,valid,fn10_fp1,10:1,0.7613872932910909,0.251043604911434,0.08098997411974511,1.0,0.14984408007242733,0.05,146,42257,0,3724,10,1,42257
stage5_xgboost_random_under_sample_cuda,xgboost,random_under_sample,cuda,valid,fn10_fp1,10:1,0.7613872932910909,0.251043604911434,0.08124440953814605,1.0,0.1502794536026311,0.06,290,42113,0,3724,10,1,42113
stage5_xgboost_random_under_sample_cuda,xgboost,random_under_sample,cuda,valid,fn10_fp1,10:1,0.7613872932910909,0.251043604911434,0.0816201288738877,1.0,0.15092198581560284,0.07,501,41902,0,3724,10,1,41902
stage5_xgboost_random_under_sample_cuda,xgboost,random_under_sample,cuda,valid,fn10_fp1,10:1,0.7613872932910909,0.251043604911434,0.08207062352500055,0.9991944146079484,0.15168253062389173,0.08,785,41618,3,3721,10,1,41648
stage5_xgboost_random_under_sample_cuda,xgboost,random_under_sample,cuda,valid,fn10_fp1,10:1,0.7613872932910909,0.251043604911434,0.08257084480767522,0.9983888292158969,0.15252707581227437,0.09,1093,41310,6,3718,10,1,41370
stage5_xgboost_random_under_sample_cuda,xgboost,random_under_sample,cuda,valid,fn10_fp1,10:1,0.7613872932910909,0.251043604911434,0.08317457471367416,0.9965091299677766,0.15353426697834135,0.1,1497,40906,13,3711,10,1,41036
stage5_xgboost_random_under_sample_cuda,xgboost,random_under_sample,cuda,valid,fn10_fp1,10:1,0.7613872932910909,0.251043604911434,0.08399574246438843,0.9959720730397422,0.15492575343037948,0.11,1955,40448,15,3709,10,1,40598
stage5_xgboost_random_under_sample_cuda,xgboost,random_under_sample,cuda,valid,fn10_fp1,10:1,0.7613872932910909,0.251043604911434,0.08472518157032556,0.9930182599355531,0.1561292774060079,0.12,2454,39949,26,3698,10,1,40209
stage5_xgboost_random_under_sample_cuda,xgboost,random_under_sample,cuda,valid,fn10_fp1,10:1,0.7613872932910909,0.251043604911434,0.08563131606458357,0.9897959183673469,0.15762577775877185,0.13,3044,39359,38,3686,10,1,39739
stage5_xgboost_random_under_sample_cuda,xgboost,random_under_sample,cuda,valid,fn10_fp1,10:1,0.7613872932910909,0.251043604911434,0.08672278418334865,0.9876476906552094,0.1594451067519237,0.14,3670,38733,46,3678,10,1,39193
stage5_xgboost_random_under_sample_cuda,xgboost,random_under_sample,cuda,valid,fn10_fp1,10:1,0.7613872932910909,0.251043604911434,0.0878902509097874,0.9857679914070892,0.16139101380462498,0.15,4306,38097,53,3671,10,1,38627
stage5_xgboost_random_under_sample_cuda,xgboost,random_under_sample,cuda,valid,fn10_fp1,10:1,0.7613872932910909,0.251043604911434,0.0891284247408633,0.9836197636949516,0.16344652179733166,0.16,4968,37435,61,3663,10,1,38045
stage5_xgboost_random_under_sample_cuda,xgboost,random_under_sample,cuda,valid,fn10_fp1,10:1,0.7613872932910909,0.251043604911434,0.09044317900470414,0.9809344790547798,0.1656163576188965,0.17,5666,36737,71,3653,10,1,37447
stage5_xgboost_random_under_sample_cuda,xgboost,random_under_sample,cuda,valid,fn10_fp1,10:1,0.7613872932910909,0.251043604911434,0.09186993920742628,0.9779806659505907,0.16796181428274956,0.18,6402,36001,82,3642,10,1,36821
stage5_xgboost_random_under_sample_cuda,xgboost,random_under_sample,cuda,valid,fn10_fp1,10:1,0.7613872932910909,0.251043604911434,0.09317521158644818,0.972610096670247,0.17005892433739464,0.19,7152,35251,102,3622,10,1,36271
stage5_xgboost_random_under_sample_cuda,xgboost,random_under_sample,cuda,valid,fn10_fp1,10:1,0.7613872932910909,0.251043604911434,0.09490029163710885,0.9699248120300752,0.1728850065813091,0.2,7954,34449,112,3612,10,1,35569
stage5_xgboost_random_under_sample_cuda,xgboost,random_under_sample,cuda,valid,fn10_fp1,10:1,0.7613872932910909,0.251043604911434,0.09643020226167773,0.9640171858216972,0.175322931164994,0.21,8764,33639,134,3590,10,1,34979
stage5_xgboost_random_under_sample_cuda,xgboost,random_under_sample,cuda,valid,fn10_fp1,10:1,0.7613872932910909,0.251043604911434,0.0981027429230389,0.959452201933405,0.1780047328434425,0.22,9555,32848,151,3573,10,1,34358
stage5_xgboost_random_under_sample_cuda,xgboost,random_under_sample,cuda,valid,fn10_fp1,10:1,0.7613872932910909,0.251043604911434,0.0998847699614963,0.9543501611170784,0.1808421320442692,0.23,10376,32027,170,3554,10,1,33727
stage5_xgboost_random_under_sample_cuda,xgboost,random_under_sample,cuda,valid,fn10_fp1,10:1,0.7613872932910909,0.251043604911434,0.10166417136934239,0.9481740064446831,0.18363844393592677,0.24,11202,31201,193,3531,10,1,33131
stage5_xgboost_random_under_sample_cuda,xgboost,random_under_sample,cuda,valid,fn10_fp1,10:1,0.7613872932910909,0.251043604911434,0.10342178358253058,0.9398496240601504,0.18633871053612308,0.25,12061,30342,224,3500,10,1,32582
stage5_xgboost_random_under_sample_cuda,xgboost,random_under_sample,cuda,valid,fn10_fp1,10:1,0.7613872932910909,0.251043604911434,0.1053268765133172,0.9344790547798066,0.18931563486018932,0.26,12843,29560,244,3480,10,1,32000
stage5_xgboost_random_under_sample_cuda,xgboost,random_under_sample,cuda,valid,fn10_fp1,10:1,0.7613872932910909,0.251043604911434,0.1072548350045013,0.927765843179377,0.19228093608258898,0.27,13645,28758,269,3455,10,1,31448
stage5_xgboost_random_under_sample_cuda,xgboost,random_under_sample,cuda,valid,fn10_fp1,10:1,0.7613872932910909,0.251043604911434,0.10933265312629531,0.9207841031149302,0.19545700686864081,0.28,14469,27934,295,3429,10,1,30884
stage5_xgboost_random_under_sample_cuda,xgboost,random_under_sample,cuda,valid,fn10_fp1,10:1,0.7613872932910909,0.251043604911434,0.11103477606569176,0.9113856068743287,0.19795281560759384,0.29,15230,27173,330,3394,10,1,30473
stage5_xgboost_random_under_sample_cuda,xgboost,random_under_sample,cuda,valid,fn10_fp1,10:1,0.7613872932910909,0.251043604911434,0.11303003830387742,0.9033297529538131,0.20091978737382787,0.3,16005,26398,360,3364,10,1,29998
stage5_xgboost_random_under_sample_cuda,xgboost,random_under_sample,cuda,valid,fn10_fp1,10:1,0.7613872932910909,0.251043604911434,0.11480164347615923,0.8928571428571429,0.2034447945666473,0.31,16765,25638,399,3325,10,1,29628
stage5_xgboost_random_under_sample_cuda,xgboost,random_under_sample,cuda,valid,fn10_fp1,10:1,0.7613872932910909,0.251043604911434,0.11694620758129144,0.8856068743286788,0.20660924040720438,0.32,17500,24903,426,3298,10,1,29163
stage5_xgboost_random_under_sample_cuda,xgboost,random_under_sample,cuda,valid,fn10_fp1,10:1,0.7613872932910909,0.251043604911434,0.11927341698278378,0.8780880773361976,0.21001926782273603,0.33,18257,24146,454,3270,10,1,28686
stage5_xgboost_random_under_sample_cuda,xgboost,random_under_sample,cuda,valid,fn10_fp1,10:1,0.7613872932910909,0.251043604911434,0.12177537456347866,0.8708378088077336,0.2136715532861143,0.34,19015,23388,481,3243,10,1,28198
stage5_xgboost_random_under_sample_cuda,xgboost,random_under_sample,cuda,valid,fn10_fp1,10:1,0.7613872932910909,0.251043604911434,0.12389312091566451,0.8603651987110634,0.21659624809869865,0.35,19746,22657,520,3204,10,1,27857
stage5_xgboost_random_under_sample_cuda,xgboost,random_under_sample,cuda,valid,fn10_fp1,10:1,0.7613872932910909,0.251043604911434,0.1263873970640888,0.8531149301825993,0.22015869166002563,0.36,20443,21960,547,3177,10,1,27430
stage5_xgboost_random_under_sample_cuda,xgboost,random_under_sample,cuda,valid,fn10_fp1,10:1,0.7613872932910909,0.251043604911434,0.12839303991811668,0.8421052631578947,0.2228143095669473,0.37,21114,21289,588,3136,10,1,27169
stage5_xgboost_random_under_sample_cuda,xgboost,random_under_sample,cuda,valid,fn10_fp1,10:1,0.7613872932910909,0.251043604911434,0.13090817015530049,0.8329752953813104,0.2262582056892779,0.38,21809,20594,622,3102,10,1,26814
stage5_xgboost_random_under_sample_cuda,xgboost,random_under_sample,cuda,valid,fn10_fp1,10:1,0.7613872932910909,0.251043604911434,0.13358579263515277,0.8241138560687433,0.2299048617873998,0.39,22498,19905,655,3069,10,1,26455
stage5_xgboost_random_under_sample_cuda,xgboost,random_under_sample,cuda,valid,fn10_fp1,10:1,0.7613872932910909,0.251043604911434,0.13649851632047477,0.8152524167561761,0.23384425787568358,0.4,23197,19206,688,3036,10,1,26086
stage5_xgboost_random_under_sample_cuda,xgboost,random_under_sample,cuda,valid,fn10_fp1,10:1,0.7613872932910909,0.251043604911434,0.13879614171767762,0.8037056928034372,0.23671306548560583,0.41,23832,18571,731,2993,10,1,25881
stage5_xgboost_random_under_sample_cuda,xgboost,random_under_sample,cuda,valid,fn10_fp1,10:1,0.7613872932910909,0.251043604911434,0.141552293051504,0.7948442534908701,0.2403085041607469,0.42,24452,17951,764,2960,10,1,25591
stage5_xgboost_random_under_sample_cuda,xgboost,random_under_sample,cuda,valid,fn10_fp1,10:1,0.7613872932910909,0.251043604911434,0.14353569838206917,0.7790010741138561,0.2424065176519741,0.43,25093,17310,823,2901,10,1,25540
stage5_xgboost_random_under_sample_cuda,xgboost,random_under_sample,cuda,valid,fn10_fp1,10:1,0.7613872932910909,0.251043604911434,0.1466161564451725,0.7690655209452202,0.24628084960013757,0.44,25733,16670,860,2864,10,1,25270
stage5_xgboost_random_under_sample_cuda,xgboost,random_under_sample,cuda,valid,fn10_fp1,10:1,0.7613872932910909,0.251043604911434,0.14924503311258278,0.7564446831364124,0.24930306650736758,0.45,26345,16058,907,2817,10,1,25128
stage5_xgboost_random_under_sample_cuda,xgboost,random_under_sample,cuda,valid,fn10_fp1,10:1,0.7613872932910909,0.251043604911434,0.1512872591535379,0.7400644468313641,0.25121917870653115,0.46,26942,15461,968,2756,10,1,25141
stage5_xgboost_random_under_sample_cuda,xgboost,random_under_sample,cuda,valid,fn10_fp1,10:1,0.7613872932910909,0.251043604911434,0.15385492050829108,0.7250268528464017,0.25384289945000704,0.47,27554,14849,1024,2700,10,1,25089
stage5_xgboost_random_under_sample_cuda,xgboost,random_under_sample,cuda,valid,fn10_fp1,10:1,0.7613872932910909,0.251043604911434,0.15712005674765028,0.7137486573576799,0.25754566154740566,0.48,28144,14259,1066,2658,10,1,24919
stage5_xgboost_random_under_sample_cuda,xgboost,random_under_sample,cuda,valid,fn10_fp1,10:1,0.7613872932910909,0.251043604911434,0.16042025067584173,0.7011278195488722,0.2611,0.49,28738,13665,1113,2611,10,1,24795
stage5_xgboost_random_under_sample_cuda,xgboost,random_under_sample,cuda,valid,fn10_fp1,10:1,0.7613872932910909,0.251043604911434,0.16331210191082804,0.6885069817400644,0.26400329489291596,0.5,29267,13136,1160,2564,10,1,24736
stage5_xgboost_random_under_sample_cuda,xgboost,random_under_sample,cuda,valid,fn10_fp1,10:1,0.7613872932910909,0.251043604911434,0.16715328467153284,0.6764232008592911,0.2680642758327126,0.51,29852,12551,1205,2519,10,1,24601
stage5_xgboost_random_under_sample_cuda,xgboost,random_under_sample,cuda,valid,fn10_fp1,10:1,0.7613872932910909,0.251043604911434,0.1712229220015226,0.6643394199785178,0.27227205194519344,0.52,30428,11975,1250,2474,10,1,24475
stage5_xgboost_random_under_sample_cuda,xgboost,random_under_sample,cuda,valid,fn10_fp1,10:1,0.7613872932910909,0.251043604911434,0.17552230174221065,0.6519871106337272,0.2765848379563707,0.53,30998,11405,1296,2428,10,1,24365
stage5_xgboost_random_under_sample_cuda,xgboost,random_under_sample,cuda,valid,fn10_fp1,10:1,0.7613872932910909,0.251043604911434,0.17964795648560852,0.6385606874328679,0.28040799481162665,0.54,31544,10859,1346,2378,10,1,24319
stage5_xgboost_random_under_sample_cuda,xgboost,random_under_sample,cuda,valid,fn10_fp1,10:1,0.7613872932910909,0.251043604911434,0.18345437322387118,0.6240601503759399,0.28355295265983405,0.55,32059,10344,1400,2324,10,1,24344
stage5_xgboost_random_under_sample_cuda,xgboost,random_under_sample,cuda,valid,fn10_fp1,10:1,0.7613872932910909,0.251043604911434,0.18867142146292917,0.6109022556390977,0.2883031301482702,0.56,32620,9783,1449,2275,10,1,24273
stage5_xgboost_random_under_sample_cuda,xgboost,random_under_sample,cuda,valid,fn10_fp1,10:1,0.7613872932910909,0.251043604911434,0.19287266405910475,0.5958646616541353,0.29141768993367917,0.57,33117,9286,1505,2219,10,1,24336
stage5_xgboost_random_under_sample_cuda,xgboost,random_under_sample,cuda,valid,fn10_fp1,10:1,0.7613872932910909,0.251043604911434,0.19692954400073107,0.5786788399570354,0.29385695779641374,0.58,33615,8788,1569,2155,10,1,24478
stage5_xgboost_random_under_sample_cuda,xgboost,random_under_sample,cuda,valid,fn10_fp1,10:1,0.7613872932910909,0.251043604911434,0.2012265235722499,0.5639097744360902,0.2966101694915254,0.59,34067,8336,1624,2100,10,1,24576
stage5_xgboost_random_under_sample_cuda,xgboost,random_under_sample,cuda,valid,fn10_fp1,10:1,0.7613872932910909,0.251043604911434,0.20624685138539042,0.5496777658431794,0.29994871419151586,0.6,34525,7878,1677,2047,10,1,24648
stage5_xgboost_random_under_sample_cuda,xgboost,random_under_sample,cuda,valid,fn10_fp1,10:1,0.7613872932910909,0.251043604911434,0.2107941893754639,0.5338345864661654,0.3022424933485367,0.61,34960,7443,1736,1988,10,1,24803
stage5_xgboost_random_under_sample_cuda,xgboost,random_under_sample,cuda,valid,fn10_fp1,10:1,0.7613872932910909,0.251043604911434,0.21554137274661292,0.5169172932330827,0.30422757803239825,0.62,35397,7006,1799,1925,10,1,24996
stage5_xgboost_random_under_sample_cuda,xgboost,random_under_sample,cuda,valid,fn10_fp1,10:1,0.7613872932910909,0.251043604911434,0.22161714218065584,0.5026852846401718,0.3076164653684989,0.63,35828,6575,1852,1872,10,1,25095
stage5_xgboost_random_under_sample_cuda,xgboost,random_under_sample,cuda,valid,fn10_fp1,10:1,0.7613872932910909,0.251043604911434,0.22544080604534006,0.4806659505907626,0.3069272976680384,0.64,36253,6150,1934,1790,10,1,25490
stage5_xgboost_random_under_sample_cuda,xgboost,random_under_sample,cuda,valid,fn10_fp1,10:1,0.7613872932910909,0.251043604911434,0.2314060622245961,0.465359828141783,0.30910550254169267,0.65,36647,5756,1991,1733,10,1,25666
stage5_xgboost_random_under_sample_cuda,xgboost,random_under_sample,cuda,valid,fn10_fp1,10:1,0.7613872932910909,0.251043604911434,0.2387380986215717,0.45112781954887216,0.31223863953164205,0.66,37046,5357,2044,1680,10,1,25797
stage5_xgboost_random_under_sample_cuda,xgboost,random_under_sample,cuda,valid,fn10_fp1,10:1,0.7613872932910909,0.251043604911434,0.24429327286470143,0.4339419978517723,0.3126027662249734,0.67,37404,4999,2108,1616,10,1,26079
stage5_xgboost_random_under_sample_cuda,xgboost,random_under_sample,cuda,valid,fn10_fp1,10:1,0.7613872932910909,0.251043604911434,0.2506451612903226,0.41729323308270677,0.313180169286578,0.68,37757,4646,2170,1554,10,1,26346
stage5_xgboost_random_under_sample_cuda,xgboost,random_under_sample,cuda,valid,fn10_fp1,10:1,0.7613872932910909,0.251043604911434,0.2586416536390481,0.3998388829215897,0.3141018879864993,0.69,38135,4268,2235,1489,10,1,26618
stage5_xgboost_random_under_sample_cuda,xgboost,random_under_sample,cuda,valid,fn10_fp1,10:1,0.7613872932910909,0.251043604911434,0.2653328347045624,0.38104189044038667,0.31283068783068785,0.7,38474,3929,2305,1419,10,1,26979
stage5_xgboost_random_under_sample_cuda,xgboost,random_under_sample,cuda,valid,fn10_fp1,10:1,0.7613872932910909,0.251043604911434,0.27174131351677044,0.3633190118152524,0.3109272664598414,0.71,38777,3626,2371,1353,10,1,27336
stage5_xgboost_random_under_sample_cuda,xgboost,random_under_sample,cuda,valid,fn10_fp1,10:1,0.7613872932910909,0.251043604911434,0.28097201128227384,0.34774436090225563,0.3108124324972999,0.72,39089,3314,2429,1295,10,1,27604
stage5_xgboost_random_under_sample_cuda,xgboost,random_under_sample,cuda,valid,fn10_fp1,10:1,0.7613872932910909,0.251043604911434,0.2908151280244303,0.332438238453276,0.3102368124295201,0.73,39384,3019,2486,1238,10,1,27879
stage5_xgboost_random_under_sample_cuda,xgboost,random_under_sample,cuda,valid,fn10_fp1,10:1,0.7613872932910909,0.251043604911434,0.30256410256410254,0.31686358754027927,0.3095487932843652,0.74,39683,2720,2544,1180,10,1,28160
stage5_xgboost_random_under_sample_cuda,xgboost,random_under_sample,cuda,valid,fn10_fp1,10:1,0.7613872932910909,0.251043604911434,0.3108298171589311,0.2967239527389903,0.3036131336722077,0.75,39953,2450,2619,1105,10,1,28640
stage5_xgboost_random_under_sample_cuda,xgboost,random_under_sample,cuda,valid,fn10_fp1,10:1,0.7613872932910909,0.251043604911434,0.3201350521792511,0.2800751879699248,0.2987682612431968,0.76,40188,2215,2681,1043,10,1,29025
stage5_xgboost_random_under_sample_cuda,xgboost,random_under_sample,cuda,valid,fn10_fp1,10:1,0.7613872932910909,0.251043604911434,0.3302938196555218,0.26262083780880774,0.2925953627524308,0.77,40420,1983,2746,978,10,1,29443
stage5_xgboost_random_under_sample_cuda,xgboost,random_under_sample,cuda,valid,fn10_fp1,10:1,0.7613872932910909,0.251043604911434,0.34097744360902255,0.24355531686358753,0.2841478696741855,0.78,40650,1753,2817,907,10,1,29923
stage5_xgboost_random_under_sample_cuda,xgboost,random_under_sample,cuda,valid,fn10_fp1,10:1,0.7613872932910909,0.251043604911434,0.3533136344449135,0.22475832438238452,0.27474150664697194,0.79,40871,1532,2887,837,10,1,30402
stage5_xgboost_random_under_sample_cuda,xgboost,random_under_sample,cuda,valid,fn10_fp1,10:1,0.7613872932910909,0.251043604911434,0.3656117146905999,0.20784103114930183,0.2650231124807396,0.8,41060,1343,2950,774,10,1,30843
stage5_xgboost_random_under_sample_cuda,xgboost,random_under_sample,cuda,valid,fn10_fp1,10:1,0.7613872932910909,0.251043604911434,0.37126376507603565,0.19011815252416756,0.25146510388918486,0.81,41204,1199,3016,708,10,1,31359
stage5_xgboost_random_under_sample_cuda,xgboost,random_under_sample,cuda,valid,fn10_fp1,10:1,0.7613872932910909,0.251043604911434,0.3856882959369315,0.17078410311493017,0.2367392518146287,0.82,41390,1013,3088,636,10,1,31893
stage5_xgboost_random_under_sample_cuda,xgboost,random_under_sample,cuda,valid,fn10_fp1,10:1,0.7613872932910909,0.251043604911434,0.39389638041163944,0.14903329752953814,0.2162478082992402,0.83,41549,854,3169,555,10,1,32544
stage5_xgboost_random_under_sample_cuda,xgboost,random_under_sample,cuda,valid,fn10_fp1,10:1,0.7613872932910909,0.251043604911434,0.40298507462686567,0.13050483351235231,0.1971602434077079,0.84,41683,720,3238,486,10,1,33100
stage5_xgboost_random_under_sample_cuda,xgboost,random_under_sample,cuda,valid,fn10_fp1,10:1,0.7613872932910909,0.251043604911434,0.4103585657370518,0.11063372717508056,0.17428087986463622,0.85,41811,592,3312,412,10,1,33712
stage5_xgboost_random_under_sample_cuda,xgboost,random_under_sample,cuda,valid,fn10_fp1,10:1,0.7613872932910909,0.251043604911434,0.4272959183673469,0.08995703544575726,0.14862466725820764,0.86,41954,449,3389,335,10,1,34339
stage5_xgboost_random_under_sample_cuda,xgboost,random_under_sample,cuda,valid,fn10_fp1,10:1,0.7613872932910909,0.251043604911434,0.44549763033175355,0.0757250268528464,0.12944686711039707,0.87,42052,351,3442,282,10,1,34771
stage5_xgboost_random_under_sample_cuda,xgboost,random_under_sample,cuda,valid,fn10_fp1,10:1,0.7613872932910909,0.251043604911434,0.4491869918699187,0.059344790547798065,0.10483870967741936,0.88,42132,271,3503,221,10,1,35301
stage5_xgboost_random_under_sample_cuda,xgboost,random_under_sample,cuda,valid,fn10_fp1,10:1,0.7613872932910909,0.251043604911434,0.47956403269754766,0.047261009667024706,0.08604253238816915,0.89,42212,191,3548,176,10,1,35671
stage5_xgboost_random_under_sample_cuda,xgboost,random_under_sample,cuda,valid,fn10_fp1,10:1,0.7613872932910909,0.251043604911434,0.49612403100775193,0.034371643394199784,0.06428930185836264,0.9,42273,130,3596,128,10,1,36090
stage5_xgboost_random_under_sample_cuda,xgboost,random_under_sample,cuda,valid,fn10_fp1,10:1,0.7613872932910909,0.251043604911434,0.5286624203821656,0.02228786251342642,0.042772481319247616,0.91,42329,74,3641,83,10,1,36484
stage5_xgboost_random_under_sample_cuda,xgboost,random_under_sample,cuda,valid,fn10_fp1,10:1,0.7613872932910909,0.251043604911434,0.574468085106383,0.014500537056928034,0.028287061288632794,0.92,42363,40,3670,54,10,1,36740
stage5_xgboost_random_under_sample_cuda,xgboost,random_under_sample,cuda,valid,fn10_fp1,10:1,0.7613872932910909,0.251043604911434,0.6222222222222222,0.007518796992481203,0.014858052533828601,0.93,42386,17,3696,28,10,1,36977
stage5_xgboost_random_under_sample_cuda,xgboost,random_under_sample,cuda,valid,fn10_fp1,10:1,0.7613872932910909,0.251043604911434,0.75,0.00322234156820623,0.006417112299465241,0.94,42399,4,3712,12,10,1,37124
stage5_xgboost_random_under_sample_cuda,xgboost,random_under_sample,cuda,valid,fn10_fp1,10:1,0.7613872932910909,0.251043604911434,1.0,0.0005370569280343716,0.0010735373054213634,0.95,42403,0,3722,2,10,1,37220
stage5_xgboost_random_under_sample_cuda,xgboost,random_under_sample,cuda,valid,fn10_fp1,10:1,0.7613872932910909,0.251043604911434,0.0,0.0,0.0,0.96,42403,0,3724,0,10,1,37240
stage5_xgboost_random_under_sample_cuda,xgboost,random_under_sample,cuda,valid,fn10_fp1,10:1,0.7613872932910909,0.251043604911434,0.0,0.0,0.0,0.97,42403,0,3724,0,10,1,37240
stage5_xgboost_random_under_sample_cuda,xgboost,random_under_sample,cuda,valid,fn10_fp1,10:1,0.7613872932910909,0.251043604911434,0.0,0.0,0.0,0.98,42403,0,3724,0,10,1,37240
stage5_xgboost_random_under_sample_cuda,xgboost,random_under_sample,cuda,valid,fn10_fp1,10:1,0.7613872932910909,0.251043604911434,0.0,0.0,0.0,0.99,42403,0,3724,0,10,1,37240
stage5_xgboost_random_under_sample_cuda,xgboost,random_under_sample,cuda,valid,fn20_fp1,20:1,0.7613872932910909,0.251043604911434,0.08073362672621241,1.0,0.14940522757818298,0.01,0,42403,0,3724,20,1,42403
stage5_xgboost_random_under_sample_cuda,xgboost,random_under_sample,cuda,valid,fn20_fp1,20:1,0.7613872932910909,0.251043604911434,0.08073537701079651,1.0,0.14940822467402207,0.02,1,42402,0,3724,20,1,42402
stage5_xgboost_random_under_sample_cuda,xgboost,random_under_sample,cuda,valid,fn20_fp1,20:1,0.7613872932910909,0.251043604911434,0.08076164038949492,1.0,0.14945319554529948,0.03,16,42387,0,3724,20,1,42387
stage5_xgboost_random_under_sample_cuda,xgboost,random_under_sample,cuda,valid,fn20_fp1,20:1,0.7613872932910909,0.251043604911434,0.08083877830117003,1.0,0.1495852664136089,0.04,60,42343,0,3724,20,1,42343
stage5_xgboost_random_under_sample_cuda,xgboost,random_under_sample,cuda,valid,fn20_fp1,20:1,0.7613872932910909,0.251043604911434,0.08098997411974511,1.0,0.14984408007242733,0.05,146,42257,0,3724,20,1,42257
stage5_xgboost_random_under_sample_cuda,xgboost,random_under_sample,cuda,valid,fn20_fp1,20:1,0.7613872932910909,0.251043604911434,0.08124440953814605,1.0,0.1502794536026311,0.06,290,42113,0,3724,20,1,42113
stage5_xgboost_random_under_sample_cuda,xgboost,random_under_sample,cuda,valid,fn20_fp1,20:1,0.7613872932910909,0.251043604911434,0.0816201288738877,1.0,0.15092198581560284,0.07,501,41902,0,3724,20,1,41902
stage5_xgboost_random_under_sample_cuda,xgboost,random_under_sample,cuda,valid,fn20_fp1,20:1,0.7613872932910909,0.251043604911434,0.08207062352500055,0.9991944146079484,0.15168253062389173,0.08,785,41618,3,3721,20,1,41678
stage5_xgboost_random_under_sample_cuda,xgboost,random_under_sample,cuda,valid,fn20_fp1,20:1,0.7613872932910909,0.251043604911434,0.08257084480767522,0.9983888292158969,0.15252707581227437,0.09,1093,41310,6,3718,20,1,41430
stage5_xgboost_random_under_sample_cuda,xgboost,random_under_sample,cuda,valid,fn20_fp1,20:1,0.7613872932910909,0.251043604911434,0.08317457471367416,0.9965091299677766,0.15353426697834135,0.1,1497,40906,13,3711,20,1,41166
stage5_xgboost_random_under_sample_cuda,xgboost,random_under_sample,cuda,valid,fn20_fp1,20:1,0.7613872932910909,0.251043604911434,0.08399574246438843,0.9959720730397422,0.15492575343037948,0.11,1955,40448,15,3709,20,1,40748
stage5_xgboost_random_under_sample_cuda,xgboost,random_under_sample,cuda,valid,fn20_fp1,20:1,0.7613872932910909,0.251043604911434,0.08472518157032556,0.9930182599355531,0.1561292774060079,0.12,2454,39949,26,3698,20,1,40469
stage5_xgboost_random_under_sample_cuda,xgboost,random_under_sample,cuda,valid,fn20_fp1,20:1,0.7613872932910909,0.251043604911434,0.08563131606458357,0.9897959183673469,0.15762577775877185,0.13,3044,39359,38,3686,20,1,40119
stage5_xgboost_random_under_sample_cuda,xgboost,random_under_sample,cuda,valid,fn20_fp1,20:1,0.7613872932910909,0.251043604911434,0.08672278418334865,0.9876476906552094,0.1594451067519237,0.14,3670,38733,46,3678,20,1,39653
stage5_xgboost_random_under_sample_cuda,xgboost,random_under_sample,cuda,valid,fn20_fp1,20:1,0.7613872932910909,0.251043604911434,0.0878902509097874,0.9857679914070892,0.16139101380462498,0.15,4306,38097,53,3671,20,1,39157
stage5_xgboost_random_under_sample_cuda,xgboost,random_under_sample,cuda,valid,fn20_fp1,20:1,0.7613872932910909,0.251043604911434,0.0891284247408633,0.9836197636949516,0.16344652179733166,0.16,4968,37435,61,3663,20,1,38655
stage5_xgboost_random_under_sample_cuda,xgboost,random_under_sample,cuda,valid,fn20_fp1,20:1,0.7613872932910909,0.251043604911434,0.09044317900470414,0.9809344790547798,0.1656163576188965,0.17,5666,36737,71,3653,20,1,38157
stage5_xgboost_random_under_sample_cuda,xgboost,random_under_sample,cuda,valid,fn20_fp1,20:1,0.7613872932910909,0.251043604911434,0.09186993920742628,0.9779806659505907,0.16796181428274956,0.18,6402,36001,82,3642,20,1,37641
stage5_xgboost_random_under_sample_cuda,xgboost,random_under_sample,cuda,valid,fn20_fp1,20:1,0.7613872932910909,0.251043604911434,0.09317521158644818,0.972610096670247,0.17005892433739464,0.19,7152,35251,102,3622,20,1,37291
stage5_xgboost_random_under_sample_cuda,xgboost,random_under_sample,cuda,valid,fn20_fp1,20:1,0.7613872932910909,0.251043604911434,0.09490029163710885,0.9699248120300752,0.1728850065813091,0.2,7954,34449,112,3612,20,1,36689
stage5_xgboost_random_under_sample_cuda,xgboost,random_under_sample,cuda,valid,fn20_fp1,20:1,0.7613872932910909,0.251043604911434,0.09643020226167773,0.9640171858216972,0.175322931164994,0.21,8764,33639,134,3590,20,1,36319
stage5_xgboost_random_under_sample_cuda,xgboost,random_under_sample,cuda,valid,fn20_fp1,20:1,0.7613872932910909,0.251043604911434,0.0981027429230389,0.959452201933405,0.1780047328434425,0.22,9555,32848,151,3573,20,1,35868
stage5_xgboost_random_under_sample_cuda,xgboost,random_under_sample,cuda,valid,fn20_fp1,20:1,0.7613872932910909,0.251043604911434,0.0998847699614963,0.9543501611170784,0.1808421320442692,0.23,10376,32027,170,3554,20,1,35427
stage5_xgboost_random_under_sample_cuda,xgboost,random_under_sample,cuda,valid,fn20_fp1,20:1,0.7613872932910909,0.251043604911434,0.10166417136934239,0.9481740064446831,0.18363844393592677,0.24,11202,31201,193,3531,20,1,35061
stage5_xgboost_random_under_sample_cuda,xgboost,random_under_sample,cuda,valid,fn20_fp1,20:1,0.7613872932910909,0.251043604911434,0.10342178358253058,0.9398496240601504,0.18633871053612308,0.25,12061,30342,224,3500,20,1,34822
stage5_xgboost_random_under_sample_cuda,xgboost,random_under_sample,cuda,valid,fn20_fp1,20:1,0.7613872932910909,0.251043604911434,0.1053268765133172,0.9344790547798066,0.18931563486018932,0.26,12843,29560,244,3480,20,1,34440
stage5_xgboost_random_under_sample_cuda,xgboost,random_under_sample,cuda,valid,fn20_fp1,20:1,0.7613872932910909,0.251043604911434,0.1072548350045013,0.927765843179377,0.19228093608258898,0.27,13645,28758,269,3455,20,1,34138
stage5_xgboost_random_under_sample_cuda,xgboost,random_under_sample,cuda,valid,fn20_fp1,20:1,0.7613872932910909,0.251043604911434,0.10933265312629531,0.9207841031149302,0.19545700686864081,0.28,14469,27934,295,3429,20,1,33834
stage5_xgboost_random_under_sample_cuda,xgboost,random_under_sample,cuda,valid,fn20_fp1,20:1,0.7613872932910909,0.251043604911434,0.11103477606569176,0.9113856068743287,0.19795281560759384,0.29,15230,27173,330,3394,20,1,33773
stage5_xgboost_random_under_sample_cuda,xgboost,random_under_sample,cuda,valid,fn20_fp1,20:1,0.7613872932910909,0.251043604911434,0.11303003830387742,0.9033297529538131,0.20091978737382787,0.3,16005,26398,360,3364,20,1,33598
stage5_xgboost_random_under_sample_cuda,xgboost,random_under_sample,cuda,valid,fn20_fp1,20:1,0.7613872932910909,0.251043604911434,0.11480164347615923,0.8928571428571429,0.2034447945666473,0.31,16765,25638,399,3325,20,1,33618
stage5_xgboost_random_under_sample_cuda,xgboost,random_under_sample,cuda,valid,fn20_fp1,20:1,0.7613872932910909,0.251043604911434,0.11694620758129144,0.8856068743286788,0.20660924040720438,0.32,17500,24903,426,3298,20,1,33423
stage5_xgboost_random_under_sample_cuda,xgboost,random_under_sample,cuda,valid,fn20_fp1,20:1,0.7613872932910909,0.251043604911434,0.11927341698278378,0.8780880773361976,0.21001926782273603,0.33,18257,24146,454,3270,20,1,33226
stage5_xgboost_random_under_sample_cuda,xgboost,random_under_sample,cuda,valid,fn20_fp1,20:1,0.7613872932910909,0.251043604911434,0.12177537456347866,0.8708378088077336,0.2136715532861143,0.34,19015,23388,481,3243,20,1,33008
stage5_xgboost_random_under_sample_cuda,xgboost,random_under_sample,cuda,valid,fn20_fp1,20:1,0.7613872932910909,0.251043604911434,0.12389312091566451,0.8603651987110634,0.21659624809869865,0.35,19746,22657,520,3204,20,1,33057
stage5_xgboost_random_under_sample_cuda,xgboost,random_under_sample,cuda,valid,fn20_fp1,20:1,0.7613872932910909,0.251043604911434,0.1263873970640888,0.8531149301825993,0.22015869166002563,0.36,20443,21960,547,3177,20,1,32900
stage5_xgboost_random_under_sample_cuda,xgboost,random_under_sample,cuda,valid,fn20_fp1,20:1,0.7613872932910909,0.251043604911434,0.12839303991811668,0.8421052631578947,0.2228143095669473,0.37,21114,21289,588,3136,20,1,33049
stage5_xgboost_random_under_sample_cuda,xgboost,random_under_sample,cuda,valid,fn20_fp1,20:1,0.7613872932910909,0.251043604911434,0.13090817015530049,0.8329752953813104,0.2262582056892779,0.38,21809,20594,622,3102,20,1,33034
stage5_xgboost_random_under_sample_cuda,xgboost,random_under_sample,cuda,valid,fn20_fp1,20:1,0.7613872932910909,0.251043604911434,0.13358579263515277,0.8241138560687433,0.2299048617873998,0.39,22498,19905,655,3069,20,1,33005
stage5_xgboost_random_under_sample_cuda,xgboost,random_under_sample,cuda,valid,fn20_fp1,20:1,0.7613872932910909,0.251043604911434,0.13649851632047477,0.8152524167561761,0.23384425787568358,0.4,23197,19206,688,3036,20,1,32966
stage5_xgboost_random_under_sample_cuda,xgboost,random_under_sample,cuda,valid,fn20_fp1,20:1,0.7613872932910909,0.251043604911434,0.13879614171767762,0.8037056928034372,0.23671306548560583,0.41,23832,18571,731,2993,20,1,33191
stage5_xgboost_random_under_sample_cuda,xgboost,random_under_sample,cuda,valid,fn20_fp1,20:1,0.7613872932910909,0.251043604911434,0.141552293051504,0.7948442534908701,0.2403085041607469,0.42,24452,17951,764,2960,20,1,33231
stage5_xgboost_random_under_sample_cuda,xgboost,random_under_sample,cuda,valid,fn20_fp1,20:1,0.7613872932910909,0.251043604911434,0.14353569838206917,0.7790010741138561,0.2424065176519741,0.43,25093,17310,823,2901,20,1,33770
stage5_xgboost_random_under_sample_cuda,xgboost,random_under_sample,cuda,valid,fn20_fp1,20:1,0.7613872932910909,0.251043604911434,0.1466161564451725,0.7690655209452202,0.24628084960013757,0.44,25733,16670,860,2864,20,1,33870
stage5_xgboost_random_under_sample_cuda,xgboost,random_under_sample,cuda,valid,fn20_fp1,20:1,0.7613872932910909,0.251043604911434,0.14924503311258278,0.7564446831364124,0.24930306650736758,0.45,26345,16058,907,2817,20,1,34198
stage5_xgboost_random_under_sample_cuda,xgboost,random_under_sample,cuda,valid,fn20_fp1,20:1,0.7613872932910909,0.251043604911434,0.1512872591535379,0.7400644468313641,0.25121917870653115,0.46,26942,15461,968,2756,20,1,34821
stage5_xgboost_random_under_sample_cuda,xgboost,random_under_sample,cuda,valid,fn20_fp1,20:1,0.7613872932910909,0.251043604911434,0.15385492050829108,0.7250268528464017,0.25384289945000704,0.47,27554,14849,1024,2700,20,1,35329
stage5_xgboost_random_under_sample_cuda,xgboost,random_under_sample,cuda,valid,fn20_fp1,20:1,0.7613872932910909,0.251043604911434,0.15712005674765028,0.7137486573576799,0.25754566154740566,0.48,28144,14259,1066,2658,20,1,35579
stage5_xgboost_random_under_sample_cuda,xgboost,random_under_sample,cuda,valid,fn20_fp1,20:1,0.7613872932910909,0.251043604911434,0.16042025067584173,0.7011278195488722,0.2611,0.49,28738,13665,1113,2611,20,1,35925
stage5_xgboost_random_under_sample_cuda,xgboost,random_under_sample,cuda,valid,fn20_fp1,20:1,0.7613872932910909,0.251043604911434,0.16331210191082804,0.6885069817400644,0.26400329489291596,0.5,29267,13136,1160,2564,20,1,36336
stage5_xgboost_random_under_sample_cuda,xgboost,random_under_sample,cuda,valid,fn20_fp1,20:1,0.7613872932910909,0.251043604911434,0.16715328467153284,0.6764232008592911,0.2680642758327126,0.51,29852,12551,1205,2519,20,1,36651
stage5_xgboost_random_under_sample_cuda,xgboost,random_under_sample,cuda,valid,fn20_fp1,20:1,0.7613872932910909,0.251043604911434,0.1712229220015226,0.6643394199785178,0.27227205194519344,0.52,30428,11975,1250,2474,20,1,36975
stage5_xgboost_random_under_sample_cuda,xgboost,random_under_sample,cuda,valid,fn20_fp1,20:1,0.7613872932910909,0.251043604911434,0.17552230174221065,0.6519871106337272,0.2765848379563707,0.53,30998,11405,1296,2428,20,1,37325
stage5_xgboost_random_under_sample_cuda,xgboost,random_under_sample,cuda,valid,fn20_fp1,20:1,0.7613872932910909,0.251043604911434,0.17964795648560852,0.6385606874328679,0.28040799481162665,0.54,31544,10859,1346,2378,20,1,37779
stage5_xgboost_random_under_sample_cuda,xgboost,random_under_sample,cuda,valid,fn20_fp1,20:1,0.7613872932910909,0.251043604911434,0.18345437322387118,0.6240601503759399,0.28355295265983405,0.55,32059,10344,1400,2324,20,1,38344
stage5_xgboost_random_under_sample_cuda,xgboost,random_under_sample,cuda,valid,fn20_fp1,20:1,0.7613872932910909,0.251043604911434,0.18867142146292917,0.6109022556390977,0.2883031301482702,0.56,32620,9783,1449,2275,20,1,38763
stage5_xgboost_random_under_sample_cuda,xgboost,random_under_sample,cuda,valid,fn20_fp1,20:1,0.7613872932910909,0.251043604911434,0.19287266405910475,0.5958646616541353,0.29141768993367917,0.57,33117,9286,1505,2219,20,1,39386
stage5_xgboost_random_under_sample_cuda,xgboost,random_under_sample,cuda,valid,fn20_fp1,20:1,0.7613872932910909,0.251043604911434,0.19692954400073107,0.5786788399570354,0.29385695779641374,0.58,33615,8788,1569,2155,20,1,40168
stage5_xgboost_random_under_sample_cuda,xgboost,random_under_sample,cuda,valid,fn20_fp1,20:1,0.7613872932910909,0.251043604911434,0.2012265235722499,0.5639097744360902,0.2966101694915254,0.59,34067,8336,1624,2100,20,1,40816
stage5_xgboost_random_under_sample_cuda,xgboost,random_under_sample,cuda,valid,fn20_fp1,20:1,0.7613872932910909,0.251043604911434,0.20624685138539042,0.5496777658431794,0.29994871419151586,0.6,34525,7878,1677,2047,20,1,41418
stage5_xgboost_random_under_sample_cuda,xgboost,random_under_sample,cuda,valid,fn20_fp1,20:1,0.7613872932910909,0.251043604911434,0.2107941893754639,0.5338345864661654,0.3022424933485367,0.61,34960,7443,1736,1988,20,1,42163
stage5_xgboost_random_under_sample_cuda,xgboost,random_under_sample,cuda,valid,fn20_fp1,20:1,0.7613872932910909,0.251043604911434,0.21554137274661292,0.5169172932330827,0.30422757803239825,0.62,35397,7006,1799,1925,20,1,42986
stage5_xgboost_random_under_sample_cuda,xgboost,random_under_sample,cuda,valid,fn20_fp1,20:1,0.7613872932910909,0.251043604911434,0.22161714218065584,0.5026852846401718,0.3076164653684989,0.63,35828,6575,1852,1872,20,1,43615
stage5_xgboost_random_under_sample_cuda,xgboost,random_under_sample,cuda,valid,fn20_fp1,20:1,0.7613872932910909,0.251043604911434,0.22544080604534006,0.4806659505907626,0.3069272976680384,0.64,36253,6150,1934,1790,20,1,44830
stage5_xgboost_random_under_sample_cuda,xgboost,random_under_sample,cuda,valid,fn20_fp1,20:1,0.7613872932910909,0.251043604911434,0.2314060622245961,0.465359828141783,0.30910550254169267,0.65,36647,5756,1991,1733,20,1,45576
stage5_xgboost_random_under_sample_cuda,xgboost,random_under_sample,cuda,valid,fn20_fp1,20:1,0.7613872932910909,0.251043604911434,0.2387380986215717,0.45112781954887216,0.31223863953164205,0.66,37046,5357,2044,1680,20,1,46237
stage5_xgboost_random_under_sample_cuda,xgboost,random_under_sample,cuda,valid,fn20_fp1,20:1,0.7613872932910909,0.251043604911434,0.24429327286470143,0.4339419978517723,0.3126027662249734,0.67,37404,4999,2108,1616,20,1,47159
stage5_xgboost_random_under_sample_cuda,xgboost,random_under_sample,cuda,valid,fn20_fp1,20:1,0.7613872932910909,0.251043604911434,0.2506451612903226,0.41729323308270677,0.313180169286578,0.68,37757,4646,2170,1554,20,1,48046
stage5_xgboost_random_under_sample_cuda,xgboost,random_under_sample,cuda,valid,fn20_fp1,20:1,0.7613872932910909,0.251043604911434,0.2586416536390481,0.3998388829215897,0.3141018879864993,0.69,38135,4268,2235,1489,20,1,48968
stage5_xgboost_random_under_sample_cuda,xgboost,random_under_sample,cuda,valid,fn20_fp1,20:1,0.7613872932910909,0.251043604911434,0.2653328347045624,0.38104189044038667,0.31283068783068785,0.7,38474,3929,2305,1419,20,1,50029
stage5_xgboost_random_under_sample_cuda,xgboost,random_under_sample,cuda,valid,fn20_fp1,20:1,0.7613872932910909,0.251043604911434,0.27174131351677044,0.3633190118152524,0.3109272664598414,0.71,38777,3626,2371,1353,20,1,51046
stage5_xgboost_random_under_sample_cuda,xgboost,random_under_sample,cuda,valid,fn20_fp1,20:1,0.7613872932910909,0.251043604911434,0.28097201128227384,0.34774436090225563,0.3108124324972999,0.72,39089,3314,2429,1295,20,1,51894
stage5_xgboost_random_under_sample_cuda,xgboost,random_under_sample,cuda,valid,fn20_fp1,20:1,0.7613872932910909,0.251043604911434,0.2908151280244303,0.332438238453276,0.3102368124295201,0.73,39384,3019,2486,1238,20,1,52739
stage5_xgboost_random_under_sample_cuda,xgboost,random_under_sample,cuda,valid,fn20_fp1,20:1,0.7613872932910909,0.251043604911434,0.30256410256410254,0.31686358754027927,0.3095487932843652,0.74,39683,2720,2544,1180,20,1,53600
stage5_xgboost_random_under_sample_cuda,xgboost,random_under_sample,cuda,valid,fn20_fp1,20:1,0.7613872932910909,0.251043604911434,0.3108298171589311,0.2967239527389903,0.3036131336722077,0.75,39953,2450,2619,1105,20,1,54830
stage5_xgboost_random_under_sample_cuda,xgboost,random_under_sample,cuda,valid,fn20_fp1,20:1,0.7613872932910909,0.251043604911434,0.3201350521792511,0.2800751879699248,0.2987682612431968,0.76,40188,2215,2681,1043,20,1,55835
stage5_xgboost_random_under_sample_cuda,xgboost,random_under_sample,cuda,valid,fn20_fp1,20:1,0.7613872932910909,0.251043604911434,0.3302938196555218,0.26262083780880774,0.2925953627524308,0.77,40420,1983,2746,978,20,1,56903
stage5_xgboost_random_under_sample_cuda,xgboost,random_under_sample,cuda,valid,fn20_fp1,20:1,0.7613872932910909,0.251043604911434,0.34097744360902255,0.24355531686358753,0.2841478696741855,0.78,40650,1753,2817,907,20,1,58093
stage5_xgboost_random_under_sample_cuda,xgboost,random_under_sample,cuda,valid,fn20_fp1,20:1,0.7613872932910909,0.251043604911434,0.3533136344449135,0.22475832438238452,0.27474150664697194,0.79,40871,1532,2887,837,20,1,59272
stage5_xgboost_random_under_sample_cuda,xgboost,random_under_sample,cuda,valid,fn20_fp1,20:1,0.7613872932910909,0.251043604911434,0.3656117146905999,0.20784103114930183,0.2650231124807396,0.8,41060,1343,2950,774,20,1,60343
stage5_xgboost_random_under_sample_cuda,xgboost,random_under_sample,cuda,valid,fn20_fp1,20:1,0.7613872932910909,0.251043604911434,0.37126376507603565,0.19011815252416756,0.25146510388918486,0.81,41204,1199,3016,708,20,1,61519
stage5_xgboost_random_under_sample_cuda,xgboost,random_under_sample,cuda,valid,fn20_fp1,20:1,0.7613872932910909,0.251043604911434,0.3856882959369315,0.17078410311493017,0.2367392518146287,0.82,41390,1013,3088,636,20,1,62773
stage5_xgboost_random_under_sample_cuda,xgboost,random_under_sample,cuda,valid,fn20_fp1,20:1,0.7613872932910909,0.251043604911434,0.39389638041163944,0.14903329752953814,0.2162478082992402,0.83,41549,854,3169,555,20,1,64234
stage5_xgboost_random_under_sample_cuda,xgboost,random_under_sample,cuda,valid,fn20_fp1,20:1,0.7613872932910909,0.251043604911434,0.40298507462686567,0.13050483351235231,0.1971602434077079,0.84,41683,720,3238,486,20,1,65480
stage5_xgboost_random_under_sample_cuda,xgboost,random_under_sample,cuda,valid,fn20_fp1,20:1,0.7613872932910909,0.251043604911434,0.4103585657370518,0.11063372717508056,0.17428087986463622,0.85,41811,592,3312,412,20,1,66832
stage5_xgboost_random_under_sample_cuda,xgboost,random_under_sample,cuda,valid,fn20_fp1,20:1,0.7613872932910909,0.251043604911434,0.4272959183673469,0.08995703544575726,0.14862466725820764,0.86,41954,449,3389,335,20,1,68229
stage5_xgboost_random_under_sample_cuda,xgboost,random_under_sample,cuda,valid,fn20_fp1,20:1,0.7613872932910909,0.251043604911434,0.44549763033175355,0.0757250268528464,0.12944686711039707,0.87,42052,351,3442,282,20,1,69191
stage5_xgboost_random_under_sample_cuda,xgboost,random_under_sample,cuda,valid,fn20_fp1,20:1,0.7613872932910909,0.251043604911434,0.4491869918699187,0.059344790547798065,0.10483870967741936,0.88,42132,271,3503,221,20,1,70331
stage5_xgboost_random_under_sample_cuda,xgboost,random_under_sample,cuda,valid,fn20_fp1,20:1,0.7613872932910909,0.251043604911434,0.47956403269754766,0.047261009667024706,0.08604253238816915,0.89,42212,191,3548,176,20,1,71151
stage5_xgboost_random_under_sample_cuda,xgboost,random_under_sample,cuda,valid,fn20_fp1,20:1,0.7613872932910909,0.251043604911434,0.49612403100775193,0.034371643394199784,0.06428930185836264,0.9,42273,130,3596,128,20,1,72050
stage5_xgboost_random_under_sample_cuda,xgboost,random_under_sample,cuda,valid,fn20_fp1,20:1,0.7613872932910909,0.251043604911434,0.5286624203821656,0.02228786251342642,0.042772481319247616,0.91,42329,74,3641,83,20,1,72894
stage5_xgboost_random_under_sample_cuda,xgboost,random_under_sample,cuda,valid,fn20_fp1,20:1,0.7613872932910909,0.251043604911434,0.574468085106383,0.014500537056928034,0.028287061288632794,0.92,42363,40,3670,54,20,1,73440
stage5_xgboost_random_under_sample_cuda,xgboost,random_under_sample,cuda,valid,fn20_fp1,20:1,0.7613872932910909,0.251043604911434,0.6222222222222222,0.007518796992481203,0.014858052533828601,0.93,42386,17,3696,28,20,1,73937
stage5_xgboost_random_under_sample_cuda,xgboost,random_under_sample,cuda,valid,fn20_fp1,20:1,0.7613872932910909,0.251043604911434,0.75,0.00322234156820623,0.006417112299465241,0.94,42399,4,3712,12,20,1,74244
stage5_xgboost_random_under_sample_cuda,xgboost,random_under_sample,cuda,valid,fn20_fp1,20:1,0.7613872932910909,0.251043604911434,1.0,0.0005370569280343716,0.0010735373054213634,0.95,42403,0,3722,2,20,1,74440
stage5_xgboost_random_under_sample_cuda,xgboost,random_under_sample,cuda,valid,fn20_fp1,20:1,0.7613872932910909,0.251043604911434,0.0,0.0,0.0,0.96,42403,0,3724,0,20,1,74480
stage5_xgboost_random_under_sample_cuda,xgboost,random_under_sample,cuda,valid,fn20_fp1,20:1,0.7613872932910909,0.251043604911434,0.0,0.0,0.0,0.97,42403,0,3724,0,20,1,74480
stage5_xgboost_random_under_sample_cuda,xgboost,random_under_sample,cuda,valid,fn20_fp1,20:1,0.7613872932910909,0.251043604911434,0.0,0.0,0.0,0.98,42403,0,3724,0,20,1,74480
stage5_xgboost_random_under_sample_cuda,xgboost,random_under_sample,cuda,valid,fn20_fp1,20:1,0.7613872932910909,0.251043604911434,0.0,0.0,0.0,0.99,42403,0,3724,0,20,1,74480
stage5_xgboost_smote_cuda,xgboost,smote,cuda,valid,fn5_fp1,5:1,0.759073020338604,0.249444280187102,0.08146024381169158,0.9994629430719656,0.1506425174542143,0.01,434,41969,2,3722,5,1,41979
stage5_xgboost_smote_cuda,xgboost,smote,cuda,valid,fn5_fp1,5:1,0.759073020338604,0.249444280187102,0.08861833967938301,0.981203007518797,0.1625553306492871,0.02,4824,37579,70,3654,5,1,37929
stage5_xgboost_smote_cuda,xgboost,smote,cuda,valid,fn5_fp1,5:1,0.759073020338604,0.249444280187102,0.1003902800330456,0.9462943071965628,0.1815231668684163,0.03,10824,31579,200,3524,5,1,32579
stage5_xgboost_smote_cuda,xgboost,smote,cuda,valid,fn5_fp1,5:1,0.759073020338604,0.249444280187102,0.11222585160989268,0.9041353383458647,0.19966791199667913,0.04,15768,26635,357,3367,5,1,28420
stage5_xgboost_smote_cuda,xgboost,smote,cuda,valid,fn5_fp1,5:1,0.759073020338604,0.249444280187102,0.12446185471046814,0.8617078410311493,0.21750771003490696,0.05,19829,22574,515,3209,5,1,25149
stage5_xgboost_smote_cuda,xgboost,smote,cuda,valid,fn5_fp1,5:1,0.759073020338604,0.249444280187102,0.13551907639577884,0.8069280343716434,0.2320642520657966,0.06,23234,19169,719,3005,5,1,22764
stage5_xgboost_smote_cuda,xgboost,smote,cuda,valid,fn5_fp1,5:1,0.759073020338604,0.249444280187102,0.14679376985987394,0.7567132116004296,0.24588805025958727,0.07,26024,16379,906,2818,5,1,20909
stage5_xgboost_smote_cuda,xgboost,smote,cuda,valid,fn5_fp1,5:1,0.759073020338604,0.249444280187102,0.1581981981981982,0.7073039742212675,0.25856483753803866,0.08,28387,14016,1090,2634,5,1,19466
stage5_xgboost_smote_cuda,xgboost,smote,cuda,valid,fn5_fp1,5:1,0.759073020338604,0.249444280187102,0.17011128775834658,0.6608485499462943,0.27057336045297126,0.09,30397,12006,1263,2461,5,1,18321
stage5_xgboost_smote_cuda,xgboost,smote,cuda,valid,fn5_fp1,5:1,0.759073020338604,0.249444280187102,0.18269230769230768,0.6173469387755102,0.28194751042433164,0.1,32118,10285,1425,2299,5,1,17410
stage5_xgboost_smote_cuda,xgboost,smote,cuda,valid,fn5_fp1,5:1,0.759073020338604,0.249444280187102,0.1937590711175617,0.5735767991407089,0.28966639544344996,0.11,33515,8888,1588,2136,5,1,16828
stage5_xgboost_smote_cuda,xgboost,smote,cuda,valid,fn5_fp1,5:1,0.759073020338604,0.249444280187102,0.20624222314392368,0.5341031149301826,0.2975763016157989,0.12,34748,7655,1735,1989,5,1,16330
stage5_xgboost_smote_cuda,xgboost,smote,cuda,valid,fn5_fp1,5:1,0.759073020338604,0.249444280187102,0.21948051948051947,0.49919441460794844,0.3049040511727079,0.13,35792,6611,1865,1859,5,1,15936
stage5_xgboost_smote_cuda,xgboost,smote,cuda,valid,fn5_fp1,5:1,0.759073020338604,0.249444280187102,0.23091347441735868,0.46294307196562834,0.30813226094727436,0.14,36661,5742,2000,1724,5,1,15742
stage5_xgboost_smote_cuda,xgboost,smote,cuda,valid,fn5_fp1,5:1,0.759073020338604,0.249444280187102,0.2446743761412051,0.4317937701396348,0.3123543123543124,0.15,37439,4964,2116,1608,5,1,15544
stage5_xgboost_smote_cuda,xgboost,smote,cuda,valid,fn5_fp1,5:1,0.759073020338604,0.249444280187102,0.25902262130892767,0.4027926960257787,0.3152916447714136,0.16,38112,4291,2224,1500,5,1,15411
stage5_xgboost_smote_cuda,xgboost,smote,cuda,valid,fn5_fp1,5:1,0.759073020338604,0.249444280187102,0.2758962170726877,0.37406015037593987,0.3175652570386413,0.17,38747,3656,2331,1393,5,1,15311
stage5_xgboost_smote_cuda,xgboost,smote,cuda,valid,fn5_fp1,5:1,0.759073020338604,0.249444280187102,0.29071062597460456,0.3504296455424275,0.31778887130159506,0.18,39219,3184,2419,1305,5,1,15279
stage5_xgboost_smote_cuda,xgboost,smote,cuda,valid,fn5_fp1,5:1,0.759073020338604,0.249444280187102,0.3032911392405063,0.3216970998925886,0.31222309095647643,0.19,39651,2752,2526,1198,5,1,15382
stage5_xgboost_smote_cuda,xgboost,smote,cuda,valid,fn5_fp1,5:1,0.759073020338604,0.249444280187102,0.31583501586385926,0.29403866809881846,0.3045473508552357,0.2,40031,2372,2629,1095,5,1,15517
stage5_xgboost_smote_cuda,xgboost,smote,cuda,valid,fn5_fp1,5:1,0.759073020338604,0.249444280187102,0.32687963859309455,0.27201933404940926,0.29693683130587717,0.21,40317,2086,2711,1013,5,1,15641
stage5_xgboost_smote_cuda,xgboost,smote,cuda,valid,fn5_fp1,5:1,0.759073020338604,0.249444280187102,0.3405030987969377,0.25080558539205156,0.2888510901499923,0.22,40594,1809,2790,934,5,1,15759
stage5_xgboost_smote_cuda,xgboost,smote,cuda,valid,fn5_fp1,5:1,0.759073020338604,0.249444280187102,0.34737711689384554,0.22583243823845328,0.2737184703010578,0.23,40823,1580,2883,841,5,1,15995
stage5_xgboost_smote_cuda,xgboost,smote,cuda,valid,fn5_fp1,5:1,0.759073020338604,0.249444280187102,0.3569431500465983,0.20569280343716434,0.26098807495741055,0.24,41023,1380,2958,766,5,1,16170
stage5_xgboost_smote_cuda,xgboost,smote,cuda,valid,fn5_fp1,5:1,0.759073020338604,0.249444280187102,0.3698053655970542,0.18877551020408162,0.24995555555555554,0.25,41205,1198,3021,703,5,1,16303
stage5_xgboost_smote_cuda,xgboost,smote,cuda,valid,fn5_fp1,5:1,0.759073020338604,0.249444280187102,0.37815126050420167,0.16917293233082706,0.23376623376623376,0.26,41367,1036,3094,630,5,1,16506
stage5_xgboost_smote_cuda,xgboost,smote,cuda,valid,fn5_fp1,5:1,0.759073020338604,0.249444280187102,0.3891184573002755,0.15171858216971,0.21831530139103555,0.27,41516,887,3159,565,5,1,16682
stage5_xgboost_smote_cuda,xgboost,smote,cuda,valid,fn5_fp1,5:1,0.759073020338604,0.249444280187102,0.38992248062015505,0.13506981740064447,0.20063821300358994,0.28,41616,787,3221,503,5,1,16892
stage5_xgboost_smote_cuda,xgboost,smote,cuda,valid,fn5_fp1,5:1,0.759073020338604,0.249444280187102,0.3987836663770634,0.12325456498388829,0.18830769230769231,0.29,41711,692,3265,459,5,1,17017
stage5_xgboost_smote_cuda,xgboost,smote,cuda,valid,fn5_fp1,5:1,0.759073020338604,0.249444280187102,0.40572556762092793,0.11036519871106337,0.17352754908169726,0.3,41801,602,3313,411,5,1,17167
stage5_xgboost_smote_cuda,xgboost,smote,cuda,valid,fn5_fp1,5:1,0.759073020338604,0.249444280187102,0.4147982062780269,0.09935553168635876,0.16031195840554593,0.31,41881,522,3354,370,5,1,17292
stage5_xgboost_smote_cuda,xgboost,smote,cuda,valid,fn5_fp1,5:1,0.759073020338604,0.249444280187102,0.43256997455470736,0.09129967776584318,0.15077605321507762,0.32,41957,446,3384,340,5,1,17366
stage5_xgboost_smote_cuda,xgboost,smote,cuda,valid,fn5_fp1,5:1,0.759073020338604,0.249444280187102,0.43731778425655976,0.08055853920515575,0.1360544217687075,0.33,42017,386,3424,300,5,1,17506
stage5_xgboost_smote_cuda,xgboost,smote,cuda,valid,fn5_fp1,5:1,0.759073020338604,0.249444280187102,0.44208809135399674,0.07277121374865736,0.12497117823380217,0.34,42061,342,3453,271,5,1,17607
stage5_xgboost_smote_cuda,xgboost,smote,cuda,valid,fn5_fp1,5:1,0.759073020338604,0.249444280187102,0.467680608365019,0.06605800214822771,0.11576470588235294,0.35,42123,280,3478,246,5,1,17670
stage5_xgboost_smote_cuda,xgboost,smote,cuda,valid,fn5_fp1,5:1,0.759073020338604,0.249444280187102,0.465324384787472,0.055853920515574654,0.09973627427475426,0.36,42164,239,3516,208,5,1,17819
stage5_xgboost_smote_cuda,xgboost,smote,cuda,valid,fn5_fp1,5:1,0.759073020338604,0.249444280187102,0.4789473684210526,0.04887218045112782,0.08869395711500974,0.37,42205,198,3542,182,5,1,17908
stage5_xgboost_smote_cuda,xgboost,smote,cuda,valid,fn5_fp1,5:1,0.759073020338604,0.249444280187102,0.48672566371681414,0.04430719656283566,0.08122077282795964,0.38,42229,174,3559,165,5,1,17969
stage5_xgboost_smote_cuda,xgboost,smote,cuda,valid,fn5_fp1,5:1,0.759073020338604,0.249444280187102,0.5068027210884354,0.040010741138560686,0.0741662518666003,0.39,42258,145,3575,149,5,1,18020
stage5_xgboost_smote_cuda,xgboost,smote,cuda,valid,fn5_fp1,5:1,0.759073020338604,0.249444280187102,0.5173745173745173,0.0359828141783029,0.06728596535274918,0.4,42278,125,3590,134,5,1,18075
stage5_xgboost_smote_cuda,xgboost,smote,cuda,valid,fn5_fp1,5:1,0.759073020338604,0.249444280187102,0.5381165919282511,0.0322234156820623,0.06080567519635166,0.41,42300,103,3604,120,5,1,18123
stage5_xgboost_smote_cuda,xgboost,smote,cuda,valid,fn5_fp1,5:1,0.759073020338604,0.249444280187102,0.5467980295566502,0.029806659505907628,0.05653170359052712,0.42,42311,92,3613,111,5,1,18157
stage5_xgboost_smote_cuda,xgboost,smote,cuda,valid,fn5_fp1,5:1,0.759073020338604,0.249444280187102,0.5416666666666666,0.02443609022556391,0.046762589928057555,0.43,42326,77,3633,91,5,1,18242
stage5_xgboost_smote_cuda,xgboost,smote,cuda,valid,fn5_fp1,5:1,0.759073020338604,0.249444280187102,0.5273972602739726,0.020676691729323307,0.03979328165374677,0.44,42334,69,3647,77,5,1,18304
stage5_xgboost_smote_cuda,xgboost,smote,cuda,valid,fn5_fp1,5:1,0.759073020338604,0.249444280187102,0.5172413793103449,0.01611170784103115,0.03125,0.45,42347,56,3664,60,5,1,18376
stage5_xgboost_smote_cuda,xgboost,smote,cuda,valid,fn5_fp1,5:1,0.759073020338604,0.249444280187102,0.5106382978723404,0.01288936627282492,0.025144054478784705,0.46,42357,46,3676,48,5,1,18426
stage5_xgboost_smote_cuda,xgboost,smote,cuda,valid,fn5_fp1,5:1,0.759073020338604,0.249444280187102,0.52,0.010472610096670247,0.020531718873387735,0.47,42367,36,3685,39,5,1,18461
stage5_xgboost_smote_cuda,xgboost,smote,cuda,valid,fn5_fp1,5:1,0.759073020338604,0.249444280187102,0.5,0.00832438238453276,0.016376122556788168,0.48,42372,31,3693,31,5,1,18496
stage5_xgboost_smote_cuda,xgboost,smote,cuda,valid,fn5_fp1,5:1,0.759073020338604,0.249444280187102,0.5294117647058824,0.007250268528464017,0.014304635761589404,0.49,42379,24,3697,27,5,1,18509
stage5_xgboost_smote_cuda,xgboost,smote,cuda,valid,fn5_fp1,5:1,0.759073020338604,0.249444280187102,0.6176470588235294,0.005639097744360902,0.011176157530601383,0.5,42390,13,3703,21,5,1,18528
stage5_xgboost_smote_cuda,xgboost,smote,cuda,valid,fn5_fp1,5:1,0.759073020338604,0.249444280187102,0.625,0.004027926960257788,0.0080042689434365,0.51,42394,9,3709,15,5,1,18554
stage5_xgboost_smote_cuda,xgboost,smote,cuda,valid,fn5_fp1,5:1,0.759073020338604,0.249444280187102,0.6842105263157895,0.003490870032223416,0.006946299759551162,0.52,42397,6,3711,13,5,1,18561
stage5_xgboost_smote_cuda,xgboost,smote,cuda,valid,fn5_fp1,5:1,0.759073020338604,0.249444280187102,0.625,0.0026852846401718583,0.0053475935828877,0.53,42397,6,3714,10,5,1,18576
stage5_xgboost_smote_cuda,xgboost,smote,cuda,valid,fn5_fp1,5:1,0.759073020338604,0.249444280187102,0.6363636363636364,0.0018796992481203006,0.003748326639892905,0.54,42399,4,3717,7,5,1,18589
stage5_xgboost_smote_cuda,xgboost,smote,cuda,valid,fn5_fp1,5:1,0.759073020338604,0.249444280187102,0.7142857142857143,0.0013426423200859291,0.002680246582685607,0.55,42401,2,3719,5,5,1,18597
stage5_xgboost_smote_cuda,xgboost,smote,cuda,valid,fn5_fp1,5:1,0.759073020338604,0.249444280187102,1.0,0.0005370569280343716,0.0010735373054213634,0.56,42403,0,3722,2,5,1,18610
stage5_xgboost_smote_cuda,xgboost,smote,cuda,valid,fn5_fp1,5:1,0.759073020338604,0.249444280187102,1.0,0.0002685284640171858,0.0005369127516778523,0.57,42403,0,3723,1,5,1,18615
stage5_xgboost_smote_cuda,xgboost,smote,cuda,valid,fn5_fp1,5:1,0.759073020338604,0.249444280187102,0.0,0.0,0.0,0.58,42403,0,3724,0,5,1,18620
stage5_xgboost_smote_cuda,xgboost,smote,cuda,valid,fn5_fp1,5:1,0.759073020338604,0.249444280187102,0.0,0.0,0.0,0.59,42403,0,3724,0,5,1,18620
stage5_xgboost_smote_cuda,xgboost,smote,cuda,valid,fn5_fp1,5:1,0.759073020338604,0.249444280187102,0.0,0.0,0.0,0.6,42403,0,3724,0,5,1,18620
stage5_xgboost_smote_cuda,xgboost,smote,cuda,valid,fn5_fp1,5:1,0.759073020338604,0.249444280187102,0.0,0.0,0.0,0.61,42403,0,3724,0,5,1,18620
stage5_xgboost_smote_cuda,xgboost,smote,cuda,valid,fn5_fp1,5:1,0.759073020338604,0.249444280187102,0.0,0.0,0.0,0.62,42403,0,3724,0,5,1,18620
stage5_xgboost_smote_cuda,xgboost,smote,cuda,valid,fn5_fp1,5:1,0.759073020338604,0.249444280187102,0.0,0.0,0.0,0.63,42403,0,3724,0,5,1,18620
stage5_xgboost_smote_cuda,xgboost,smote,cuda,valid,fn5_fp1,5:1,0.759073020338604,0.249444280187102,0.0,0.0,0.0,0.64,42403,0,3724,0,5,1,18620
stage5_xgboost_smote_cuda,xgboost,smote,cuda,valid,fn5_fp1,5:1,0.759073020338604,0.249444280187102,0.0,0.0,0.0,0.65,42403,0,3724,0,5,1,18620
stage5_xgboost_smote_cuda,xgboost,smote,cuda,valid,fn5_fp1,5:1,0.759073020338604,0.249444280187102,0.0,0.0,0.0,0.66,42403,0,3724,0,5,1,18620
stage5_xgboost_smote_cuda,xgboost,smote,cuda,valid,fn5_fp1,5:1,0.759073020338604,0.249444280187102,0.0,0.0,0.0,0.67,42403,0,3724,0,5,1,18620
stage5_xgboost_smote_cuda,xgboost,smote,cuda,valid,fn5_fp1,5:1,0.759073020338604,0.249444280187102,0.0,0.0,0.0,0.68,42403,0,3724,0,5,1,18620
stage5_xgboost_smote_cuda,xgboost,smote,cuda,valid,fn5_fp1,5:1,0.759073020338604,0.249444280187102,0.0,0.0,0.0,0.69,42403,0,3724,0,5,1,18620
stage5_xgboost_smote_cuda,xgboost,smote,cuda,valid,fn5_fp1,5:1,0.759073020338604,0.249444280187102,0.0,0.0,0.0,0.7,42403,0,3724,0,5,1,18620
stage5_xgboost_smote_cuda,xgboost,smote,cuda,valid,fn5_fp1,5:1,0.759073020338604,0.249444280187102,0.0,0.0,0.0,0.71,42403,0,3724,0,5,1,18620
stage5_xgboost_smote_cuda,xgboost,smote,cuda,valid,fn5_fp1,5:1,0.759073020338604,0.249444280187102,0.0,0.0,0.0,0.72,42403,0,3724,0,5,1,18620
stage5_xgboost_smote_cuda,xgboost,smote,cuda,valid,fn5_fp1,5:1,0.759073020338604,0.249444280187102,0.0,0.0,0.0,0.73,42403,0,3724,0,5,1,18620
stage5_xgboost_smote_cuda,xgboost,smote,cuda,valid,fn5_fp1,5:1,0.759073020338604,0.249444280187102,0.0,0.0,0.0,0.74,42403,0,3724,0,5,1,18620
stage5_xgboost_smote_cuda,xgboost,smote,cuda,valid,fn5_fp1,5:1,0.759073020338604,0.249444280187102,0.0,0.0,0.0,0.75,42403,0,3724,0,5,1,18620
stage5_xgboost_smote_cuda,xgboost,smote,cuda,valid,fn5_fp1,5:1,0.759073020338604,0.249444280187102,0.0,0.0,0.0,0.76,42403,0,3724,0,5,1,18620
stage5_xgboost_smote_cuda,xgboost,smote,cuda,valid,fn5_fp1,5:1,0.759073020338604,0.249444280187102,0.0,0.0,0.0,0.77,42403,0,3724,0,5,1,18620
stage5_xgboost_smote_cuda,xgboost,smote,cuda,valid,fn5_fp1,5:1,0.759073020338604,0.249444280187102,0.0,0.0,0.0,0.78,42403,0,3724,0,5,1,18620
stage5_xgboost_smote_cuda,xgboost,smote,cuda,valid,fn5_fp1,5:1,0.759073020338604,0.249444280187102,0.0,0.0,0.0,0.79,42403,0,3724,0,5,1,18620
stage5_xgboost_smote_cuda,xgboost,smote,cuda,valid,fn5_fp1,5:1,0.759073020338604,0.249444280187102,0.0,0.0,0.0,0.8,42403,0,3724,0,5,1,18620
stage5_xgboost_smote_cuda,xgboost,smote,cuda,valid,fn5_fp1,5:1,0.759073020338604,0.249444280187102,0.0,0.0,0.0,0.81,42403,0,3724,0,5,1,18620
stage5_xgboost_smote_cuda,xgboost,smote,cuda,valid,fn5_fp1,5:1,0.759073020338604,0.249444280187102,0.0,0.0,0.0,0.82,42403,0,3724,0,5,1,18620
stage5_xgboost_smote_cuda,xgboost,smote,cuda,valid,fn5_fp1,5:1,0.759073020338604,0.249444280187102,0.0,0.0,0.0,0.83,42403,0,3724,0,5,1,18620
stage5_xgboost_smote_cuda,xgboost,smote,cuda,valid,fn5_fp1,5:1,0.759073020338604,0.249444280187102,0.0,0.0,0.0,0.84,42403,0,3724,0,5,1,18620
stage5_xgboost_smote_cuda,xgboost,smote,cuda,valid,fn5_fp1,5:1,0.759073020338604,0.249444280187102,0.0,0.0,0.0,0.85,42403,0,3724,0,5,1,18620
stage5_xgboost_smote_cuda,xgboost,smote,cuda,valid,fn5_fp1,5:1,0.759073020338604,0.249444280187102,0.0,0.0,0.0,0.86,42403,0,3724,0,5,1,18620
stage5_xgboost_smote_cuda,xgboost,smote,cuda,valid,fn5_fp1,5:1,0.759073020338604,0.249444280187102,0.0,0.0,0.0,0.87,42403,0,3724,0,5,1,18620
stage5_xgboost_smote_cuda,xgboost,smote,cuda,valid,fn5_fp1,5:1,0.759073020338604,0.249444280187102,0.0,0.0,0.0,0.88,42403,0,3724,0,5,1,18620
stage5_xgboost_smote_cuda,xgboost,smote,cuda,valid,fn5_fp1,5:1,0.759073020338604,0.249444280187102,0.0,0.0,0.0,0.89,42403,0,3724,0,5,1,18620
stage5_xgboost_smote_cuda,xgboost,smote,cuda,valid,fn5_fp1,5:1,0.759073020338604,0.249444280187102,0.0,0.0,0.0,0.9,42403,0,3724,0,5,1,18620
stage5_xgboost_smote_cuda,xgboost,smote,cuda,valid,fn5_fp1,5:1,0.759073020338604,0.249444280187102,0.0,0.0,0.0,0.91,42403,0,3724,0,5,1,18620
stage5_xgboost_smote_cuda,xgboost,smote,cuda,valid,fn5_fp1,5:1,0.759073020338604,0.249444280187102,0.0,0.0,0.0,0.92,42403,0,3724,0,5,1,18620
stage5_xgboost_smote_cuda,xgboost,smote,cuda,valid,fn5_fp1,5:1,0.759073020338604,0.249444280187102,0.0,0.0,0.0,0.93,42403,0,3724,0,5,1,18620
stage5_xgboost_smote_cuda,xgboost,smote,cuda,valid,fn5_fp1,5:1,0.759073020338604,0.249444280187102,0.0,0.0,0.0,0.94,42403,0,3724,0,5,1,18620
stage5_xgboost_smote_cuda,xgboost,smote,cuda,valid,fn5_fp1,5:1,0.759073020338604,0.249444280187102,0.0,0.0,0.0,0.95,42403,0,3724,0,5,1,18620
stage5_xgboost_smote_cuda,xgboost,smote,cuda,valid,fn5_fp1,5:1,0.759073020338604,0.249444280187102,0.0,0.0,0.0,0.96,42403,0,3724,0,5,1,18620
stage5_xgboost_smote_cuda,xgboost,smote,cuda,valid,fn5_fp1,5:1,0.759073020338604,0.249444280187102,0.0,0.0,0.0,0.97,42403,0,3724,0,5,1,18620
stage5_xgboost_smote_cuda,xgboost,smote,cuda,valid,fn5_fp1,5:1,0.759073020338604,0.249444280187102,0.0,0.0,0.0,0.98,42403,0,3724,0,5,1,18620
stage5_xgboost_smote_cuda,xgboost,smote,cuda,valid,fn5_fp1,5:1,0.759073020338604,0.249444280187102,0.0,0.0,0.0,0.99,42403,0,3724,0,5,1,18620
stage5_xgboost_smote_cuda,xgboost,smote,cuda,valid,fn10_fp1,10:1,0.759073020338604,0.249444280187102,0.08146024381169158,0.9994629430719656,0.1506425174542143,0.01,434,41969,2,3722,10,1,41989
stage5_xgboost_smote_cuda,xgboost,smote,cuda,valid,fn10_fp1,10:1,0.759073020338604,0.249444280187102,0.08861833967938301,0.981203007518797,0.1625553306492871,0.02,4824,37579,70,3654,10,1,38279
stage5_xgboost_smote_cuda,xgboost,smote,cuda,valid,fn10_fp1,10:1,0.759073020338604,0.249444280187102,0.1003902800330456,0.9462943071965628,0.1815231668684163,0.03,10824,31579,200,3524,10,1,33579
stage5_xgboost_smote_cuda,xgboost,smote,cuda,valid,fn10_fp1,10:1,0.759073020338604,0.249444280187102,0.11222585160989268,0.9041353383458647,0.19966791199667913,0.04,15768,26635,357,3367,10,1,30205
stage5_xgboost_smote_cuda,xgboost,smote,cuda,valid,fn10_fp1,10:1,0.759073020338604,0.249444280187102,0.12446185471046814,0.8617078410311493,0.21750771003490696,0.05,19829,22574,515,3209,10,1,27724
stage5_xgboost_smote_cuda,xgboost,smote,cuda,valid,fn10_fp1,10:1,0.759073020338604,0.249444280187102,0.13551907639577884,0.8069280343716434,0.2320642520657966,0.06,23234,19169,719,3005,10,1,26359
stage5_xgboost_smote_cuda,xgboost,smote,cuda,valid,fn10_fp1,10:1,0.759073020338604,0.249444280187102,0.14679376985987394,0.7567132116004296,0.24588805025958727,0.07,26024,16379,906,2818,10,1,25439
stage5_xgboost_smote_cuda,xgboost,smote,cuda,valid,fn10_fp1,10:1,0.759073020338604,0.249444280187102,0.1581981981981982,0.7073039742212675,0.25856483753803866,0.08,28387,14016,1090,2634,10,1,24916
stage5_xgboost_smote_cuda,xgboost,smote,cuda,valid,fn10_fp1,10:1,0.759073020338604,0.249444280187102,0.17011128775834658,0.6608485499462943,0.27057336045297126,0.09,30397,12006,1263,2461,10,1,24636
stage5_xgboost_smote_cuda,xgboost,smote,cuda,valid,fn10_fp1,10:1,0.759073020338604,0.249444280187102,0.18269230769230768,0.6173469387755102,0.28194751042433164,0.1,32118,10285,1425,2299,10,1,24535
stage5_xgboost_smote_cuda,xgboost,smote,cuda,valid,fn10_fp1,10:1,0.759073020338604,0.249444280187102,0.1937590711175617,0.5735767991407089,0.28966639544344996,0.11,33515,8888,1588,2136,10,1,24768
stage5_xgboost_smote_cuda,xgboost,smote,cuda,valid,fn10_fp1,10:1,0.759073020338604,0.249444280187102,0.20624222314392368,0.5341031149301826,0.2975763016157989,0.12,34748,7655,1735,1989,10,1,25005
stage5_xgboost_smote_cuda,xgboost,smote,cuda,valid,fn10_fp1,10:1,0.759073020338604,0.249444280187102,0.21948051948051947,0.49919441460794844,0.3049040511727079,0.13,35792,6611,1865,1859,10,1,25261
stage5_xgboost_smote_cuda,xgboost,smote,cuda,valid,fn10_fp1,10:1,0.759073020338604,0.249444280187102,0.23091347441735868,0.46294307196562834,0.30813226094727436,0.14,36661,5742,2000,1724,10,1,25742
stage5_xgboost_smote_cuda,xgboost,smote,cuda,valid,fn10_fp1,10:1,0.759073020338604,0.249444280187102,0.2446743761412051,0.4317937701396348,0.3123543123543124,0.15,37439,4964,2116,1608,10,1,26124
stage5_xgboost_smote_cuda,xgboost,smote,cuda,valid,fn10_fp1,10:1,0.759073020338604,0.249444280187102,0.25902262130892767,0.4027926960257787,0.3152916447714136,0.16,38112,4291,2224,1500,10,1,26531
stage5_xgboost_smote_cuda,xgboost,smote,cuda,valid,fn10_fp1,10:1,0.759073020338604,0.249444280187102,0.2758962170726877,0.37406015037593987,0.3175652570386413,0.17,38747,3656,2331,1393,10,1,26966
stage5_xgboost_smote_cuda,xgboost,smote,cuda,valid,fn10_fp1,10:1,0.759073020338604,0.249444280187102,0.29071062597460456,0.3504296455424275,0.31778887130159506,0.18,39219,3184,2419,1305,10,1,27374
stage5_xgboost_smote_cuda,xgboost,smote,cuda,valid,fn10_fp1,10:1,0.759073020338604,0.249444280187102,0.3032911392405063,0.3216970998925886,0.31222309095647643,0.19,39651,2752,2526,1198,10,1,28012
stage5_xgboost_smote_cuda,xgboost,smote,cuda,valid,fn10_fp1,10:1,0.759073020338604,0.249444280187102,0.31583501586385926,0.29403866809881846,0.3045473508552357,0.2,40031,2372,2629,1095,10,1,28662
stage5_xgboost_smote_cuda,xgboost,smote,cuda,valid,fn10_fp1,10:1,0.759073020338604,0.249444280187102,0.32687963859309455,0.27201933404940926,0.29693683130587717,0.21,40317,2086,2711,1013,10,1,29196
stage5_xgboost_smote_cuda,xgboost,smote,cuda,valid,fn10_fp1,10:1,0.759073020338604,0.249444280187102,0.3405030987969377,0.25080558539205156,0.2888510901499923,0.22,40594,1809,2790,934,10,1,29709
stage5_xgboost_smote_cuda,xgboost,smote,cuda,valid,fn10_fp1,10:1,0.759073020338604,0.249444280187102,0.34737711689384554,0.22583243823845328,0.2737184703010578,0.23,40823,1580,2883,841,10,1,30410
stage5_xgboost_smote_cuda,xgboost,smote,cuda,valid,fn10_fp1,10:1,0.759073020338604,0.249444280187102,0.3569431500465983,0.20569280343716434,0.26098807495741055,0.24,41023,1380,2958,766,10,1,30960
stage5_xgboost_smote_cuda,xgboost,smote,cuda,valid,fn10_fp1,10:1,0.759073020338604,0.249444280187102,0.3698053655970542,0.18877551020408162,0.24995555555555554,0.25,41205,1198,3021,703,10,1,31408
stage5_xgboost_smote_cuda,xgboost,smote,cuda,valid,fn10_fp1,10:1,0.759073020338604,0.249444280187102,0.37815126050420167,0.16917293233082706,0.23376623376623376,0.26,41367,1036,3094,630,10,1,31976
stage5_xgboost_smote_cuda,xgboost,smote,cuda,valid,fn10_fp1,10:1,0.759073020338604,0.249444280187102,0.3891184573002755,0.15171858216971,0.21831530139103555,0.27,41516,887,3159,565,10,1,32477
stage5_xgboost_smote_cuda,xgboost,smote,cuda,valid,fn10_fp1,10:1,0.759073020338604,0.249444280187102,0.38992248062015505,0.13506981740064447,0.20063821300358994,0.28,41616,787,3221,503,10,1,32997
stage5_xgboost_smote_cuda,xgboost,smote,cuda,valid,fn10_fp1,10:1,0.759073020338604,0.249444280187102,0.3987836663770634,0.12325456498388829,0.18830769230769231,0.29,41711,692,3265,459,10,1,33342
stage5_xgboost_smote_cuda,xgboost,smote,cuda,valid,fn10_fp1,10:1,0.759073020338604,0.249444280187102,0.40572556762092793,0.11036519871106337,0.17352754908169726,0.3,41801,602,3313,411,10,1,33732
stage5_xgboost_smote_cuda,xgboost,smote,cuda,valid,fn10_fp1,10:1,0.759073020338604,0.249444280187102,0.4147982062780269,0.09935553168635876,0.16031195840554593,0.31,41881,522,3354,370,10,1,34062
stage5_xgboost_smote_cuda,xgboost,smote,cuda,valid,fn10_fp1,10:1,0.759073020338604,0.249444280187102,0.43256997455470736,0.09129967776584318,0.15077605321507762,0.32,41957,446,3384,340,10,1,34286
stage5_xgboost_smote_cuda,xgboost,smote,cuda,valid,fn10_fp1,10:1,0.759073020338604,0.249444280187102,0.43731778425655976,0.08055853920515575,0.1360544217687075,0.33,42017,386,3424,300,10,1,34626
stage5_xgboost_smote_cuda,xgboost,smote,cuda,valid,fn10_fp1,10:1,0.759073020338604,0.249444280187102,0.44208809135399674,0.07277121374865736,0.12497117823380217,0.34,42061,342,3453,271,10,1,34872
stage5_xgboost_smote_cuda,xgboost,smote,cuda,valid,fn10_fp1,10:1,0.759073020338604,0.249444280187102,0.467680608365019,0.06605800214822771,0.11576470588235294,0.35,42123,280,3478,246,10,1,35060
stage5_xgboost_smote_cuda,xgboost,smote,cuda,valid,fn10_fp1,10:1,0.759073020338604,0.249444280187102,0.465324384787472,0.055853920515574654,0.09973627427475426,0.36,42164,239,3516,208,10,1,35399
stage5_xgboost_smote_cuda,xgboost,smote,cuda,valid,fn10_fp1,10:1,0.759073020338604,0.249444280187102,0.4789473684210526,0.04887218045112782,0.08869395711500974,0.37,42205,198,3542,182,10,1,35618
stage5_xgboost_smote_cuda,xgboost,smote,cuda,valid,fn10_fp1,10:1,0.759073020338604,0.249444280187102,0.48672566371681414,0.04430719656283566,0.08122077282795964,0.38,42229,174,3559,165,10,1,35764
stage5_xgboost_smote_cuda,xgboost,smote,cuda,valid,fn10_fp1,10:1,0.759073020338604,0.249444280187102,0.5068027210884354,0.040010741138560686,0.0741662518666003,0.39,42258,145,3575,149,10,1,35895
stage5_xgboost_smote_cuda,xgboost,smote,cuda,valid,fn10_fp1,10:1,0.759073020338604,0.249444280187102,0.5173745173745173,0.0359828141783029,0.06728596535274918,0.4,42278,125,3590,134,10,1,36025
stage5_xgboost_smote_cuda,xgboost,smote,cuda,valid,fn10_fp1,10:1,0.759073020338604,0.249444280187102,0.5381165919282511,0.0322234156820623,0.06080567519635166,0.41,42300,103,3604,120,10,1,36143
stage5_xgboost_smote_cuda,xgboost,smote,cuda,valid,fn10_fp1,10:1,0.759073020338604,0.249444280187102,0.5467980295566502,0.029806659505907628,0.05653170359052712,0.42,42311,92,3613,111,10,1,36222
stage5_xgboost_smote_cuda,xgboost,smote,cuda,valid,fn10_fp1,10:1,0.759073020338604,0.249444280187102,0.5416666666666666,0.02443609022556391,0.046762589928057555,0.43,42326,77,3633,91,10,1,36407
stage5_xgboost_smote_cuda,xgboost,smote,cuda,valid,fn10_fp1,10:1,0.759073020338604,0.249444280187102,0.5273972602739726,0.020676691729323307,0.03979328165374677,0.44,42334,69,3647,77,10,1,36539
stage5_xgboost_smote_cuda,xgboost,smote,cuda,valid,fn10_fp1,10:1,0.759073020338604,0.249444280187102,0.5172413793103449,0.01611170784103115,0.03125,0.45,42347,56,3664,60,10,1,36696
stage5_xgboost_smote_cuda,xgboost,smote,cuda,valid,fn10_fp1,10:1,0.759073020338604,0.249444280187102,0.5106382978723404,0.01288936627282492,0.025144054478784705,0.46,42357,46,3676,48,10,1,36806
stage5_xgboost_smote_cuda,xgboost,smote,cuda,valid,fn10_fp1,10:1,0.759073020338604,0.249444280187102,0.52,0.010472610096670247,0.020531718873387735,0.47,42367,36,3685,39,10,1,36886
stage5_xgboost_smote_cuda,xgboost,smote,cuda,valid,fn10_fp1,10:1,0.759073020338604,0.249444280187102,0.5,0.00832438238453276,0.016376122556788168,0.48,42372,31,3693,31,10,1,36961
stage5_xgboost_smote_cuda,xgboost,smote,cuda,valid,fn10_fp1,10:1,0.759073020338604,0.249444280187102,0.5294117647058824,0.007250268528464017,0.014304635761589404,0.49,42379,24,3697,27,10,1,36994
stage5_xgboost_smote_cuda,xgboost,smote,cuda,valid,fn10_fp1,10:1,0.759073020338604,0.249444280187102,0.6176470588235294,0.005639097744360902,0.011176157530601383,0.5,42390,13,3703,21,10,1,37043
stage5_xgboost_smote_cuda,xgboost,smote,cuda,valid,fn10_fp1,10:1,0.759073020338604,0.249444280187102,0.625,0.004027926960257788,0.0080042689434365,0.51,42394,9,3709,15,10,1,37099
stage5_xgboost_smote_cuda,xgboost,smote,cuda,valid,fn10_fp1,10:1,0.759073020338604,0.249444280187102,0.6842105263157895,0.003490870032223416,0.006946299759551162,0.52,42397,6,3711,13,10,1,37116
stage5_xgboost_smote_cuda,xgboost,smote,cuda,valid,fn10_fp1,10:1,0.759073020338604,0.249444280187102,0.625,0.0026852846401718583,0.0053475935828877,0.53,42397,6,3714,10,10,1,37146
stage5_xgboost_smote_cuda,xgboost,smote,cuda,valid,fn10_fp1,10:1,0.759073020338604,0.249444280187102,0.6363636363636364,0.0018796992481203006,0.003748326639892905,0.54,42399,4,3717,7,10,1,37174
stage5_xgboost_smote_cuda,xgboost,smote,cuda,valid,fn10_fp1,10:1,0.759073020338604,0.249444280187102,0.7142857142857143,0.0013426423200859291,0.002680246582685607,0.55,42401,2,3719,5,10,1,37192
stage5_xgboost_smote_cuda,xgboost,smote,cuda,valid,fn10_fp1,10:1,0.759073020338604,0.249444280187102,1.0,0.0005370569280343716,0.0010735373054213634,0.56,42403,0,3722,2,10,1,37220
stage5_xgboost_smote_cuda,xgboost,smote,cuda,valid,fn10_fp1,10:1,0.759073020338604,0.249444280187102,1.0,0.0002685284640171858,0.0005369127516778523,0.57,42403,0,3723,1,10,1,37230
stage5_xgboost_smote_cuda,xgboost,smote,cuda,valid,fn10_fp1,10:1,0.759073020338604,0.249444280187102,0.0,0.0,0.0,0.58,42403,0,3724,0,10,1,37240
stage5_xgboost_smote_cuda,xgboost,smote,cuda,valid,fn10_fp1,10:1,0.759073020338604,0.249444280187102,0.0,0.0,0.0,0.59,42403,0,3724,0,10,1,37240
stage5_xgboost_smote_cuda,xgboost,smote,cuda,valid,fn10_fp1,10:1,0.759073020338604,0.249444280187102,0.0,0.0,0.0,0.6,42403,0,3724,0,10,1,37240
stage5_xgboost_smote_cuda,xgboost,smote,cuda,valid,fn10_fp1,10:1,0.759073020338604,0.249444280187102,0.0,0.0,0.0,0.61,42403,0,3724,0,10,1,37240
stage5_xgboost_smote_cuda,xgboost,smote,cuda,valid,fn10_fp1,10:1,0.759073020338604,0.249444280187102,0.0,0.0,0.0,0.62,42403,0,3724,0,10,1,37240
stage5_xgboost_smote_cuda,xgboost,smote,cuda,valid,fn10_fp1,10:1,0.759073020338604,0.249444280187102,0.0,0.0,0.0,0.63,42403,0,3724,0,10,1,37240
stage5_xgboost_smote_cuda,xgboost,smote,cuda,valid,fn10_fp1,10:1,0.759073020338604,0.249444280187102,0.0,0.0,0.0,0.64,42403,0,3724,0,10,1,37240
stage5_xgboost_smote_cuda,xgboost,smote,cuda,valid,fn10_fp1,10:1,0.759073020338604,0.249444280187102,0.0,0.0,0.0,0.65,42403,0,3724,0,10,1,37240
stage5_xgboost_smote_cuda,xgboost,smote,cuda,valid,fn10_fp1,10:1,0.759073020338604,0.249444280187102,0.0,0.0,0.0,0.66,42403,0,3724,0,10,1,37240
stage5_xgboost_smote_cuda,xgboost,smote,cuda,valid,fn10_fp1,10:1,0.759073020338604,0.249444280187102,0.0,0.0,0.0,0.67,42403,0,3724,0,10,1,37240
stage5_xgboost_smote_cuda,xgboost,smote,cuda,valid,fn10_fp1,10:1,0.759073020338604,0.249444280187102,0.0,0.0,0.0,0.68,42403,0,3724,0,10,1,37240
stage5_xgboost_smote_cuda,xgboost,smote,cuda,valid,fn10_fp1,10:1,0.759073020338604,0.249444280187102,0.0,0.0,0.0,0.69,42403,0,3724,0,10,1,37240
stage5_xgboost_smote_cuda,xgboost,smote,cuda,valid,fn10_fp1,10:1,0.759073020338604,0.249444280187102,0.0,0.0,0.0,0.7,42403,0,3724,0,10,1,37240
stage5_xgboost_smote_cuda,xgboost,smote,cuda,valid,fn10_fp1,10:1,0.759073020338604,0.249444280187102,0.0,0.0,0.0,0.71,42403,0,3724,0,10,1,37240
stage5_xgboost_smote_cuda,xgboost,smote,cuda,valid,fn10_fp1,10:1,0.759073020338604,0.249444280187102,0.0,0.0,0.0,0.72,42403,0,3724,0,10,1,37240
stage5_xgboost_smote_cuda,xgboost,smote,cuda,valid,fn10_fp1,10:1,0.759073020338604,0.249444280187102,0.0,0.0,0.0,0.73,42403,0,3724,0,10,1,37240
stage5_xgboost_smote_cuda,xgboost,smote,cuda,valid,fn10_fp1,10:1,0.759073020338604,0.249444280187102,0.0,0.0,0.0,0.74,42403,0,3724,0,10,1,37240
stage5_xgboost_smote_cuda,xgboost,smote,cuda,valid,fn10_fp1,10:1,0.759073020338604,0.249444280187102,0.0,0.0,0.0,0.75,42403,0,3724,0,10,1,37240
stage5_xgboost_smote_cuda,xgboost,smote,cuda,valid,fn10_fp1,10:1,0.759073020338604,0.249444280187102,0.0,0.0,0.0,0.76,42403,0,3724,0,10,1,37240
stage5_xgboost_smote_cuda,xgboost,smote,cuda,valid,fn10_fp1,10:1,0.759073020338604,0.249444280187102,0.0,0.0,0.0,0.77,42403,0,3724,0,10,1,37240
stage5_xgboost_smote_cuda,xgboost,smote,cuda,valid,fn10_fp1,10:1,0.759073020338604,0.249444280187102,0.0,0.0,0.0,0.78,42403,0,3724,0,10,1,37240
stage5_xgboost_smote_cuda,xgboost,smote,cuda,valid,fn10_fp1,10:1,0.759073020338604,0.249444280187102,0.0,0.0,0.0,0.79,42403,0,3724,0,10,1,37240
stage5_xgboost_smote_cuda,xgboost,smote,cuda,valid,fn10_fp1,10:1,0.759073020338604,0.249444280187102,0.0,0.0,0.0,0.8,42403,0,3724,0,10,1,37240
stage5_xgboost_smote_cuda,xgboost,smote,cuda,valid,fn10_fp1,10:1,0.759073020338604,0.249444280187102,0.0,0.0,0.0,0.81,42403,0,3724,0,10,1,37240
stage5_xgboost_smote_cuda,xgboost,smote,cuda,valid,fn10_fp1,10:1,0.759073020338604,0.249444280187102,0.0,0.0,0.0,0.82,42403,0,3724,0,10,1,37240
stage5_xgboost_smote_cuda,xgboost,smote,cuda,valid,fn10_fp1,10:1,0.759073020338604,0.249444280187102,0.0,0.0,0.0,0.83,42403,0,3724,0,10,1,37240
stage5_xgboost_smote_cuda,xgboost,smote,cuda,valid,fn10_fp1,10:1,0.759073020338604,0.249444280187102,0.0,0.0,0.0,0.84,42403,0,3724,0,10,1,37240
stage5_xgboost_smote_cuda,xgboost,smote,cuda,valid,fn10_fp1,10:1,0.759073020338604,0.249444280187102,0.0,0.0,0.0,0.85,42403,0,3724,0,10,1,37240
stage5_xgboost_smote_cuda,xgboost,smote,cuda,valid,fn10_fp1,10:1,0.759073020338604,0.249444280187102,0.0,0.0,0.0,0.86,42403,0,3724,0,10,1,37240
stage5_xgboost_smote_cuda,xgboost,smote,cuda,valid,fn10_fp1,10:1,0.759073020338604,0.249444280187102,0.0,0.0,0.0,0.87,42403,0,3724,0,10,1,37240
stage5_xgboost_smote_cuda,xgboost,smote,cuda,valid,fn10_fp1,10:1,0.759073020338604,0.249444280187102,0.0,0.0,0.0,0.88,42403,0,3724,0,10,1,37240
stage5_xgboost_smote_cuda,xgboost,smote,cuda,valid,fn10_fp1,10:1,0.759073020338604,0.249444280187102,0.0,0.0,0.0,0.89,42403,0,3724,0,10,1,37240
stage5_xgboost_smote_cuda,xgboost,smote,cuda,valid,fn10_fp1,10:1,0.759073020338604,0.249444280187102,0.0,0.0,0.0,0.9,42403,0,3724,0,10,1,37240
stage5_xgboost_smote_cuda,xgboost,smote,cuda,valid,fn10_fp1,10:1,0.759073020338604,0.249444280187102,0.0,0.0,0.0,0.91,42403,0,3724,0,10,1,37240
stage5_xgboost_smote_cuda,xgboost,smote,cuda,valid,fn10_fp1,10:1,0.759073020338604,0.249444280187102,0.0,0.0,0.0,0.92,42403,0,3724,0,10,1,37240
stage5_xgboost_smote_cuda,xgboost,smote,cuda,valid,fn10_fp1,10:1,0.759073020338604,0.249444280187102,0.0,0.0,0.0,0.93,42403,0,3724,0,10,1,37240
stage5_xgboost_smote_cuda,xgboost,smote,cuda,valid,fn10_fp1,10:1,0.759073020338604,0.249444280187102,0.0,0.0,0.0,0.94,42403,0,3724,0,10,1,37240
stage5_xgboost_smote_cuda,xgboost,smote,cuda,valid,fn10_fp1,10:1,0.759073020338604,0.249444280187102,0.0,0.0,0.0,0.95,42403,0,3724,0,10,1,37240
stage5_xgboost_smote_cuda,xgboost,smote,cuda,valid,fn10_fp1,10:1,0.759073020338604,0.249444280187102,0.0,0.0,0.0,0.96,42403,0,3724,0,10,1,37240
stage5_xgboost_smote_cuda,xgboost,smote,cuda,valid,fn10_fp1,10:1,0.759073020338604,0.249444280187102,0.0,0.0,0.0,0.97,42403,0,3724,0,10,1,37240
stage5_xgboost_smote_cuda,xgboost,smote,cuda,valid,fn10_fp1,10:1,0.759073020338604,0.249444280187102,0.0,0.0,0.0,0.98,42403,0,3724,0,10,1,37240
stage5_xgboost_smote_cuda,xgboost,smote,cuda,valid,fn10_fp1,10:1,0.759073020338604,0.249444280187102,0.0,0.0,0.0,0.99,42403,0,3724,0,10,1,37240
stage5_xgboost_smote_cuda,xgboost,smote,cuda,valid,fn20_fp1,20:1,0.759073020338604,0.249444280187102,0.08146024381169158,0.9994629430719656,0.1506425174542143,0.01,434,41969,2,3722,20,1,42009
stage5_xgboost_smote_cuda,xgboost,smote,cuda,valid,fn20_fp1,20:1,0.759073020338604,0.249444280187102,0.08861833967938301,0.981203007518797,0.1625553306492871,0.02,4824,37579,70,3654,20,1,38979
stage5_xgboost_smote_cuda,xgboost,smote,cuda,valid,fn20_fp1,20:1,0.759073020338604,0.249444280187102,0.1003902800330456,0.9462943071965628,0.1815231668684163,0.03,10824,31579,200,3524,20,1,35579
stage5_xgboost_smote_cuda,xgboost,smote,cuda,valid,fn20_fp1,20:1,0.759073020338604,0.249444280187102,0.11222585160989268,0.9041353383458647,0.19966791199667913,0.04,15768,26635,357,3367,20,1,33775
stage5_xgboost_smote_cuda,xgboost,smote,cuda,valid,fn20_fp1,20:1,0.759073020338604,0.249444280187102,0.12446185471046814,0.8617078410311493,0.21750771003490696,0.05,19829,22574,515,3209,20,1,32874
stage5_xgboost_smote_cuda,xgboost,smote,cuda,valid,fn20_fp1,20:1,0.759073020338604,0.249444280187102,0.13551907639577884,0.8069280343716434,0.2320642520657966,0.06,23234,19169,719,3005,20,1,33549
stage5_xgboost_smote_cuda,xgboost,smote,cuda,valid,fn20_fp1,20:1,0.759073020338604,0.249444280187102,0.14679376985987394,0.7567132116004296,0.24588805025958727,0.07,26024,16379,906,2818,20,1,34499
stage5_xgboost_smote_cuda,xgboost,smote,cuda,valid,fn20_fp1,20:1,0.759073020338604,0.249444280187102,0.1581981981981982,0.7073039742212675,0.25856483753803866,0.08,28387,14016,1090,2634,20,1,35816
stage5_xgboost_smote_cuda,xgboost,smote,cuda,valid,fn20_fp1,20:1,0.759073020338604,0.249444280187102,0.17011128775834658,0.6608485499462943,0.27057336045297126,0.09,30397,12006,1263,2461,20,1,37266
stage5_xgboost_smote_cuda,xgboost,smote,cuda,valid,fn20_fp1,20:1,0.759073020338604,0.249444280187102,0.18269230769230768,0.6173469387755102,0.28194751042433164,0.1,32118,10285,1425,2299,20,1,38785
stage5_xgboost_smote_cuda,xgboost,smote,cuda,valid,fn20_fp1,20:1,0.759073020338604,0.249444280187102,0.1937590711175617,0.5735767991407089,0.28966639544344996,0.11,33515,8888,1588,2136,20,1,40648
stage5_xgboost_smote_cuda,xgboost,smote,cuda,valid,fn20_fp1,20:1,0.759073020338604,0.249444280187102,0.20624222314392368,0.5341031149301826,0.2975763016157989,0.12,34748,7655,1735,1989,20,1,42355
stage5_xgboost_smote_cuda,xgboost,smote,cuda,valid,fn20_fp1,20:1,0.759073020338604,0.249444280187102,0.21948051948051947,0.49919441460794844,0.3049040511727079,0.13,35792,6611,1865,1859,20,1,43911
stage5_xgboost_smote_cuda,xgboost,smote,cuda,valid,fn20_fp1,20:1,0.759073020338604,0.249444280187102,0.23091347441735868,0.46294307196562834,0.30813226094727436,0.14,36661,5742,2000,1724,20,1,45742
stage5_xgboost_smote_cuda,xgboost,smote,cuda,valid,fn20_fp1,20:1,0.759073020338604,0.249444280187102,0.2446743761412051,0.4317937701396348,0.3123543123543124,0.15,37439,4964,2116,1608,20,1,47284
stage5_xgboost_smote_cuda,xgboost,smote,cuda,valid,fn20_fp1,20:1,0.759073020338604,0.249444280187102,0.25902262130892767,0.4027926960257787,0.3152916447714136,0.16,38112,4291,2224,1500,20,1,48771
stage5_xgboost_smote_cuda,xgboost,smote,cuda,valid,fn20_fp1,20:1,0.759073020338604,0.249444280187102,0.2758962170726877,0.37406015037593987,0.3175652570386413,0.17,38747,3656,2331,1393,20,1,50276
stage5_xgboost_smote_cuda,xgboost,smote,cuda,valid,fn20_fp1,20:1,0.759073020338604,0.249444280187102,0.29071062597460456,0.3504296455424275,0.31778887130159506,0.18,39219,3184,2419,1305,20,1,51564
stage5_xgboost_smote_cuda,xgboost,smote,cuda,valid,fn20_fp1,20:1,0.759073020338604,0.249444280187102,0.3032911392405063,0.3216970998925886,0.31222309095647643,0.19,39651,2752,2526,1198,20,1,53272
stage5_xgboost_smote_cuda,xgboost,smote,cuda,valid,fn20_fp1,20:1,0.759073020338604,0.249444280187102,0.31583501586385926,0.29403866809881846,0.3045473508552357,0.2,40031,2372,2629,1095,20,1,54952
stage5_xgboost_smote_cuda,xgboost,smote,cuda,valid,fn20_fp1,20:1,0.759073020338604,0.249444280187102,0.32687963859309455,0.27201933404940926,0.29693683130587717,0.21,40317,2086,2711,1013,20,1,56306
stage5_xgboost_smote_cuda,xgboost,smote,cuda,valid,fn20_fp1,20:1,0.759073020338604,0.249444280187102,0.3405030987969377,0.25080558539205156,0.2888510901499923,0.22,40594,1809,2790,934,20,1,57609
stage5_xgboost_smote_cuda,xgboost,smote,cuda,valid,fn20_fp1,20:1,0.759073020338604,0.249444280187102,0.34737711689384554,0.22583243823845328,0.2737184703010578,0.23,40823,1580,2883,841,20,1,59240
stage5_xgboost_smote_cuda,xgboost,smote,cuda,valid,fn20_fp1,20:1,0.759073020338604,0.249444280187102,0.3569431500465983,0.20569280343716434,0.26098807495741055,0.24,41023,1380,2958,766,20,1,60540
stage5_xgboost_smote_cuda,xgboost,smote,cuda,valid,fn20_fp1,20:1,0.759073020338604,0.249444280187102,0.3698053655970542,0.18877551020408162,0.24995555555555554,0.25,41205,1198,3021,703,20,1,61618
stage5_xgboost_smote_cuda,xgboost,smote,cuda,valid,fn20_fp1,20:1,0.759073020338604,0.249444280187102,0.37815126050420167,0.16917293233082706,0.23376623376623376,0.26,41367,1036,3094,630,20,1,62916
stage5_xgboost_smote_cuda,xgboost,smote,cuda,valid,fn20_fp1,20:1,0.759073020338604,0.249444280187102,0.3891184573002755,0.15171858216971,0.21831530139103555,0.27,41516,887,3159,565,20,1,64067
stage5_xgboost_smote_cuda,xgboost,smote,cuda,valid,fn20_fp1,20:1,0.759073020338604,0.249444280187102,0.38992248062015505,0.13506981740064447,0.20063821300358994,0.28,41616,787,3221,503,20,1,65207
stage5_xgboost_smote_cuda,xgboost,smote,cuda,valid,fn20_fp1,20:1,0.759073020338604,0.249444280187102,0.3987836663770634,0.12325456498388829,0.18830769230769231,0.29,41711,692,3265,459,20,1,65992
stage5_xgboost_smote_cuda,xgboost,smote,cuda,valid,fn20_fp1,20:1,0.759073020338604,0.249444280187102,0.40572556762092793,0.11036519871106337,0.17352754908169726,0.3,41801,602,3313,411,20,1,66862
stage5_xgboost_smote_cuda,xgboost,smote,cuda,valid,fn20_fp1,20:1,0.759073020338604,0.249444280187102,0.4147982062780269,0.09935553168635876,0.16031195840554593,0.31,41881,522,3354,370,20,1,67602
stage5_xgboost_smote_cuda,xgboost,smote,cuda,valid,fn20_fp1,20:1,0.759073020338604,0.249444280187102,0.43256997455470736,0.09129967776584318,0.15077605321507762,0.32,41957,446,3384,340,20,1,68126
stage5_xgboost_smote_cuda,xgboost,smote,cuda,valid,fn20_fp1,20:1,0.759073020338604,0.249444280187102,0.43731778425655976,0.08055853920515575,0.1360544217687075,0.33,42017,386,3424,300,20,1,68866
stage5_xgboost_smote_cuda,xgboost,smote,cuda,valid,fn20_fp1,20:1,0.759073020338604,0.249444280187102,0.44208809135399674,0.07277121374865736,0.12497117823380217,0.34,42061,342,3453,271,20,1,69402
stage5_xgboost_smote_cuda,xgboost,smote,cuda,valid,fn20_fp1,20:1,0.759073020338604,0.249444280187102,0.467680608365019,0.06605800214822771,0.11576470588235294,0.35,42123,280,3478,246,20,1,69840
stage5_xgboost_smote_cuda,xgboost,smote,cuda,valid,fn20_fp1,20:1,0.759073020338604,0.249444280187102,0.465324384787472,0.055853920515574654,0.09973627427475426,0.36,42164,239,3516,208,20,1,70559
stage5_xgboost_smote_cuda,xgboost,smote,cuda,valid,fn20_fp1,20:1,0.759073020338604,0.249444280187102,0.4789473684210526,0.04887218045112782,0.08869395711500974,0.37,42205,198,3542,182,20,1,71038
stage5_xgboost_smote_cuda,xgboost,smote,cuda,valid,fn20_fp1,20:1,0.759073020338604,0.249444280187102,0.48672566371681414,0.04430719656283566,0.08122077282795964,0.38,42229,174,3559,165,20,1,71354
stage5_xgboost_smote_cuda,xgboost,smote,cuda,valid,fn20_fp1,20:1,0.759073020338604,0.249444280187102,0.5068027210884354,0.040010741138560686,0.0741662518666003,0.39,42258,145,3575,149,20,1,71645
stage5_xgboost_smote_cuda,xgboost,smote,cuda,valid,fn20_fp1,20:1,0.759073020338604,0.249444280187102,0.5173745173745173,0.0359828141783029,0.06728596535274918,0.4,42278,125,3590,134,20,1,71925
stage5_xgboost_smote_cuda,xgboost,smote,cuda,valid,fn20_fp1,20:1,0.759073020338604,0.249444280187102,0.5381165919282511,0.0322234156820623,0.06080567519635166,0.41,42300,103,3604,120,20,1,72183
stage5_xgboost_smote_cuda,xgboost,smote,cuda,valid,fn20_fp1,20:1,0.759073020338604,0.249444280187102,0.5467980295566502,0.029806659505907628,0.05653170359052712,0.42,42311,92,3613,111,20,1,72352
stage5_xgboost_smote_cuda,xgboost,smote,cuda,valid,fn20_fp1,20:1,0.759073020338604,0.249444280187102,0.5416666666666666,0.02443609022556391,0.046762589928057555,0.43,42326,77,3633,91,20,1,72737
stage5_xgboost_smote_cuda,xgboost,smote,cuda,valid,fn20_fp1,20:1,0.759073020338604,0.249444280187102,0.5273972602739726,0.020676691729323307,0.03979328165374677,0.44,42334,69,3647,77,20,1,73009
stage5_xgboost_smote_cuda,xgboost,smote,cuda,valid,fn20_fp1,20:1,0.759073020338604,0.249444280187102,0.5172413793103449,0.01611170784103115,0.03125,0.45,42347,56,3664,60,20,1,73336
stage5_xgboost_smote_cuda,xgboost,smote,cuda,valid,fn20_fp1,20:1,0.759073020338604,0.249444280187102,0.5106382978723404,0.01288936627282492,0.025144054478784705,0.46,42357,46,3676,48,20,1,73566
stage5_xgboost_smote_cuda,xgboost,smote,cuda,valid,fn20_fp1,20:1,0.759073020338604,0.249444280187102,0.52,0.010472610096670247,0.020531718873387735,0.47,42367,36,3685,39,20,1,73736
stage5_xgboost_smote_cuda,xgboost,smote,cuda,valid,fn20_fp1,20:1,0.759073020338604,0.249444280187102,0.5,0.00832438238453276,0.016376122556788168,0.48,42372,31,3693,31,20,1,73891
stage5_xgboost_smote_cuda,xgboost,smote,cuda,valid,fn20_fp1,20:1,0.759073020338604,0.249444280187102,0.5294117647058824,0.007250268528464017,0.014304635761589404,0.49,42379,24,3697,27,20,1,73964
stage5_xgboost_smote_cuda,xgboost,smote,cuda,valid,fn20_fp1,20:1,0.759073020338604,0.249444280187102,0.6176470588235294,0.005639097744360902,0.011176157530601383,0.5,42390,13,3703,21,20,1,74073
stage5_xgboost_smote_cuda,xgboost,smote,cuda,valid,fn20_fp1,20:1,0.759073020338604,0.249444280187102,0.625,0.004027926960257788,0.0080042689434365,0.51,42394,9,3709,15,20,1,74189
stage5_xgboost_smote_cuda,xgboost,smote,cuda,valid,fn20_fp1,20:1,0.759073020338604,0.249444280187102,0.6842105263157895,0.003490870032223416,0.006946299759551162,0.52,42397,6,3711,13,20,1,74226
stage5_xgboost_smote_cuda,xgboost,smote,cuda,valid,fn20_fp1,20:1,0.759073020338604,0.249444280187102,0.625,0.0026852846401718583,0.0053475935828877,0.53,42397,6,3714,10,20,1,74286
stage5_xgboost_smote_cuda,xgboost,smote,cuda,valid,fn20_fp1,20:1,0.759073020338604,0.249444280187102,0.6363636363636364,0.0018796992481203006,0.003748326639892905,0.54,42399,4,3717,7,20,1,74344
stage5_xgboost_smote_cuda,xgboost,smote,cuda,valid,fn20_fp1,20:1,0.759073020338604,0.249444280187102,0.7142857142857143,0.0013426423200859291,0.002680246582685607,0.55,42401,2,3719,5,20,1,74382
stage5_xgboost_smote_cuda,xgboost,smote,cuda,valid,fn20_fp1,20:1,0.759073020338604,0.249444280187102,1.0,0.0005370569280343716,0.0010735373054213634,0.56,42403,0,3722,2,20,1,74440
stage5_xgboost_smote_cuda,xgboost,smote,cuda,valid,fn20_fp1,20:1,0.759073020338604,0.249444280187102,1.0,0.0002685284640171858,0.0005369127516778523,0.57,42403,0,3723,1,20,1,74460
stage5_xgboost_smote_cuda,xgboost,smote,cuda,valid,fn20_fp1,20:1,0.759073020338604,0.249444280187102,0.0,0.0,0.0,0.58,42403,0,3724,0,20,1,74480
stage5_xgboost_smote_cuda,xgboost,smote,cuda,valid,fn20_fp1,20:1,0.759073020338604,0.249444280187102,0.0,0.0,0.0,0.59,42403,0,3724,0,20,1,74480
stage5_xgboost_smote_cuda,xgboost,smote,cuda,valid,fn20_fp1,20:1,0.759073020338604,0.249444280187102,0.0,0.0,0.0,0.6,42403,0,3724,0,20,1,74480
stage5_xgboost_smote_cuda,xgboost,smote,cuda,valid,fn20_fp1,20:1,0.759073020338604,0.249444280187102,0.0,0.0,0.0,0.61,42403,0,3724,0,20,1,74480
stage5_xgboost_smote_cuda,xgboost,smote,cuda,valid,fn20_fp1,20:1,0.759073020338604,0.249444280187102,0.0,0.0,0.0,0.62,42403,0,3724,0,20,1,74480
stage5_xgboost_smote_cuda,xgboost,smote,cuda,valid,fn20_fp1,20:1,0.759073020338604,0.249444280187102,0.0,0.0,0.0,0.63,42403,0,3724,0,20,1,74480
stage5_xgboost_smote_cuda,xgboost,smote,cuda,valid,fn20_fp1,20:1,0.759073020338604,0.249444280187102,0.0,0.0,0.0,0.64,42403,0,3724,0,20,1,74480
stage5_xgboost_smote_cuda,xgboost,smote,cuda,valid,fn20_fp1,20:1,0.759073020338604,0.249444280187102,0.0,0.0,0.0,0.65,42403,0,3724,0,20,1,74480
stage5_xgboost_smote_cuda,xgboost,smote,cuda,valid,fn20_fp1,20:1,0.759073020338604,0.249444280187102,0.0,0.0,0.0,0.66,42403,0,3724,0,20,1,74480
stage5_xgboost_smote_cuda,xgboost,smote,cuda,valid,fn20_fp1,20:1,0.759073020338604,0.249444280187102,0.0,0.0,0.0,0.67,42403,0,3724,0,20,1,74480
stage5_xgboost_smote_cuda,xgboost,smote,cuda,valid,fn20_fp1,20:1,0.759073020338604,0.249444280187102,0.0,0.0,0.0,0.68,42403,0,3724,0,20,1,74480
stage5_xgboost_smote_cuda,xgboost,smote,cuda,valid,fn20_fp1,20:1,0.759073020338604,0.249444280187102,0.0,0.0,0.0,0.69,42403,0,3724,0,20,1,74480
stage5_xgboost_smote_cuda,xgboost,smote,cuda,valid,fn20_fp1,20:1,0.759073020338604,0.249444280187102,0.0,0.0,0.0,0.7,42403,0,3724,0,20,1,74480
stage5_xgboost_smote_cuda,xgboost,smote,cuda,valid,fn20_fp1,20:1,0.759073020338604,0.249444280187102,0.0,0.0,0.0,0.71,42403,0,3724,0,20,1,74480
stage5_xgboost_smote_cuda,xgboost,smote,cuda,valid,fn20_fp1,20:1,0.759073020338604,0.249444280187102,0.0,0.0,0.0,0.72,42403,0,3724,0,20,1,74480
stage5_xgboost_smote_cuda,xgboost,smote,cuda,valid,fn20_fp1,20:1,0.759073020338604,0.249444280187102,0.0,0.0,0.0,0.73,42403,0,3724,0,20,1,74480
stage5_xgboost_smote_cuda,xgboost,smote,cuda,valid,fn20_fp1,20:1,0.759073020338604,0.249444280187102,0.0,0.0,0.0,0.74,42403,0,3724,0,20,1,74480
stage5_xgboost_smote_cuda,xgboost,smote,cuda,valid,fn20_fp1,20:1,0.759073020338604,0.249444280187102,0.0,0.0,0.0,0.75,42403,0,3724,0,20,1,74480
stage5_xgboost_smote_cuda,xgboost,smote,cuda,valid,fn20_fp1,20:1,0.759073020338604,0.249444280187102,0.0,0.0,0.0,0.76,42403,0,3724,0,20,1,74480
stage5_xgboost_smote_cuda,xgboost,smote,cuda,valid,fn20_fp1,20:1,0.759073020338604,0.249444280187102,0.0,0.0,0.0,0.77,42403,0,3724,0,20,1,74480
stage5_xgboost_smote_cuda,xgboost,smote,cuda,valid,fn20_fp1,20:1,0.759073020338604,0.249444280187102,0.0,0.0,0.0,0.78,42403,0,3724,0,20,1,74480
stage5_xgboost_smote_cuda,xgboost,smote,cuda,valid,fn20_fp1,20:1,0.759073020338604,0.249444280187102,0.0,0.0,0.0,0.79,42403,0,3724,0,20,1,74480
stage5_xgboost_smote_cuda,xgboost,smote,cuda,valid,fn20_fp1,20:1,0.759073020338604,0.249444280187102,0.0,0.0,0.0,0.8,42403,0,3724,0,20,1,74480
stage5_xgboost_smote_cuda,xgboost,smote,cuda,valid,fn20_fp1,20:1,0.759073020338604,0.249444280187102,0.0,0.0,0.0,0.81,42403,0,3724,0,20,1,74480
stage5_xgboost_smote_cuda,xgboost,smote,cuda,valid,fn20_fp1,20:1,0.759073020338604,0.249444280187102,0.0,0.0,0.0,0.82,42403,0,3724,0,20,1,74480
stage5_xgboost_smote_cuda,xgboost,smote,cuda,valid,fn20_fp1,20:1,0.759073020338604,0.249444280187102,0.0,0.0,0.0,0.83,42403,0,3724,0,20,1,74480
stage5_xgboost_smote_cuda,xgboost,smote,cuda,valid,fn20_fp1,20:1,0.759073020338604,0.249444280187102,0.0,0.0,0.0,0.84,42403,0,3724,0,20,1,74480
stage5_xgboost_smote_cuda,xgboost,smote,cuda,valid,fn20_fp1,20:1,0.759073020338604,0.249444280187102,0.0,0.0,0.0,0.85,42403,0,3724,0,20,1,74480
stage5_xgboost_smote_cuda,xgboost,smote,cuda,valid,fn20_fp1,20:1,0.759073020338604,0.249444280187102,0.0,0.0,0.0,0.86,42403,0,3724,0,20,1,74480
stage5_xgboost_smote_cuda,xgboost,smote,cuda,valid,fn20_fp1,20:1,0.759073020338604,0.249444280187102,0.0,0.0,0.0,0.87,42403,0,3724,0,20,1,74480
stage5_xgboost_smote_cuda,xgboost,smote,cuda,valid,fn20_fp1,20:1,0.759073020338604,0.249444280187102,0.0,0.0,0.0,0.88,42403,0,3724,0,20,1,74480
stage5_xgboost_smote_cuda,xgboost,smote,cuda,valid,fn20_fp1,20:1,0.759073020338604,0.249444280187102,0.0,0.0,0.0,0.89,42403,0,3724,0,20,1,74480
stage5_xgboost_smote_cuda,xgboost,smote,cuda,valid,fn20_fp1,20:1,0.759073020338604,0.249444280187102,0.0,0.0,0.0,0.9,42403,0,3724,0,20,1,74480
stage5_xgboost_smote_cuda,xgboost,smote,cuda,valid,fn20_fp1,20:1,0.759073020338604,0.249444280187102,0.0,0.0,0.0,0.91,42403,0,3724,0,20,1,74480
stage5_xgboost_smote_cuda,xgboost,smote,cuda,valid,fn20_fp1,20:1,0.759073020338604,0.249444280187102,0.0,0.0,0.0,0.92,42403,0,3724,0,20,1,74480
stage5_xgboost_smote_cuda,xgboost,smote,cuda,valid,fn20_fp1,20:1,0.759073020338604,0.249444280187102,0.0,0.0,0.0,0.93,42403,0,3724,0,20,1,74480
stage5_xgboost_smote_cuda,xgboost,smote,cuda,valid,fn20_fp1,20:1,0.759073020338604,0.249444280187102,0.0,0.0,0.0,0.94,42403,0,3724,0,20,1,74480
stage5_xgboost_smote_cuda,xgboost,smote,cuda,valid,fn20_fp1,20:1,0.759073020338604,0.249444280187102,0.0,0.0,0.0,0.95,42403,0,3724,0,20,1,74480
stage5_xgboost_smote_cuda,xgboost,smote,cuda,valid,fn20_fp1,20:1,0.759073020338604,0.249444280187102,0.0,0.0,0.0,0.96,42403,0,3724,0,20,1,74480
stage5_xgboost_smote_cuda,xgboost,smote,cuda,valid,fn20_fp1,20:1,0.759073020338604,0.249444280187102,0.0,0.0,0.0,0.97,42403,0,3724,0,20,1,74480
stage5_xgboost_smote_cuda,xgboost,smote,cuda,valid,fn20_fp1,20:1,0.759073020338604,0.249444280187102,0.0,0.0,0.0,0.98,42403,0,3724,0,20,1,74480
stage5_xgboost_smote_cuda,xgboost,smote,cuda,valid,fn20_fp1,20:1,0.759073020338604,0.249444280187102,0.0,0.0,0.0,0.99,42403,0,3724,0,20,1,74480
