model,model_family,strategy,calibration_method,selection_split,roc_auc,pr_auc,precision,recall,f1,threshold,tn,fp,fn,tp
stage5_lightgbm_smote_gpu,lightgbm,smote,raw,valid,0.7667841150712007,0.2568337809249825,0.08238057254276344,0.9983888292158969,0.15220239069919764,0.01,989,41414,6,3718
stage5_lightgbm_smote_gpu,lightgbm,smote,raw,valid,0.7667841150712007,0.2568337809249825,0.09114348653249224,0.9777121374865736,0.16674299322220187,0.02,6096,36307,83,3641
stage5_lightgbm_smote_gpu,lightgbm,smote,raw,valid,0.7667841150712007,0.2568337809249825,0.10345639064568318,0.9444146079484426,0.1864842652244227,0.03,11925,30478,207,3517
stage5_lightgbm_smote_gpu,lightgbm,smote,raw,valid,0.7667841150712007,0.2568337809249825,0.11616774775399771,0.8993018259935553,0.20575676588947256,0.04,16923,25480,375,3349
stage5_lightgbm_smote_gpu,lightgbm,smote,raw,valid,0.7667841150712007,0.2568337809249825,0.12859058221265185,0.8498925886143931,0.22338285633623883,0.05,20955,21448,559,3165
stage5_lightgbm_smote_gpu,lightgbm,smote,raw,valid,0.7667841150712007,0.2568337809249825,0.14139741709636217,0.8026315789473685,0.2404375980372441,0.06,24253,18150,735,2989
stage5_lightgbm_smote_gpu,lightgbm,smote,raw,valid,0.7667841150712007,0.2568337809249825,0.1534675125793043,0.7534908700322234,0.2549981824790985,0.07,26925,15478,918,2806
stage5_lightgbm_smote_gpu,lightgbm,smote,raw,valid,0.7667841150712007,0.2568337809249825,0.16589225166394575,0.709452201933405,0.2689058524173028,0.08,29119,13284,1082,2642
stage5_lightgbm_smote_gpu,lightgbm,smote,raw,valid,0.7667841150712007,0.2568337809249825,0.17663082437275987,0.6616541353383458,0.27882765644449475,0.09,30917,11486,1260,2464
stage5_lightgbm_smote_gpu,lightgbm,smote,raw,valid,0.7667841150712007,0.2568337809249825,0.18875010204914686,0.6208378088077336,0.2894885118637701,0.1,32466,9937,1412,2312
stage5_lightgbm_smote_gpu,lightgbm,smote,raw,valid,0.7667841150712007,0.2568337809249825,0.20035247194137834,0.5800214822771214,0.29782833505687695,0.11,33782,8621,1564,2160
stage5_lightgbm_smote_gpu,lightgbm,smote,raw,valid,0.7667841150712007,0.2568337809249825,0.21071800208116545,0.5437701396348013,0.30373481325933704,0.12,34818,7585,1699,2025
stage5_lightgbm_smote_gpu,lightgbm,smote,raw,valid,0.7667841150712007,0.2568337809249825,0.22201339128391873,0.5075187969924813,0.30889924000980634,0.13,35780,6623,1834,1890
stage5_lightgbm_smote_gpu,lightgbm,smote,raw,valid,0.7667841150712007,0.2568337809249825,0.23114387258128208,0.4715359828141783,0.3102199452345199,0.14,36562,5841,1968,1756
stage5_lightgbm_smote_gpu,lightgbm,smote,raw,valid,0.7667841150712007,0.2568337809249825,0.2453356838548553,0.44844253490870034,0.3171588643053841,0.15,37266,5137,2054,1670
stage5_lightgbm_smote_gpu,lightgbm,smote,raw,valid,0.7667841150712007,0.2568337809249825,0.2574889507284335,0.4223952738990333,0.31994304891691244,0.16,37867,4536,2151,1573
stage5_lightgbm_smote_gpu,lightgbm,smote,raw,valid,0.7667841150712007,0.2568337809249825,0.26768781911013856,0.3941997851772288,0.3188531711555169,0.17,38387,4016,2256,1468
stage5_lightgbm_smote_gpu,lightgbm,smote,raw,valid,0.7667841150712007,0.2568337809249825,0.28399346672111064,0.37352309344790546,0.3226629552308049,0.18,38896,3507,2333,1391
stage5_lightgbm_smote_gpu,lightgbm,smote,raw,valid,0.7667841150712007,0.2568337809249825,0.2968856558308707,0.3506981740064447,0.32155607534162256,0.19,39310,3093,2418,1306
stage5_lightgbm_smote_gpu,lightgbm,smote,raw,valid,0.7667841150712007,0.2568337809249825,0.3075566750629723,0.3278732545649839,0.3173901741616844,0.2,39654,2749,2503,1221
stage5_lightgbm_smote_gpu,lightgbm,smote,raw,valid,0.7667841150712007,0.2568337809249825,0.31541924592009,0.3010204081632653,0.3080516625446551,0.21,39970,2433,2603,1121
stage5_lightgbm_smote_gpu,lightgbm,smote,raw,valid,0.7667841150712007,0.2568337809249825,0.326568841710896,0.28088077336197637,0.30200664068139166,0.22,40246,2157,2678,1046
stage5_lightgbm_smote_gpu,lightgbm,smote,raw,valid,0.7667841150712007,0.2568337809249825,0.33940852819807427,0.2650375939849624,0.29764776839565743,0.23,40482,1921,2737,987
stage5_lightgbm_smote_gpu,lightgbm,smote,raw,valid,0.7667841150712007,0.2568337809249825,0.34486692015209125,0.24355531686358753,0.28548945546112686,0.24,40680,1723,2817,907
stage5_lightgbm_smote_gpu,lightgbm,smote,raw,valid,0.7667841150712007,0.2568337809249825,0.3503372681281619,0.2231471535982814,0.27263779527559057,0.25,40862,1541,2893,831
stage5_lightgbm_smote_gpu,lightgbm,smote,raw,valid,0.7667841150712007,0.2568337809249825,0.36172204024333177,0.20757250268528463,0.26377751236990277,0.26,41039,1364,2951,773
stage5_lightgbm_smote_gpu,lightgbm,smote,raw,valid,0.7667841150712007,0.2568337809249825,0.36926250644662195,0.19226638023630505,0.25286950379657425,0.27,41180,1223,3008,716
stage5_lightgbm_smote_gpu,lightgbm,smote,raw,valid,0.7667841150712007,0.2568337809249825,0.3721719457013575,0.17669172932330826,0.23962126729788782,0.28,41293,1110,3066,658
stage5_lightgbm_smote_gpu,lightgbm,smote,raw,valid,0.7667841150712007,0.2568337809249825,0.3834066624764299,0.16380236305048335,0.2295390404515522,0.29,41422,981,3114,610
stage5_lightgbm_smote_gpu,lightgbm,smote,raw,valid,0.7667841150712007,0.2568337809249825,0.3914246196403873,0.15198711063372716,0.21895551257253384,0.3,41523,880,3158,566
stage5_lightgbm_smote_gpu,lightgbm,smote,raw,valid,0.7667841150712007,0.2568337809249825,0.4029163468917882,0.14097744360902256,0.2088720907101651,0.31,41625,778,3199,525
stage5_lightgbm_smote_gpu,lightgbm,smote,raw,valid,0.7667841150712007,0.2568337809249825,0.41552901023890787,0.1307733619763695,0.198937908496732,0.32,41718,685,3237,487
stage5_lightgbm_smote_gpu,lightgbm,smote,raw,valid,0.7667841150712007,0.2568337809249825,0.41312741312741313,0.11493018259935553,0.17983193277310924,0.33,41795,608,3296,428
stage5_lightgbm_smote_gpu,lightgbm,smote,raw,valid,0.7667841150712007,0.2568337809249825,0.41993637327677624,0.10633727175080558,0.16970216413113348,0.34,41856,547,3328,396
stage5_lightgbm_smote_gpu,lightgbm,smote,raw,valid,0.7667841150712007,0.2568337809249825,0.4302600472813239,0.09774436090225563,0.15929978118161925,0.35,41921,482,3360,364
stage5_lightgbm_smote_gpu,lightgbm,smote,raw,valid,0.7667841150712007,0.2568337809249825,0.44155844155844154,0.09129967776584318,0.15131286159323543,0.36,41973,430,3384,340
stage5_lightgbm_smote_gpu,lightgbm,smote,raw,valid,0.7667841150712007,0.2568337809249825,0.44970414201183434,0.08163265306122448,0.13818181818181818,0.37,42031,372,3420,304
stage5_lightgbm_smote_gpu,lightgbm,smote,raw,valid,0.7667841150712007,0.2568337809249825,0.4674457429048414,0.07518796992481203,0.12953967152440435,0.38,42084,319,3444,280
stage5_lightgbm_smote_gpu,lightgbm,smote,raw,valid,0.7667841150712007,0.2568337809249825,0.47706422018348627,0.06981740064446831,0.12180838603888498,0.39,42118,285,3464,260
stage5_lightgbm_smote_gpu,lightgbm,smote,raw,valid,0.7667841150712007,0.2568337809249825,0.4802494802494803,0.06203007518796992,0.1098692033293698,0.4,42153,250,3493,231
stage5_lightgbm_smote_gpu,lightgbm,smote,raw,valid,0.7667841150712007,0.2568337809249825,0.4894117647058824,0.055853920515574654,0.1002651241262955,0.41,42186,217,3516,208
stage5_lightgbm_smote_gpu,lightgbm,smote,raw,valid,0.7667841150712007,0.2568337809249825,0.5213903743315508,0.052363050483351235,0.0951683748169839,0.42,42224,179,3529,195
stage5_lightgbm_smote_gpu,lightgbm,smote,raw,valid,0.7667841150712007,0.2568337809249825,0.5331325301204819,0.04752953813104189,0.08727810650887574,0.43,42248,155,3547,177
stage5_lightgbm_smote_gpu,lightgbm,smote,raw,valid,0.7667841150712007,0.2568337809249825,0.5392156862745098,0.04430719656283566,0.08188585607940446,0.44,42262,141,3559,165
stage5_lightgbm_smote_gpu,lightgbm,smote,raw,valid,0.7667841150712007,0.2568337809249825,0.5398550724637681,0.040010741138560686,0.0745,0.45,42276,127,3575,149
stage5_lightgbm_smote_gpu,lightgbm,smote,raw,valid,0.7667841150712007,0.2568337809249825,0.5368852459016393,0.03517722878625134,0.06602822580645161,0.46,42290,113,3593,131
stage5_lightgbm_smote_gpu,lightgbm,smote,raw,valid,0.7667841150712007,0.2568337809249825,0.5528846153846154,0.03088077336197637,0.05849440488301119,0.47,42310,93,3609,115
stage5_lightgbm_smote_gpu,lightgbm,smote,raw,valid,0.7667841150712007,0.2568337809249825,0.5621621621621622,0.027926960257787327,0.05321053977999488,0.48,42322,81,3620,104
stage5_lightgbm_smote_gpu,lightgbm,smote,raw,valid,0.7667841150712007,0.2568337809249825,0.5748502994011976,0.02577873254564984,0.04934464148033924,0.49,42332,71,3628,96
stage5_lightgbm_smote_gpu,lightgbm,smote,raw,valid,0.7667841150712007,0.2568337809249825,0.5789473684210527,0.023630504833512353,0.04540763673890609,0.5,42339,64,3636,88
stage5_lightgbm_smote_gpu,lightgbm,smote,raw,valid,0.7667841150712007,0.2568337809249825,0.5808823529411765,0.02121374865735768,0.04093264248704663,0.51,42346,57,3645,79
stage5_lightgbm_smote_gpu,lightgbm,smote,raw,valid,0.7667841150712007,0.2568337809249825,0.5867768595041323,0.019065520945220193,0.03693107932379714,0.52,42353,50,3653,71
stage5_lightgbm_smote_gpu,lightgbm,smote,raw,valid,0.7667841150712007,0.2568337809249825,0.580952380952381,0.016380236305048337,0.03186210498824758,0.53,42359,44,3663,61
stage5_lightgbm_smote_gpu,lightgbm,smote,raw,valid,0.7667841150712007,0.2568337809249825,0.5903614457831325,0.013157894736842105,0.02574205411084844,0.54,42369,34,3675,49
stage5_lightgbm_smote_gpu,lightgbm,smote,raw,valid,0.7667841150712007,0.2568337809249825,0.6081081081081081,0.012083780880773363,0.023696682464454975,0.55,42374,29,3679,45
stage5_lightgbm_smote_gpu,lightgbm,smote,raw,valid,0.7667841150712007,0.2568337809249825,0.6,0.00966702470461869,0.019027484143763214,0.56,42379,24,3688,36
stage5_lightgbm_smote_gpu,lightgbm,smote,raw,valid,0.7667841150712007,0.2568337809249825,0.6046511627906976,0.006981740064446832,0.01380408813379347,0.57,42386,17,3698,26
stage5_lightgbm_smote_gpu,lightgbm,smote,raw,valid,0.7667841150712007,0.2568337809249825,0.6666666666666666,0.00644468313641246,0.01276595744680851,0.58,42391,12,3700,24
stage5_lightgbm_smote_gpu,lightgbm,smote,raw,valid,0.7667841150712007,0.2568337809249825,0.6333333333333333,0.00510204081632653,0.010122535961640916,0.59,42392,11,3705,19
stage5_lightgbm_smote_gpu,lightgbm,smote,raw,valid,0.7667841150712007,0.2568337809249825,0.6818181818181818,0.004027926960257788,0.00800854244527496,0.6,42396,7,3709,15
stage5_lightgbm_smote_gpu,lightgbm,smote,raw,valid,0.7667841150712007,0.2568337809249825,0.6666666666666666,0.00322234156820623,0.006413682522715126,0.61,42397,6,3712,12
stage5_lightgbm_smote_gpu,lightgbm,smote,raw,valid,0.7667841150712007,0.2568337809249825,0.6428571428571429,0.0024167561761546724,0.004815409309791332,0.62,42398,5,3715,9
stage5_lightgbm_smote_gpu,lightgbm,smote,raw,valid,0.7667841150712007,0.2568337809249825,0.6363636363636364,0.0018796992481203006,0.003748326639892905,0.63,42399,4,3717,7
stage5_lightgbm_smote_gpu,lightgbm,smote,raw,valid,0.7667841150712007,0.2568337809249825,0.6,0.001611170784103115,0.0032137118371719335,0.64,42399,4,3718,6
stage5_lightgbm_smote_gpu,lightgbm,smote,raw,valid,0.7667841150712007,0.2568337809249825,0.5714285714285714,0.0010741138560687433,0.0021441972661484857,0.65,42400,3,3720,4
stage5_lightgbm_smote_gpu,lightgbm,smote,raw,valid,0.7667841150712007,0.2568337809249825,0.4,0.0005370569280343716,0.0010726736390453205,0.66,42400,3,3722,2
stage5_lightgbm_smote_gpu,lightgbm,smote,raw,valid,0.7667841150712007,0.2568337809249825,0.5,0.0005370569280343716,0.001072961373390558,0.67,42401,2,3722,2
stage5_lightgbm_smote_gpu,lightgbm,smote,raw,valid,0.7667841150712007,0.2568337809249825,0.5,0.0005370569280343716,0.001072961373390558,0.68,42401,2,3722,2
stage5_lightgbm_smote_gpu,lightgbm,smote,raw,valid,0.7667841150712007,0.2568337809249825,0.0,0.0,0.0,0.69,42401,2,3724,0
stage5_lightgbm_smote_gpu,lightgbm,smote,raw,valid,0.7667841150712007,0.2568337809249825,0.0,0.0,0.0,0.7,42401,2,3724,0
stage5_lightgbm_smote_gpu,lightgbm,smote,raw,valid,0.7667841150712007,0.2568337809249825,0.0,0.0,0.0,0.71,42402,1,3724,0
stage5_lightgbm_smote_gpu,lightgbm,smote,raw,valid,0.7667841150712007,0.2568337809249825,0.0,0.0,0.0,0.72,42402,1,3724,0
stage5_lightgbm_smote_gpu,lightgbm,smote,raw,valid,0.7667841150712007,0.2568337809249825,0.0,0.0,0.0,0.73,42403,0,3724,0
stage5_lightgbm_smote_gpu,lightgbm,smote,raw,valid,0.7667841150712007,0.2568337809249825,0.0,0.0,0.0,0.74,42403,0,3724,0
stage5_lightgbm_smote_gpu,lightgbm,smote,raw,valid,0.7667841150712007,0.2568337809249825,0.0,0.0,0.0,0.75,42403,0,3724,0
stage5_lightgbm_smote_gpu,lightgbm,smote,raw,valid,0.7667841150712007,0.2568337809249825,0.0,0.0,0.0,0.76,42403,0,3724,0
stage5_lightgbm_smote_gpu,lightgbm,smote,raw,valid,0.7667841150712007,0.2568337809249825,0.0,0.0,0.0,0.77,42403,0,3724,0
stage5_lightgbm_smote_gpu,lightgbm,smote,raw,valid,0.7667841150712007,0.2568337809249825,0.0,0.0,0.0,0.78,42403,0,3724,0
stage5_lightgbm_smote_gpu,lightgbm,smote,raw,valid,0.7667841150712007,0.2568337809249825,0.0,0.0,0.0,0.79,42403,0,3724,0
stage5_lightgbm_smote_gpu,lightgbm,smote,raw,valid,0.7667841150712007,0.2568337809249825,0.0,0.0,0.0,0.8,42403,0,3724,0
stage5_lightgbm_smote_gpu,lightgbm,smote,raw,valid,0.7667841150712007,0.2568337809249825,0.0,0.0,0.0,0.81,42403,0,3724,0
stage5_lightgbm_smote_gpu,lightgbm,smote,raw,valid,0.7667841150712007,0.2568337809249825,0.0,0.0,0.0,0.82,42403,0,3724,0
stage5_lightgbm_smote_gpu,lightgbm,smote,raw,valid,0.7667841150712007,0.2568337809249825,0.0,0.0,0.0,0.83,42403,0,3724,0
stage5_lightgbm_smote_gpu,lightgbm,smote,raw,valid,0.7667841150712007,0.2568337809249825,0.0,0.0,0.0,0.84,42403,0,3724,0
stage5_lightgbm_smote_gpu,lightgbm,smote,raw,valid,0.7667841150712007,0.2568337809249825,0.0,0.0,0.0,0.85,42403,0,3724,0
stage5_lightgbm_smote_gpu,lightgbm,smote,raw,valid,0.7667841150712007,0.2568337809249825,0.0,0.0,0.0,0.86,42403,0,3724,0
stage5_lightgbm_smote_gpu,lightgbm,smote,raw,valid,0.7667841150712007,0.2568337809249825,0.0,0.0,0.0,0.87,42403,0,3724,0
stage5_lightgbm_smote_gpu,lightgbm,smote,raw,valid,0.7667841150712007,0.2568337809249825,0.0,0.0,0.0,0.88,42403,0,3724,0
stage5_lightgbm_smote_gpu,lightgbm,smote,raw,valid,0.7667841150712007,0.2568337809249825,0.0,0.0,0.0,0.89,42403,0,3724,0
stage5_lightgbm_smote_gpu,lightgbm,smote,raw,valid,0.7667841150712007,0.2568337809249825,0.0,0.0,0.0,0.9,42403,0,3724,0
stage5_lightgbm_smote_gpu,lightgbm,smote,raw,valid,0.7667841150712007,0.2568337809249825,0.0,0.0,0.0,0.91,42403,0,3724,0
stage5_lightgbm_smote_gpu,lightgbm,smote,raw,valid,0.7667841150712007,0.2568337809249825,0.0,0.0,0.0,0.92,42403,0,3724,0
stage5_lightgbm_smote_gpu,lightgbm,smote,raw,valid,0.7667841150712007,0.2568337809249825,0.0,0.0,0.0,0.93,42403,0,3724,0
stage5_lightgbm_smote_gpu,lightgbm,smote,raw,valid,0.7667841150712007,0.2568337809249825,0.0,0.0,0.0,0.94,42403,0,3724,0
stage5_lightgbm_smote_gpu,lightgbm,smote,raw,valid,0.7667841150712007,0.2568337809249825,0.0,0.0,0.0,0.95,42403,0,3724,0
stage5_lightgbm_smote_gpu,lightgbm,smote,raw,valid,0.7667841150712007,0.2568337809249825,0.0,0.0,0.0,0.96,42403,0,3724,0
stage5_lightgbm_smote_gpu,lightgbm,smote,raw,valid,0.7667841150712007,0.2568337809249825,0.0,0.0,0.0,0.97,42403,0,3724,0
stage5_lightgbm_smote_gpu,lightgbm,smote,raw,valid,0.7667841150712007,0.2568337809249825,0.0,0.0,0.0,0.98,42403,0,3724,0
stage5_lightgbm_smote_gpu,lightgbm,smote,raw,valid,0.7667841150712007,0.2568337809249825,0.0,0.0,0.0,0.99,42403,0,3724,0
stage5_lightgbm_smote_gpu,lightgbm,smote,sigmoid,valid,0.7667841150712007,0.2568337809249825,0.08073362672621241,1.0,0.14940522757818298,0.01,0,42403,0,3724
stage5_lightgbm_smote_gpu,lightgbm,smote,sigmoid,valid,0.7667841150712007,0.2568337809249825,0.08073362672621241,1.0,0.14940522757818298,0.02,0,42403,0,3724
stage5_lightgbm_smote_gpu,lightgbm,smote,sigmoid,valid,0.7667841150712007,0.2568337809249825,0.08073362672621241,1.0,0.14940522757818298,0.03,0,42403,0,3724
stage5_lightgbm_smote_gpu,lightgbm,smote,sigmoid,valid,0.7667841150712007,0.2568337809249825,0.09389075847786695,0.973952738990333,0.1712707182320442,0.04,7400,35003,97,3627
stage5_lightgbm_smote_gpu,lightgbm,smote,sigmoid,valid,0.7667841150712007,0.2568337809249825,0.1283275345901772,0.8517722878625135,0.22305041839533085,0.05,20857,21546,552,3172
stage5_lightgbm_smote_gpu,lightgbm,smote,sigmoid,valid,0.7667841150712007,0.2568337809249825,0.15649416827086401,0.7422126745435016,0.25848686056298514,0.06,27505,14898,960,2764
stage5_lightgbm_smote_gpu,lightgbm,smote,sigmoid,valid,0.7667841150712007,0.2568337809249825,0.1796967020023557,0.6554779806659506,0.2820660966027271,0.07,31260,11143,1283,2441
stage5_lightgbm_smote_gpu,lightgbm,smote,sigmoid,valid,0.7667841150712007,0.2568337809249825,0.19895479966993673,0.5827067669172933,0.2966304422117422,0.08,33666,8737,1554,2170
stage5_lightgbm_smote_gpu,lightgbm,smote,sigmoid,valid,0.7667841150712007,0.2568337809249825,0.21521620142309797,0.5279269602577873,0.3057780542810483,0.09,35234,7169,1758,1966
stage5_lightgbm_smote_gpu,lightgbm,smote,sigmoid,valid,0.7667841150712007,0.2568337809249825,0.22856039144990986,0.47663802363050484,0.308964316797215,0.1,36412,5991,1949,1775
stage5_lightgbm_smote_gpu,lightgbm,smote,sigmoid,valid,0.7667841150712007,0.2568337809249825,0.2461629279811098,0.44790547798066593,0.3177142857142857,0.11,37295,5108,2056,1668
stage5_lightgbm_smote_gpu,lightgbm,smote,sigmoid,valid,0.7667841150712007,0.2568337809249825,0.2583668005354752,0.4146079484425349,0.3183505154639175,0.12,37971,4432,2180,1544
stage5_lightgbm_smote_gpu,lightgbm,smote,sigmoid,valid,0.7667841150712007,0.2568337809249825,0.2722986988497077,0.3877551020408163,0.31992910158413645,0.13,38544,3859,2280,1444
stage5_lightgbm_smote_gpu,lightgbm,smote,sigmoid,valid,0.7667841150712007,0.2568337809249825,0.28763950305327435,0.3668098818474758,0.3224359730909949,0.14,39020,3383,2358,1366
stage5_lightgbm_smote_gpu,lightgbm,smote,sigmoid,valid,0.7667841150712007,0.2568337809249825,0.29983679179295875,0.34532760472610097,0.3209784100836141,0.15,39400,3003,2438,1286
stage5_lightgbm_smote_gpu,lightgbm,smote,sigmoid,valid,0.7667841150712007,0.2568337809249825,0.3087179487179487,0.3233082706766917,0.31584470094438616,0.16,39707,2696,2520,1204
stage5_lightgbm_smote_gpu,lightgbm,smote,sigmoid,valid,0.7667841150712007,0.2568337809249825,0.3154041115178823,0.3007518796992481,0.30790378006872854,0.17,39972,2431,2604,1120
stage5_lightgbm_smote_gpu,lightgbm,smote,sigmoid,valid,0.7667841150712007,0.2568337809249825,0.32424984690753217,0.2843716433941998,0.30300429184549355,0.18,40196,2207,2665,1059
stage5_lightgbm_smote_gpu,lightgbm,smote,sigmoid,valid,0.7667841150712007,0.2568337809249825,0.3362183754993342,0.2712137486573577,0.30023781212841855,0.19,40409,1994,2714,1010
stage5_lightgbm_smote_gpu,lightgbm,smote,sigmoid,valid,0.7667841150712007,0.2568337809249825,0.3405771286070538,0.25671321160042965,0.29275761751645996,0.2,40552,1851,2768,956
stage5_lightgbm_smote_gpu,lightgbm,smote,sigmoid,valid,0.7667841150712007,0.2568337809249825,0.3447085889570552,0.24140708915145007,0.28395451674036637,0.21,40694,1709,2825,899
stage5_lightgbm_smote_gpu,lightgbm,smote,sigmoid,valid,0.7667841150712007,0.2568337809249825,0.3483285183656624,0.22663802363050484,0.2746054986172117,0.22,40824,1579,2880,844
stage5_lightgbm_smote_gpu,lightgbm,smote,sigmoid,valid,0.7667841150712007,0.2568337809249825,0.3558498896247241,0.21643394199785176,0.2691601268993154,0.23,40944,1459,2918,806
stage5_lightgbm_smote_gpu,lightgbm,smote,sigmoid,valid,0.7667841150712007,0.2568337809249825,0.3610193487494101,0.20542427497314716,0.2618517884648297,0.24,41049,1354,2959,765
stage5_lightgbm_smote_gpu,lightgbm,smote,sigmoid,valid,0.7667841150712007,0.2568337809249825,0.36587820835430296,0.1952201933404941,0.2545963929259324,0.25,41143,1260,2997,727
stage5_lightgbm_smote_gpu,lightgbm,smote,sigmoid,valid,0.7667841150712007,0.2568337809249825,0.3687299893276414,0.1855531686358754,0.24687388352983208,0.26,41220,1183,3033,691
stage5_lightgbm_smote_gpu,lightgbm,smote,sigmoid,valid,0.7667841150712007,0.2568337809249825,0.37231638418079094,0.17696025778732546,0.23989807062249727,0.27,41292,1111,3065,659
stage5_lightgbm_smote_gpu,lightgbm,smote,sigmoid,valid,0.7667841150712007,0.2568337809249825,0.3801452784503632,0.1686358754027927,0.23363095238095238,0.28,41379,1024,3096,628
stage5_lightgbm_smote_gpu,lightgbm,smote,sigmoid,valid,0.7667841150712007,0.2568337809249825,0.3838319541693189,0.16192266380236306,0.22776203966005665,0.29,41435,968,3121,603
stage5_lightgbm_smote_gpu,lightgbm,smote,sigmoid,valid,0.7667841150712007,0.2568337809249825,0.38859060402684564,0.1554779806659506,0.22209436133486765,0.3,41492,911,3145,579
stage5_lightgbm_smote_gpu,lightgbm,smote,sigmoid,valid,0.7667841150712007,0.2568337809249825,0.39490445859872614,0.1498388829215897,0.21724742067354488,0.31,41548,855,3166,558
stage5_lightgbm_smote_gpu,lightgbm,smote,sigmoid,valid,0.7667841150712007,0.2568337809249825,0.40015071590052753,0.14258861439312567,0.2102553949712928,0.32,41607,796,3193,531
stage5_lightgbm_smote_gpu,lightgbm,smote,sigmoid,valid,0.7667841150712007,0.2568337809249825,0.4096,0.13748657357679914,0.20587052673904302,0.33,41665,738,3212,512
stage5_lightgbm_smote_gpu,lightgbm,smote,sigmoid,valid,0.7667841150712007,0.2568337809249825,0.41624365482233505,0.13211600429645542,0.2005707297187118,0.34,41713,690,3232,492
stage5_lightgbm_smote_gpu,lightgbm,smote,sigmoid,valid,0.7667841150712007,0.2568337809249825,0.41718889883616833,0.1251342642320086,0.19252220615575294,0.35,41752,651,3258,466
stage5_lightgbm_smote_gpu,lightgbm,smote,sigmoid,valid,0.7667841150712007,0.2568337809249825,0.4145176695319962,0.11654135338345864,0.18193250890798573,0.36,41790,613,3290,434
stage5_lightgbm_smote_gpu,lightgbm,smote,sigmoid,valid,0.7667841150712007,0.2568337809249825,0.41289023162134947,0.11009667024704618,0.17383930464278144,0.37,41820,583,3314,410
stage5_lightgbm_smote_gpu,lightgbm,smote,sigmoid,valid,0.7667841150712007,0.2568337809249825,0.4183350895679663,0.10660580021482277,0.16991226193023753,0.38,41851,552,3327,397
stage5_lightgbm_smote_gpu,lightgbm,smote,sigmoid,valid,0.7667841150712007,0.2568337809249825,0.4230769230769231,0.10338345864661654,0.1661631419939577,0.39,41878,525,3339,385
stage5_lightgbm_smote_gpu,lightgbm,smote,sigmoid,valid,0.7667841150712007,0.2568337809249825,0.4282380396732789,0.0985499462943072,0.16022702466710326,0.4,41913,490,3357,367
stage5_lightgbm_smote_gpu,lightgbm,smote,sigmoid,valid,0.7667841150712007,0.2568337809249825,0.43243243243243246,0.09452201933404941,0.15513442044953724,0.41,41941,462,3372,352
stage5_lightgbm_smote_gpu,lightgbm,smote,sigmoid,valid,0.7667841150712007,0.2568337809249825,0.4392764857881137,0.09129967776584318,0.1511783014673188,0.42,41969,434,3384,340
stage5_lightgbm_smote_gpu,lightgbm,smote,sigmoid,valid,0.7667841150712007,0.2568337809249825,0.44536652835408025,0.08646616541353383,0.14481673038003148,0.43,42002,401,3402,322
stage5_lightgbm_smote_gpu,lightgbm,smote,sigmoid,valid,0.7667841150712007,0.2568337809249825,0.44883040935672514,0.08243823845327605,0.13929219600725953,0.44,42026,377,3417,307
stage5_lightgbm_smote_gpu,lightgbm,smote,sigmoid,valid,0.7667841150712007,0.2568337809249825,0.45709828393135726,0.07867883995703545,0.13424971363115693,0.45,42055,348,3431,293
stage5_lightgbm_smote_gpu,lightgbm,smote,sigmoid,valid,0.7667841150712007,0.2568337809249825,0.46469622331691296,0.07599355531686358,0.13062543272559426,0.46,42077,326,3441,283
stage5_lightgbm_smote_gpu,lightgbm,smote,sigmoid,valid,0.7667841150712007,0.2568337809249825,0.47368421052631576,0.07491944146079485,0.1293763041966149,0.47,42093,310,3445,279
stage5_lightgbm_smote_gpu,lightgbm,smote,sigmoid,valid,0.7667841150712007,0.2568337809249825,0.4750889679715303,0.07169709989258861,0.1245916938870742,0.48,42108,295,3457,267
stage5_lightgbm_smote_gpu,lightgbm,smote,sigmoid,valid,0.7667841150712007,0.2568337809249825,0.4794007490636704,0.06874328678839957,0.12024424612494129,0.49,42125,278,3468,256
stage5_lightgbm_smote_gpu,lightgbm,smote,sigmoid,valid,0.7667841150712007,0.2568337809249825,0.478,0.06417830290010741,0.11316287878787878,0.5,42142,261,3485,239
stage5_lightgbm_smote_gpu,lightgbm,smote,sigmoid,valid,0.7667841150712007,0.2568337809249825,0.48187633262260127,0.06068743286788399,0.10779871213927975,0.51,42160,243,3498,226
stage5_lightgbm_smote_gpu,lightgbm,smote,sigmoid,valid,0.7667841150712007,0.2568337809249825,0.48306997742663654,0.057465091299677765,0.10271178305735541,0.52,42174,229,3510,214
stage5_lightgbm_smote_gpu,lightgbm,smote,sigmoid,valid,0.7667841150712007,0.2568337809249825,0.48936170212765956,0.055585392051557464,0.09983120327947914,0.53,42187,216,3517,207
stage5_lightgbm_smote_gpu,lightgbm,smote,sigmoid,valid,0.7667841150712007,0.2568337809249825,0.5115089514066496,0.05370569280343716,0.09720534629404617,0.54,42212,191,3524,200
stage5_lightgbm_smote_gpu,lightgbm,smote,sigmoid,valid,0.7667841150712007,0.2568337809249825,0.5202156334231806,0.05182599355531686,0.09426129426129426,0.55,42225,178,3531,193
stage5_lightgbm_smote_gpu,lightgbm,smote,sigmoid,valid,0.7667841150712007,0.2568337809249825,0.5270655270655271,0.04967776584317938,0.09079754601226994,0.56,42237,166,3539,185
stage5_lightgbm_smote_gpu,lightgbm,smote,sigmoid,valid,0.7667841150712007,0.2568337809249825,0.5333333333333333,0.047261009667024706,0.08682782437099161,0.57,42249,154,3548,176
stage5_lightgbm_smote_gpu,lightgbm,smote,sigmoid,valid,0.7667841150712007,0.2568337809249825,0.5301587301587302,0.04484425349087003,0.08269373607328546,0.58,42255,148,3557,167
stage5_lightgbm_smote_gpu,lightgbm,smote,sigmoid,valid,0.7667841150712007,0.2568337809249825,0.5392156862745098,0.04430719656283566,0.08188585607940446,0.59,42262,141,3559,165
stage5_lightgbm_smote_gpu,lightgbm,smote,sigmoid,valid,0.7667841150712007,0.2568337809249825,0.5395189003436426,0.04215896885069818,0.07820672478206725,0.6,42269,134,3567,157
stage5_lightgbm_smote_gpu,lightgbm,smote,sigmoid,valid,0.7667841150712007,0.2568337809249825,0.5398550724637681,0.040010741138560686,0.0745,0.61,42276,127,3575,149
stage5_lightgbm_smote_gpu,lightgbm,smote,sigmoid,valid,0.7667841150712007,0.2568337809249825,0.5461538461538461,0.038131041890440386,0.071285140562249,0.62,42285,118,3582,142
stage5_lightgbm_smote_gpu,lightgbm,smote,sigmoid,valid,0.7667841150712007,0.2568337809249825,0.5368852459016393,0.03517722878625134,0.06602822580645161,0.63,42290,113,3593,131
stage5_lightgbm_smote_gpu,lightgbm,smote,sigmoid,valid,0.7667841150712007,0.2568337809249825,0.5377777777777778,0.032491944146079484,0.06128133704735376,0.64,42299,104,3603,121
stage5_lightgbm_smote_gpu,lightgbm,smote,sigmoid,valid,0.7667841150712007,0.2568337809249825,0.5528846153846154,0.03088077336197637,0.05849440488301119,0.65,42310,93,3609,115
stage5_lightgbm_smote_gpu,lightgbm,smote,sigmoid,valid,0.7667841150712007,0.2568337809249825,0.5612244897959183,0.02953813104189044,0.05612244897959184,0.66,42317,86,3614,110
stage5_lightgbm_smote_gpu,lightgbm,smote,sigmoid,valid,0.7667841150712007,0.2568337809249825,0.5597826086956522,0.02765843179377014,0.05271238485158649,0.67,42322,81,3621,103
stage5_lightgbm_smote_gpu,lightgbm,smote,sigmoid,valid,0.7667841150712007,0.2568337809249825,0.5747126436781609,0.02685284640171858,0.051308363263211906,0.68,42329,74,3624,100
stage5_lightgbm_smote_gpu,lightgbm,smote,sigmoid,valid,0.7667841150712007,0.2568337809249825,0.5644171779141104,0.024704618689581095,0.047337278106508875,0.69,42332,71,3632,92
stage5_lightgbm_smote_gpu,lightgbm,smote,sigmoid,valid,0.7667841150712007,0.2568337809249825,0.5796178343949044,0.02443609022556391,0.04689513012110281,0.7,42337,66,3633,91
stage5_lightgbm_smote_gpu,lightgbm,smote,sigmoid,valid,0.7667841150712007,0.2568337809249825,0.5771812080536913,0.02309344790547798,0.044410018073844565,0.71,42340,63,3638,86
stage5_lightgbm_smote_gpu,lightgbm,smote,sigmoid,valid,0.7667841150712007,0.2568337809249825,0.5827338129496403,0.021750805585392052,0.04193631892311675,0.72,42345,58,3643,81
stage5_lightgbm_smote_gpu,lightgbm,smote,sigmoid,valid,0.7667841150712007,0.2568337809249825,0.5905511811023622,0.020139634801288938,0.03895092183848351,0.73,42351,52,3649,75
stage5_lightgbm_smote_gpu,lightgbm,smote,sigmoid,valid,0.7667841150712007,0.2568337809249825,0.5867768595041323,0.019065520945220193,0.03693107932379714,0.74,42353,50,3653,71
stage5_lightgbm_smote_gpu,lightgbm,smote,sigmoid,valid,0.7667841150712007,0.2568337809249825,0.5765765765765766,0.017185821697099892,0.033376792698826596,0.75,42356,47,3660,64
stage5_lightgbm_smote_gpu,lightgbm,smote,sigmoid,valid,0.7667841150712007,0.2568337809249825,0.5773195876288659,0.015037593984962405,0.029311698508243916,0.76,42362,41,3668,56
stage5_lightgbm_smote_gpu,lightgbm,smote,sigmoid,valid,0.7667841150712007,0.2568337809249825,0.5903614457831325,0.013157894736842105,0.02574205411084844,0.77,42369,34,3675,49
stage5_lightgbm_smote_gpu,lightgbm,smote,sigmoid,valid,0.7667841150712007,0.2568337809249825,0.5974025974025974,0.012352309344790547,0.024204156800841883,0.78,42372,31,3678,46
stage5_lightgbm_smote_gpu,lightgbm,smote,sigmoid,valid,0.7667841150712007,0.2568337809249825,0.5970149253731343,0.010741138560687433,0.021102611448166712,0.79,42376,27,3684,40
stage5_lightgbm_smote_gpu,lightgbm,smote,sigmoid,valid,0.7667841150712007,0.2568337809249825,0.6101694915254238,0.00966702470461869,0.0190325138778747,0.8,42380,23,3688,36
stage5_lightgbm_smote_gpu,lightgbm,smote,sigmoid,valid,0.7667841150712007,0.2568337809249825,0.5909090909090909,0.006981740064446832,0.013800424628450107,0.81,42385,18,3698,26
stage5_lightgbm_smote_gpu,lightgbm,smote,sigmoid,valid,0.7667841150712007,0.2568337809249825,0.6153846153846154,0.00644468313641246,0.012755779962795642,0.82,42388,15,3700,24
stage5_lightgbm_smote_gpu,lightgbm,smote,sigmoid,valid,0.7667841150712007,0.2568337809249825,0.6363636363636364,0.005639097744360902,0.011179132286398722,0.83,42391,12,3703,21
stage5_lightgbm_smote_gpu,lightgbm,smote,sigmoid,valid,0.7667841150712007,0.2568337809249825,0.6428571428571429,0.004833512352309345,0.009594882729211088,0.84,42393,10,3706,18
stage5_lightgbm_smote_gpu,lightgbm,smote,sigmoid,valid,0.7667841150712007,0.2568337809249825,0.6818181818181818,0.004027926960257788,0.00800854244527496,0.85,42396,7,3709,15
stage5_lightgbm_smote_gpu,lightgbm,smote,sigmoid,valid,0.7667841150712007,0.2568337809249825,0.6470588235294118,0.002953813104189044,0.005880780539962577,0.86,42397,6,3713,11
stage5_lightgbm_smote_gpu,lightgbm,smote,sigmoid,valid,0.7667841150712007,0.2568337809249825,0.6923076923076923,0.0024167561761546724,0.004816697886004816,0.87,42399,4,3715,9
stage5_lightgbm_smote_gpu,lightgbm,smote,sigmoid,valid,0.7667841150712007,0.2568337809249825,0.6363636363636364,0.0018796992481203006,0.003748326639892905,0.88,42399,4,3717,7
stage5_lightgbm_smote_gpu,lightgbm,smote,sigmoid,valid,0.7667841150712007,0.2568337809249825,0.6666666666666666,0.001611170784103115,0.0032145727297080095,0.89,42400,3,3718,6
stage5_lightgbm_smote_gpu,lightgbm,smote,sigmoid,valid,0.7667841150712007,0.2568337809249825,0.4,0.0005370569280343716,0.0010726736390453205,0.9,42400,3,3722,2
stage5_lightgbm_smote_gpu,lightgbm,smote,sigmoid,valid,0.7667841150712007,0.2568337809249825,0.5,0.0005370569280343716,0.001072961373390558,0.91,42401,2,3722,2
stage5_lightgbm_smote_gpu,lightgbm,smote,sigmoid,valid,0.7667841150712007,0.2568337809249825,0.5,0.0005370569280343716,0.001072961373390558,0.92,42401,2,3722,2
stage5_lightgbm_smote_gpu,lightgbm,smote,sigmoid,valid,0.7667841150712007,0.2568337809249825,0.0,0.0,0.0,0.93,42402,1,3724,0
stage5_lightgbm_smote_gpu,lightgbm,smote,sigmoid,valid,0.7667841150712007,0.2568337809249825,0.0,0.0,0.0,0.94,42402,1,3724,0
stage5_lightgbm_smote_gpu,lightgbm,smote,sigmoid,valid,0.7667841150712007,0.2568337809249825,0.0,0.0,0.0,0.95,42403,0,3724,0
stage5_lightgbm_smote_gpu,lightgbm,smote,sigmoid,valid,0.7667841150712007,0.2568337809249825,0.0,0.0,0.0,0.96,42403,0,3724,0
stage5_lightgbm_smote_gpu,lightgbm,smote,sigmoid,valid,0.7667841150712007,0.2568337809249825,0.0,0.0,0.0,0.97,42403,0,3724,0
stage5_lightgbm_smote_gpu,lightgbm,smote,sigmoid,valid,0.7667841150712007,0.2568337809249825,0.0,0.0,0.0,0.98,42403,0,3724,0
stage5_lightgbm_smote_gpu,lightgbm,smote,sigmoid,valid,0.7667841150712007,0.2568337809249825,0.0,0.0,0.0,0.99,42403,0,3724,0
stage5_lightgbm_smote_gpu,lightgbm,smote,isotonic,valid,0.7685160802846343,0.2514700301514722,0.08284129141507542,0.9983888292158969,0.15298837568151424,0.01,1240,41163,6,3718
stage5_lightgbm_smote_gpu,lightgbm,smote,isotonic,valid,0.7685160802846343,0.2514700301514722,0.09586895343280412,0.969656283566058,0.17448659096400096,0.02,8348,34055,113,3611
stage5_lightgbm_smote_gpu,lightgbm,smote,isotonic,valid,0.7685160802846343,0.2514700301514722,0.10738876709790965,0.9339419978517723,0.19262828501010773,0.03,13494,28909,246,3478
stage5_lightgbm_smote_gpu,lightgbm,smote,isotonic,valid,0.7685160802846343,0.2514700301514722,0.12381097328970397,0.8737916219119226,0.21688995534226488,0.04,19375,23028,470,3254
stage5_lightgbm_smote_gpu,lightgbm,smote,isotonic,valid,0.7685160802846343,0.2514700301514722,0.1383219954648526,0.8190118152524167,0.2366726158143866,0.05,23403,19000,674,3050
stage5_lightgbm_smote_gpu,lightgbm,smote,isotonic,valid,0.7685160802846343,0.2514700301514722,0.14763739606570675,0.7819548872180451,0.24837939269873763,0.06,25591,16812,812,2912
stage5_lightgbm_smote_gpu,lightgbm,smote,isotonic,valid,0.7685160802846343,0.2514700301514722,0.1626567468650627,0.7279806659505907,0.26590162326516603,0.07,28447,13956,1013,2711
stage5_lightgbm_smote_gpu,lightgbm,smote,isotonic,valid,0.7685160802846343,0.2514700301514722,0.16284803656263155,0.7271750805585392,0.2661032771581585,0.08,28482,13921,1016,2708
stage5_lightgbm_smote_gpu,lightgbm,smote,isotonic,valid,0.7685160802846343,0.2514700301514722,0.17173404610758436,0.6901181525241675,0.2750280913906576,0.09,30008,12395,1154,2570
stage5_lightgbm_smote_gpu,lightgbm,smote,isotonic,valid,0.7685160802846343,0.2514700301514722,0.18793840199951625,0.6259398496240601,0.2890804241334408,0.1,32331,10072,1393,2331
stage5_lightgbm_smote_gpu,lightgbm,smote,isotonic,valid,0.7685160802846343,0.2514700301514722,0.20089410449846326,0.5792158968850698,0.2983196182836595,0.11,33823,8580,1567,2157
stage5_lightgbm_smote_gpu,lightgbm,smote,isotonic,valid,0.7685160802846343,0.2514700301514722,0.21858168761220825,0.523093447905478,0.3083254194365305,0.12,35439,6964,1776,1948
stage5_lightgbm_smote_gpu,lightgbm,smote,isotonic,valid,0.7685160802846343,0.2514700301514722,0.25083969465648853,0.4411922663802363,0.3198364804360522,0.13,37496,4907,2081,1643
stage5_lightgbm_smote_gpu,lightgbm,smote,isotonic,valid,0.7685160802846343,0.2514700301514722,0.25083969465648853,0.4411922663802363,0.3198364804360522,0.14,37496,4907,2081,1643
stage5_lightgbm_smote_gpu,lightgbm,smote,isotonic,valid,0.7685160802846343,0.2514700301514722,0.2517321016166282,0.4390440386680988,0.3199921714453469,0.15,37543,4860,2089,1635
stage5_lightgbm_smote_gpu,lightgbm,smote,isotonic,valid,0.7685160802846343,0.2514700301514722,0.28191808191808193,0.3788936627282492,0.32329018215144917,0.16,38809,3594,2313,1411
stage5_lightgbm_smote_gpu,lightgbm,smote,isotonic,valid,0.7685160802846343,0.2514700301514722,0.2918110918544194,0.3617078410311493,0.32302158273381293,0.17,39134,3269,2377,1347
stage5_lightgbm_smote_gpu,lightgbm,smote,isotonic,valid,0.7685160802846343,0.2514700301514722,0.299953531598513,0.3466702470461869,0.3216243148978575,0.18,39390,3013,2433,1291
stage5_lightgbm_smote_gpu,lightgbm,smote,isotonic,valid,0.7685160802846343,0.2514700301514722,0.299953531598513,0.3466702470461869,0.3216243148978575,0.19,39390,3013,2433,1291
stage5_lightgbm_smote_gpu,lightgbm,smote,isotonic,valid,0.7685160802846343,0.2514700301514722,0.299953531598513,0.3466702470461869,0.3216243148978575,0.2,39390,3013,2433,1291
stage5_lightgbm_smote_gpu,lightgbm,smote,isotonic,valid,0.7685160802846343,0.2514700301514722,0.30800302953799547,0.3276047261009667,0.31750162654521796,0.21,39662,2741,2504,1220
stage5_lightgbm_smote_gpu,lightgbm,smote,isotonic,valid,0.7685160802846343,0.2514700301514722,0.3362977602108037,0.2741675617615467,0.30207100591715974,0.22,40388,2015,2703,1021
stage5_lightgbm_smote_gpu,lightgbm,smote,isotonic,valid,0.7685160802846343,0.2514700301514722,0.3401499659168371,0.2679914070891514,0.29978972664463804,0.23,40467,1936,2726,998
stage5_lightgbm_smote_gpu,lightgbm,smote,isotonic,valid,0.7685160802846343,0.2514700301514722,0.3401499659168371,0.2679914070891514,0.29978972664463804,0.24,40467,1936,2726,998
stage5_lightgbm_smote_gpu,lightgbm,smote,isotonic,valid,0.7685160802846343,0.2514700301514722,0.3401499659168371,0.2679914070891514,0.29978972664463804,0.25,40467,1936,2726,998
stage5_lightgbm_smote_gpu,lightgbm,smote,isotonic,valid,0.7685160802846343,0.2514700301514722,0.3401499659168371,0.2679914070891514,0.29978972664463804,0.26,40467,1936,2726,998
stage5_lightgbm_smote_gpu,lightgbm,smote,isotonic,valid,0.7685160802846343,0.2514700301514722,0.3401499659168371,0.2679914070891514,0.29978972664463804,0.27,40467,1936,2726,998
stage5_lightgbm_smote_gpu,lightgbm,smote,isotonic,valid,0.7685160802846343,0.2514700301514722,0.3675171736997056,0.20112781954887218,0.2599791738979521,0.28,41114,1289,2975,749
stage5_lightgbm_smote_gpu,lightgbm,smote,isotonic,valid,0.7685160802846343,0.2514700301514722,0.3675171736997056,0.20112781954887218,0.2599791738979521,0.29,41114,1289,2975,749
stage5_lightgbm_smote_gpu,lightgbm,smote,isotonic,valid,0.7685160802846343,0.2514700301514722,0.41792294807370184,0.1339957035445757,0.20292801952013012,0.3,41708,695,3225,499
stage5_lightgbm_smote_gpu,lightgbm,smote,isotonic,valid,0.7685160802846343,0.2514700301514722,0.41792294807370184,0.1339957035445757,0.20292801952013012,0.31,41708,695,3225,499
stage5_lightgbm_smote_gpu,lightgbm,smote,isotonic,valid,0.7685160802846343,0.2514700301514722,0.41792294807370184,0.1339957035445757,0.20292801952013012,0.32,41708,695,3225,499
stage5_lightgbm_smote_gpu,lightgbm,smote,isotonic,valid,0.7685160802846343,0.2514700301514722,0.41792294807370184,0.1339957035445757,0.20292801952013012,0.33,41708,695,3225,499
stage5_lightgbm_smote_gpu,lightgbm,smote,isotonic,valid,0.7685160802846343,0.2514700301514722,0.41792294807370184,0.1339957035445757,0.20292801952013012,0.34,41708,695,3225,499
stage5_lightgbm_smote_gpu,lightgbm,smote,isotonic,valid,0.7685160802846343,0.2514700301514722,0.41792294807370184,0.1339957035445757,0.20292801952013012,0.35,41708,695,3225,499
stage5_lightgbm_smote_gpu,lightgbm,smote,isotonic,valid,0.7685160802846343,0.2514700301514722,0.41792294807370184,0.1339957035445757,0.20292801952013012,0.36,41708,695,3225,499
stage5_lightgbm_smote_gpu,lightgbm,smote,isotonic,valid,0.7685160802846343,0.2514700301514722,0.47368421052631576,0.07491944146079485,0.1293763041966149,0.37,42093,310,3445,279
stage5_lightgbm_smote_gpu,lightgbm,smote,isotonic,valid,0.7685160802846343,0.2514700301514722,0.47368421052631576,0.07491944146079485,0.1293763041966149,0.38,42093,310,3445,279
stage5_lightgbm_smote_gpu,lightgbm,smote,isotonic,valid,0.7685160802846343,0.2514700301514722,0.5212765957446809,0.05263157894736842,0.09560975609756098,0.39,42223,180,3528,196
stage5_lightgbm_smote_gpu,lightgbm,smote,isotonic,valid,0.7685160802846343,0.2514700301514722,0.5212765957446809,0.05263157894736842,0.09560975609756098,0.4,42223,180,3528,196
stage5_lightgbm_smote_gpu,lightgbm,smote,isotonic,valid,0.7685160802846343,0.2514700301514722,0.5212765957446809,0.05263157894736842,0.09560975609756098,0.41,42223,180,3528,196
stage5_lightgbm_smote_gpu,lightgbm,smote,isotonic,valid,0.7685160802846343,0.2514700301514722,0.5481727574750831,0.04430719656283566,0.08198757763975155,0.42,42267,136,3559,165
stage5_lightgbm_smote_gpu,lightgbm,smote,isotonic,valid,0.7685160802846343,0.2514700301514722,0.5481727574750831,0.04430719656283566,0.08198757763975155,0.43,42267,136,3559,165
stage5_lightgbm_smote_gpu,lightgbm,smote,isotonic,valid,0.7685160802846343,0.2514700301514722,0.5481727574750831,0.04430719656283566,0.08198757763975155,0.44,42267,136,3559,165
stage5_lightgbm_smote_gpu,lightgbm,smote,isotonic,valid,0.7685160802846343,0.2514700301514722,0.5481727574750831,0.04430719656283566,0.08198757763975155,0.45,42267,136,3559,165
stage5_lightgbm_smote_gpu,lightgbm,smote,isotonic,valid,0.7685160802846343,0.2514700301514722,0.5481727574750831,0.04430719656283566,0.08198757763975155,0.46,42267,136,3559,165
stage5_lightgbm_smote_gpu,lightgbm,smote,isotonic,valid,0.7685160802846343,0.2514700301514722,0.5481727574750831,0.04430719656283566,0.08198757763975155,0.47,42267,136,3559,165
stage5_lightgbm_smote_gpu,lightgbm,smote,isotonic,valid,0.7685160802846343,0.2514700301514722,0.5481727574750831,0.04430719656283566,0.08198757763975155,0.48,42267,136,3559,165
stage5_lightgbm_smote_gpu,lightgbm,smote,isotonic,valid,0.7685160802846343,0.2514700301514722,0.5481727574750831,0.04430719656283566,0.08198757763975155,0.49,42267,136,3559,165
stage5_lightgbm_smote_gpu,lightgbm,smote,isotonic,valid,0.7685160802846343,0.2514700301514722,0.5847953216374269,0.02685284640171858,0.051347881899871634,0.5,42332,71,3624,100
stage5_lightgbm_smote_gpu,lightgbm,smote,isotonic,valid,0.7685160802846343,0.2514700301514722,0.5847953216374269,0.02685284640171858,0.051347881899871634,0.51,42332,71,3624,100
stage5_lightgbm_smote_gpu,lightgbm,smote,isotonic,valid,0.7685160802846343,0.2514700301514722,0.5847953216374269,0.02685284640171858,0.051347881899871634,0.52,42332,71,3624,100
stage5_lightgbm_smote_gpu,lightgbm,smote,isotonic,valid,0.7685160802846343,0.2514700301514722,0.5847953216374269,0.02685284640171858,0.051347881899871634,0.53,42332,71,3624,100
stage5_lightgbm_smote_gpu,lightgbm,smote,isotonic,valid,0.7685160802846343,0.2514700301514722,0.5847953216374269,0.02685284640171858,0.051347881899871634,0.54,42332,71,3624,100
stage5_lightgbm_smote_gpu,lightgbm,smote,isotonic,valid,0.7685160802846343,0.2514700301514722,0.5847953216374269,0.02685284640171858,0.051347881899871634,0.55,42332,71,3624,100
stage5_lightgbm_smote_gpu,lightgbm,smote,isotonic,valid,0.7685160802846343,0.2514700301514722,0.5847953216374269,0.02685284640171858,0.051347881899871634,0.56,42332,71,3624,100
stage5_lightgbm_smote_gpu,lightgbm,smote,isotonic,valid,0.7685160802846343,0.2514700301514722,0.6666666666666666,0.00644468313641246,0.01276595744680851,0.57,42391,12,3700,24
stage5_lightgbm_smote_gpu,lightgbm,smote,isotonic,valid,0.7685160802846343,0.2514700301514722,0.6666666666666666,0.00644468313641246,0.01276595744680851,0.58,42391,12,3700,24
stage5_lightgbm_smote_gpu,lightgbm,smote,isotonic,valid,0.7685160802846343,0.2514700301514722,0.6666666666666666,0.00644468313641246,0.01276595744680851,0.59,42391,12,3700,24
stage5_lightgbm_smote_gpu,lightgbm,smote,isotonic,valid,0.7685160802846343,0.2514700301514722,0.6666666666666666,0.00644468313641246,0.01276595744680851,0.6,42391,12,3700,24
stage5_lightgbm_smote_gpu,lightgbm,smote,isotonic,valid,0.7685160802846343,0.2514700301514722,0.6666666666666666,0.00644468313641246,0.01276595744680851,0.61,42391,12,3700,24
stage5_lightgbm_smote_gpu,lightgbm,smote,isotonic,valid,0.7685160802846343,0.2514700301514722,0.6956521739130435,0.004296455424274973,0.008540165465705898,0.62,42396,7,3708,16
stage5_lightgbm_smote_gpu,lightgbm,smote,isotonic,valid,0.7685160802846343,0.2514700301514722,0.6956521739130435,0.004296455424274973,0.008540165465705898,0.63,42396,7,3708,16
stage5_lightgbm_smote_gpu,lightgbm,smote,isotonic,valid,0.7685160802846343,0.2514700301514722,0.6956521739130435,0.004296455424274973,0.008540165465705898,0.64,42396,7,3708,16
stage5_lightgbm_smote_gpu,lightgbm,smote,isotonic,valid,0.7685160802846343,0.2514700301514722,0.6956521739130435,0.004296455424274973,0.008540165465705898,0.65,42396,7,3708,16
stage5_lightgbm_smote_gpu,lightgbm,smote,isotonic,valid,0.7685160802846343,0.2514700301514722,0.6956521739130435,0.004296455424274973,0.008540165465705898,0.66,42396,7,3708,16
stage5_lightgbm_smote_gpu,lightgbm,smote,isotonic,valid,0.7685160802846343,0.2514700301514722,0.7,0.0037593984962406013,0.007478632478632479,0.67,42397,6,3710,14
stage5_lightgbm_smote_gpu,lightgbm,smote,isotonic,valid,0.7685160802846343,0.2514700301514722,0.7,0.0037593984962406013,0.007478632478632479,0.68,42397,6,3710,14
stage5_lightgbm_smote_gpu,lightgbm,smote,isotonic,valid,0.7685160802846343,0.2514700301514722,0.7,0.0037593984962406013,0.007478632478632479,0.69,42397,6,3710,14
stage5_lightgbm_smote_gpu,lightgbm,smote,isotonic,valid,0.7685160802846343,0.2514700301514722,0.7,0.0037593984962406013,0.007478632478632479,0.7,42397,6,3710,14
stage5_lightgbm_smote_gpu,lightgbm,smote,isotonic,valid,0.7685160802846343,0.2514700301514722,0.0,0.0,0.0,0.71,42403,0,3724,0
stage5_lightgbm_smote_gpu,lightgbm,smote,isotonic,valid,0.7685160802846343,0.2514700301514722,0.0,0.0,0.0,0.72,42403,0,3724,0
stage5_lightgbm_smote_gpu,lightgbm,smote,isotonic,valid,0.7685160802846343,0.2514700301514722,0.0,0.0,0.0,0.73,42403,0,3724,0
stage5_lightgbm_smote_gpu,lightgbm,smote,isotonic,valid,0.7685160802846343,0.2514700301514722,0.0,0.0,0.0,0.74,42403,0,3724,0
stage5_lightgbm_smote_gpu,lightgbm,smote,isotonic,valid,0.7685160802846343,0.2514700301514722,0.0,0.0,0.0,0.75,42403,0,3724,0
stage5_lightgbm_smote_gpu,lightgbm,smote,isotonic,valid,0.7685160802846343,0.2514700301514722,0.0,0.0,0.0,0.76,42403,0,3724,0
stage5_lightgbm_smote_gpu,lightgbm,smote,isotonic,valid,0.7685160802846343,0.2514700301514722,0.0,0.0,0.0,0.77,42403,0,3724,0
stage5_lightgbm_smote_gpu,lightgbm,smote,isotonic,valid,0.7685160802846343,0.2514700301514722,0.0,0.0,0.0,0.78,42403,0,3724,0
stage5_lightgbm_smote_gpu,lightgbm,smote,isotonic,valid,0.7685160802846343,0.2514700301514722,0.0,0.0,0.0,0.79,42403,0,3724,0
stage5_lightgbm_smote_gpu,lightgbm,smote,isotonic,valid,0.7685160802846343,0.2514700301514722,0.0,0.0,0.0,0.8,42403,0,3724,0
stage5_lightgbm_smote_gpu,lightgbm,smote,isotonic,valid,0.7685160802846343,0.2514700301514722,0.0,0.0,0.0,0.81,42403,0,3724,0
stage5_lightgbm_smote_gpu,lightgbm,smote,isotonic,valid,0.7685160802846343,0.2514700301514722,0.0,0.0,0.0,0.82,42403,0,3724,0
stage5_lightgbm_smote_gpu,lightgbm,smote,isotonic,valid,0.7685160802846343,0.2514700301514722,0.0,0.0,0.0,0.83,42403,0,3724,0
stage5_lightgbm_smote_gpu,lightgbm,smote,isotonic,valid,0.7685160802846343,0.2514700301514722,0.0,0.0,0.0,0.84,42403,0,3724,0
stage5_lightgbm_smote_gpu,lightgbm,smote,isotonic,valid,0.7685160802846343,0.2514700301514722,0.0,0.0,0.0,0.85,42403,0,3724,0
stage5_lightgbm_smote_gpu,lightgbm,smote,isotonic,valid,0.7685160802846343,0.2514700301514722,0.0,0.0,0.0,0.86,42403,0,3724,0
stage5_lightgbm_smote_gpu,lightgbm,smote,isotonic,valid,0.7685160802846343,0.2514700301514722,0.0,0.0,0.0,0.87,42403,0,3724,0
stage5_lightgbm_smote_gpu,lightgbm,smote,isotonic,valid,0.7685160802846343,0.2514700301514722,0.0,0.0,0.0,0.88,42403,0,3724,0
stage5_lightgbm_smote_gpu,lightgbm,smote,isotonic,valid,0.7685160802846343,0.2514700301514722,0.0,0.0,0.0,0.89,42403,0,3724,0
stage5_lightgbm_smote_gpu,lightgbm,smote,isotonic,valid,0.7685160802846343,0.2514700301514722,0.0,0.0,0.0,0.9,42403,0,3724,0
stage5_lightgbm_smote_gpu,lightgbm,smote,isotonic,valid,0.7685160802846343,0.2514700301514722,0.0,0.0,0.0,0.91,42403,0,3724,0
stage5_lightgbm_smote_gpu,lightgbm,smote,isotonic,valid,0.7685160802846343,0.2514700301514722,0.0,0.0,0.0,0.92,42403,0,3724,0
stage5_lightgbm_smote_gpu,lightgbm,smote,isotonic,valid,0.7685160802846343,0.2514700301514722,0.0,0.0,0.0,0.93,42403,0,3724,0
stage5_lightgbm_smote_gpu,lightgbm,smote,isotonic,valid,0.7685160802846343,0.2514700301514722,0.0,0.0,0.0,0.94,42403,0,3724,0
stage5_lightgbm_smote_gpu,lightgbm,smote,isotonic,valid,0.7685160802846343,0.2514700301514722,0.0,0.0,0.0,0.95,42403,0,3724,0
stage5_lightgbm_smote_gpu,lightgbm,smote,isotonic,valid,0.7685160802846343,0.2514700301514722,0.0,0.0,0.0,0.96,42403,0,3724,0
stage5_lightgbm_smote_gpu,lightgbm,smote,isotonic,valid,0.7685160802846343,0.2514700301514722,0.0,0.0,0.0,0.97,42403,0,3724,0
stage5_lightgbm_smote_gpu,lightgbm,smote,isotonic,valid,0.7685160802846343,0.2514700301514722,0.0,0.0,0.0,0.98,42403,0,3724,0
stage5_lightgbm_smote_gpu,lightgbm,smote,isotonic,valid,0.7685160802846343,0.2514700301514722,0.0,0.0,0.0,0.99,42403,0,3724,0
stage5_lightgbm_raw_gpu,lightgbm,raw,raw,valid,0.7641809727961154,0.2569212584816172,0.08281688884925766,0.9975832438238453,0.15293730188135524,0.01,1260,41143,9,3715
stage5_lightgbm_raw_gpu,lightgbm,raw,raw,valid,0.7641809727961154,0.2569212584816172,0.09276366435719785,0.9707303974221267,0.1693446385909027,0.02,7048,35355,109,3615
stage5_lightgbm_raw_gpu,lightgbm,raw,raw,valid,0.7641809727961154,0.2569212584816172,0.10650018362100624,0.9344790547798066,0.1912087912087912,0.03,13207,29196,244,3480
stage5_lightgbm_raw_gpu,lightgbm,raw,raw,valid,0.7641809727961154,0.2569212584816172,0.11941867207886343,0.8848012889366272,0.21043556009707498,0.04,18106,24297,429,3295
stage5_lightgbm_raw_gpu,lightgbm,raw,raw,valid,0.7641809727961154,0.2569212584816172,0.1330523268190914,0.8391514500537057,0.22968652383227373,0.05,22041,20362,599,3125
stage5_lightgbm_raw_gpu,lightgbm,raw,raw,valid,0.7641809727961154,0.2569212584816172,0.14479794486710798,0.7870569280343717,0.24459651172494368,0.06,25092,17311,793,2931
stage5_lightgbm_raw_gpu,lightgbm,raw,raw,valid,0.7641809727961154,0.2569212584816172,0.15647574085660657,0.7387218045112782,0.2582492372682469,0.07,27573,14830,973,2751
stage5_lightgbm_raw_gpu,lightgbm,raw,raw,valid,0.7641809727961154,0.2569212584816172,0.1673522690173033,0.6882384532760473,0.2692368296654236,0.08,29651,12752,1161,2563
stage5_lightgbm_raw_gpu,lightgbm,raw,raw,valid,0.7641809727961154,0.2569212584816172,0.17865671641791045,0.6428571428571429,0.27960756832515765,0.09,31397,11006,1330,2394
stage5_lightgbm_raw_gpu,lightgbm,raw,raw,valid,0.7641809727961154,0.2569212584816172,0.19094153636981645,0.6033834586466166,0.2900852052672347,0.1,32882,9521,1477,2247
stage5_lightgbm_raw_gpu,lightgbm,raw,raw,valid,0.7641809727961154,0.2569212584816172,0.2022256331542594,0.5660580021482277,0.2979926491376873,0.11,34087,8316,1616,2108
stage5_lightgbm_raw_gpu,lightgbm,raw,raw,valid,0.7641809727961154,0.2569212584816172,0.2131979695431472,0.5300751879699248,0.3040899637988138,0.12,35118,7285,1750,1974
stage5_lightgbm_raw_gpu,lightgbm,raw,raw,valid,0.7641809727961154,0.2569212584816172,0.22375423318819546,0.4967776584317938,0.3085390260173449,0.13,35985,6418,1874,1850
stage5_lightgbm_raw_gpu,lightgbm,raw,raw,valid,0.7641809727961154,0.2569212584816172,0.235038084874864,0.4640171858216971,0.3120260021668472,0.14,36779,5624,1996,1728
stage5_lightgbm_raw_gpu,lightgbm,raw,raw,valid,0.7641809727961154,0.2569212584816172,0.244599939154244,0.4317937701396348,0.312293649252282,0.15,37437,4966,2116,1608
stage5_lightgbm_raw_gpu,lightgbm,raw,raw,valid,0.7641809727961154,0.2569212584816172,0.25708432912256746,0.40440386680988183,0.3143393863494051,0.16,38051,4352,2218,1506
stage5_lightgbm_raw_gpu,lightgbm,raw,raw,valid,0.7641809727961154,0.2569212584816172,0.2689655172413793,0.3770139634801289,0.313953488372093,0.17,38587,3816,2320,1404
stage5_lightgbm_raw_gpu,lightgbm,raw,raw,valid,0.7641809727961154,0.2569212584816172,0.28289473684210525,0.3579484425349087,0.3160265528686581,0.18,39024,3379,2391,1333
stage5_lightgbm_raw_gpu,lightgbm,raw,raw,valid,0.7641809727961154,0.2569212584816172,0.29700401037980656,0.33807733619763697,0.31621248273263847,0.19,39423,2980,2465,1259
stage5_lightgbm_raw_gpu,lightgbm,raw,raw,valid,0.7641809727961154,0.2569212584816172,0.30779357556608744,0.31390977443609025,0.31082159000265885,0.2,39774,2629,2555,1169
stage5_lightgbm_raw_gpu,lightgbm,raw,raw,valid,0.7641809727961154,0.2569212584816172,0.3205950991831972,0.2951127819548872,0.30732662192393734,0.21,40074,2329,2625,1099
stage5_lightgbm_raw_gpu,lightgbm,raw,raw,valid,0.7641809727961154,0.2569212584816172,0.33322591040928135,0.27765843179377014,0.3029148967335579,0.22,40334,2069,2690,1034
stage5_lightgbm_raw_gpu,lightgbm,raw,raw,valid,0.7641809727961154,0.2569212584816172,0.3408929836995039,0.25832438238453276,0.2939199511151848,0.23,40543,1860,2762,962
stage5_lightgbm_raw_gpu,lightgbm,raw,raw,valid,0.7641809727961154,0.2569212584816172,0.3508017207665233,0.2408700322234157,0.2856233083903837,0.24,40743,1660,2827,897
stage5_lightgbm_raw_gpu,lightgbm,raw,raw,valid,0.7641809727961154,0.2569212584816172,0.3577306193157211,0.22180451127819548,0.2738272832753191,0.25,40920,1483,2898,826
stage5_lightgbm_raw_gpu,lightgbm,raw,raw,valid,0.7641809727961154,0.2569212584816172,0.3605212355212355,0.2005907626208378,0.2577639751552795,0.26,41078,1325,2977,747
stage5_lightgbm_raw_gpu,lightgbm,raw,raw,valid,0.7641809727961154,0.2569212584816172,0.371931696905016,0.1871643394199785,0.24901750625223293,0.27,41226,1177,3027,697
stage5_lightgbm_raw_gpu,lightgbm,raw,raw,valid,0.7641809727961154,0.2569212584816172,0.37572590011614404,0.17373791621911922,0.23760558207858978,0.28,41328,1075,3077,647
stage5_lightgbm_raw_gpu,lightgbm,raw,raw,valid,0.7641809727961154,0.2569212584816172,0.3879746835443038,0.1646079484425349,0.23114630467571645,0.29,41436,967,3111,613
stage5_lightgbm_raw_gpu,lightgbm,raw,raw,valid,0.7641809727961154,0.2569212584816172,0.39986043265875787,0.15386680988184748,0.2222222222222222,0.3,41543,860,3151,573
stage5_lightgbm_raw_gpu,lightgbm,raw,raw,valid,0.7641809727961154,0.2569212584816172,0.41035548686244205,0.14258861439312567,0.21163810282981269,0.31,41640,763,3193,531
stage5_lightgbm_raw_gpu,lightgbm,raw,raw,valid,0.7641809727961154,0.2569212584816172,0.4174428450465707,0.1323845327604726,0.20101936799184505,0.32,41715,688,3231,493
stage5_lightgbm_raw_gpu,lightgbm,raw,raw,valid,0.7641809727961154,0.2569212584816172,0.43059490084985835,0.12244897959183673,0.19067530838385952,0.33,41800,603,3268,456
stage5_lightgbm_raw_gpu,lightgbm,raw,raw,valid,0.7641809727961154,0.2569212584816172,0.43912591050988553,0.11331901181525242,0.18014941302027748,0.34,41864,539,3302,422
stage5_lightgbm_raw_gpu,lightgbm,raw,raw,valid,0.7641809727961154,0.2569212584816172,0.4460093896713615,0.10204081632653061,0.1660839160839161,0.35,41931,472,3344,380
stage5_lightgbm_raw_gpu,lightgbm,raw,raw,valid,0.7641809727961154,0.2569212584816172,0.44502617801047123,0.09129967776584318,0.15151515151515152,0.36,41979,424,3384,340
stage5_lightgbm_raw_gpu,lightgbm,raw,raw,valid,0.7641809727961154,0.2569212584816172,0.4566813509544787,0.08351235230934478,0.14120317820658343,0.37,42033,370,3413,311
stage5_lightgbm_raw_gpu,lightgbm,raw,raw,valid,0.7641809727961154,0.2569212584816172,0.4560530679933665,0.0738453276047261,0.12710885139819736,0.38,42075,328,3449,275
stage5_lightgbm_raw_gpu,lightgbm,raw,raw,valid,0.7641809727961154,0.2569212584816172,0.474671669793621,0.06793770139634801,0.11886304909560723,0.39,42123,280,3471,253
stage5_lightgbm_raw_gpu,lightgbm,raw,raw,valid,0.7641809727961154,0.2569212584816172,0.48333333333333334,0.06229860365198711,0.11037107516650808,0.4,42155,248,3492,232
stage5_lightgbm_raw_gpu,lightgbm,raw,raw,valid,0.7641809727961154,0.2569212584816172,0.4825174825174825,0.055585392051557464,0.09968697327233325,0.41,42181,222,3517,207
stage5_lightgbm_raw_gpu,lightgbm,raw,raw,valid,0.7641809727961154,0.2569212584816172,0.506426735218509,0.05290010741138561,0.09579382445903234,0.42,42211,192,3527,197
stage5_lightgbm_raw_gpu,lightgbm,raw,raw,valid,0.7641809727961154,0.2569212584816172,0.5114942528735632,0.04779806659505908,0.08742632612966601,0.43,42233,170,3546,178
stage5_lightgbm_raw_gpu,lightgbm,raw,raw,valid,0.7641809727961154,0.2569212584816172,0.5344262295081967,0.04377013963480129,0.08091337800943162,0.44,42261,142,3561,163
stage5_lightgbm_raw_gpu,lightgbm,raw,raw,valid,0.7641809727961154,0.2569212584816172,0.5410447761194029,0.03893662728249194,0.07264529058116233,0.45,42280,123,3579,145
stage5_lightgbm_raw_gpu,lightgbm,raw,raw,valid,0.7641809727961154,0.2569212584816172,0.5371900826446281,0.03490870032223416,0.06555723651033787,0.46,42291,112,3594,130
stage5_lightgbm_raw_gpu,lightgbm,raw,raw,valid,0.7641809727961154,0.2569212584816172,0.5424528301886793,0.03088077336197637,0.058434959349593495,0.47,42306,97,3609,115
stage5_lightgbm_raw_gpu,lightgbm,raw,raw,valid,0.7641809727961154,0.2569212584816172,0.5513513513513514,0.027389903329752954,0.052187260168841135,0.48,42320,83,3622,102
stage5_lightgbm_raw_gpu,lightgbm,raw,raw,valid,0.7641809727961154,0.2569212584816172,0.5568862275449101,0.02497314715359828,0.047802621434078645,0.49,42329,74,3631,93
stage5_lightgbm_raw_gpu,lightgbm,raw,raw,valid,0.7641809727961154,0.2569212584816172,0.5763888888888888,0.02228786251342642,0.042916235780765255,0.5,42342,61,3641,83
stage5_lightgbm_raw_gpu,lightgbm,raw,raw,valid,0.7641809727961154,0.2569212584816172,0.5725806451612904,0.019065520945220193,0.036902286902286904,0.51,42350,53,3653,71
stage5_lightgbm_raw_gpu,lightgbm,raw,raw,valid,0.7641809727961154,0.2569212584816172,0.5825242718446602,0.01611170784103115,0.03135615364515286,0.52,42360,43,3664,60
stage5_lightgbm_raw_gpu,lightgbm,raw,raw,valid,0.7641809727961154,0.2569212584816172,0.6067415730337079,0.014500537056928034,0.02832415420928403,0.53,42368,35,3670,54
stage5_lightgbm_raw_gpu,lightgbm,raw,raw,valid,0.7641809727961154,0.2569212584816172,0.631578947368421,0.01288936627282492,0.02526315789473684,0.54,42375,28,3676,48
stage5_lightgbm_raw_gpu,lightgbm,raw,raw,valid,0.7641809727961154,0.2569212584816172,0.6615384615384615,0.01154672395273899,0.022697281604645025,0.55,42381,22,3681,43
stage5_lightgbm_raw_gpu,lightgbm,raw,raw,valid,0.7641809727961154,0.2569212584816172,0.6896551724137931,0.010741138560687433,0.021152829190904283,0.56,42385,18,3684,40
stage5_lightgbm_raw_gpu,lightgbm,raw,raw,valid,0.7641809727961154,0.2569212584816172,0.6666666666666666,0.008592910848549946,0.016967126193001062,0.57,42387,16,3692,32
stage5_lightgbm_raw_gpu,lightgbm,raw,raw,valid,0.7641809727961154,0.2569212584816172,0.6666666666666666,0.006981740064446832,0.013818761626361946,0.58,42390,13,3698,26
stage5_lightgbm_raw_gpu,lightgbm,raw,raw,valid,0.7641809727961154,0.2569212584816172,0.6666666666666666,0.005907626208378088,0.011711471919084376,0.59,42392,11,3702,22
stage5_lightgbm_raw_gpu,lightgbm,raw,raw,valid,0.7641809727961154,0.2569212584816172,0.6666666666666666,0.004833512352309345,0.00959744068248467,0.6,42394,9,3706,18
stage5_lightgbm_raw_gpu,lightgbm,raw,raw,valid,0.7641809727961154,0.2569212584816172,0.75,0.004027926960257788,0.008012820512820512,0.61,42398,5,3709,15
stage5_lightgbm_raw_gpu,lightgbm,raw,raw,valid,0.7641809727961154,0.2569212584816172,0.7333333333333333,0.002953813104189044,0.005883926183471516,0.62,42399,4,3713,11
stage5_lightgbm_raw_gpu,lightgbm,raw,raw,valid,0.7641809727961154,0.2569212584816172,0.6923076923076923,0.0024167561761546724,0.004816697886004816,0.63,42399,4,3715,9
stage5_lightgbm_raw_gpu,lightgbm,raw,raw,valid,0.7641809727961154,0.2569212584816172,0.7777777777777778,0.0018796992481203006,0.003750334851326011,0.64,42401,2,3717,7
stage5_lightgbm_raw_gpu,lightgbm,raw,raw,valid,0.7641809727961154,0.2569212584816172,0.75,0.001611170784103115,0.003215434083601286,0.65,42401,2,3718,6
stage5_lightgbm_raw_gpu,lightgbm,raw,raw,valid,0.7641809727961154,0.2569212584816172,0.75,0.001611170784103115,0.003215434083601286,0.66,42401,2,3718,6
stage5_lightgbm_raw_gpu,lightgbm,raw,raw,valid,0.7641809727961154,0.2569212584816172,0.7142857142857143,0.0013426423200859291,0.002680246582685607,0.67,42401,2,3719,5
stage5_lightgbm_raw_gpu,lightgbm,raw,raw,valid,0.7641809727961154,0.2569212584816172,0.6,0.0008055853920515575,0.0016090104585679806,0.68,42401,2,3721,3
stage5_lightgbm_raw_gpu,lightgbm,raw,raw,valid,0.7641809727961154,0.2569212584816172,0.5,0.0005370569280343716,0.001072961373390558,0.69,42401,2,3722,2
stage5_lightgbm_raw_gpu,lightgbm,raw,raw,valid,0.7641809727961154,0.2569212584816172,0.3333333333333333,0.0002685284640171858,0.0005366246310705661,0.7,42401,2,3723,1
stage5_lightgbm_raw_gpu,lightgbm,raw,raw,valid,0.7641809727961154,0.2569212584816172,0.0,0.0,0.0,0.71,42401,2,3724,0
stage5_lightgbm_raw_gpu,lightgbm,raw,raw,valid,0.7641809727961154,0.2569212584816172,0.0,0.0,0.0,0.72,42401,2,3724,0
stage5_lightgbm_raw_gpu,lightgbm,raw,raw,valid,0.7641809727961154,0.2569212584816172,0.0,0.0,0.0,0.73,42402,1,3724,0
stage5_lightgbm_raw_gpu,lightgbm,raw,raw,valid,0.7641809727961154,0.2569212584816172,0.0,0.0,0.0,0.74,42402,1,3724,0
stage5_lightgbm_raw_gpu,lightgbm,raw,raw,valid,0.7641809727961154,0.2569212584816172,0.0,0.0,0.0,0.75,42403,0,3724,0
stage5_lightgbm_raw_gpu,lightgbm,raw,raw,valid,0.7641809727961154,0.2569212584816172,0.0,0.0,0.0,0.76,42403,0,3724,0
stage5_lightgbm_raw_gpu,lightgbm,raw,raw,valid,0.7641809727961154,0.2569212584816172,0.0,0.0,0.0,0.77,42403,0,3724,0
stage5_lightgbm_raw_gpu,lightgbm,raw,raw,valid,0.7641809727961154,0.2569212584816172,0.0,0.0,0.0,0.78,42403,0,3724,0
stage5_lightgbm_raw_gpu,lightgbm,raw,raw,valid,0.7641809727961154,0.2569212584816172,0.0,0.0,0.0,0.79,42403,0,3724,0
stage5_lightgbm_raw_gpu,lightgbm,raw,raw,valid,0.7641809727961154,0.2569212584816172,0.0,0.0,0.0,0.8,42403,0,3724,0
stage5_lightgbm_raw_gpu,lightgbm,raw,raw,valid,0.7641809727961154,0.2569212584816172,0.0,0.0,0.0,0.81,42403,0,3724,0
stage5_lightgbm_raw_gpu,lightgbm,raw,raw,valid,0.7641809727961154,0.2569212584816172,0.0,0.0,0.0,0.82,42403,0,3724,0
stage5_lightgbm_raw_gpu,lightgbm,raw,raw,valid,0.7641809727961154,0.2569212584816172,0.0,0.0,0.0,0.83,42403,0,3724,0
stage5_lightgbm_raw_gpu,lightgbm,raw,raw,valid,0.7641809727961154,0.2569212584816172,0.0,0.0,0.0,0.84,42403,0,3724,0
stage5_lightgbm_raw_gpu,lightgbm,raw,raw,valid,0.7641809727961154,0.2569212584816172,0.0,0.0,0.0,0.85,42403,0,3724,0
stage5_lightgbm_raw_gpu,lightgbm,raw,raw,valid,0.7641809727961154,0.2569212584816172,0.0,0.0,0.0,0.86,42403,0,3724,0
stage5_lightgbm_raw_gpu,lightgbm,raw,raw,valid,0.7641809727961154,0.2569212584816172,0.0,0.0,0.0,0.87,42403,0,3724,0
stage5_lightgbm_raw_gpu,lightgbm,raw,raw,valid,0.7641809727961154,0.2569212584816172,0.0,0.0,0.0,0.88,42403,0,3724,0
stage5_lightgbm_raw_gpu,lightgbm,raw,raw,valid,0.7641809727961154,0.2569212584816172,0.0,0.0,0.0,0.89,42403,0,3724,0
stage5_lightgbm_raw_gpu,lightgbm,raw,raw,valid,0.7641809727961154,0.2569212584816172,0.0,0.0,0.0,0.9,42403,0,3724,0
stage5_lightgbm_raw_gpu,lightgbm,raw,raw,valid,0.7641809727961154,0.2569212584816172,0.0,0.0,0.0,0.91,42403,0,3724,0
stage5_lightgbm_raw_gpu,lightgbm,raw,raw,valid,0.7641809727961154,0.2569212584816172,0.0,0.0,0.0,0.92,42403,0,3724,0
stage5_lightgbm_raw_gpu,lightgbm,raw,raw,valid,0.7641809727961154,0.2569212584816172,0.0,0.0,0.0,0.93,42403,0,3724,0
stage5_lightgbm_raw_gpu,lightgbm,raw,raw,valid,0.7641809727961154,0.2569212584816172,0.0,0.0,0.0,0.94,42403,0,3724,0
stage5_lightgbm_raw_gpu,lightgbm,raw,raw,valid,0.7641809727961154,0.2569212584816172,0.0,0.0,0.0,0.95,42403,0,3724,0
stage5_lightgbm_raw_gpu,lightgbm,raw,raw,valid,0.7641809727961154,0.2569212584816172,0.0,0.0,0.0,0.96,42403,0,3724,0
stage5_lightgbm_raw_gpu,lightgbm,raw,raw,valid,0.7641809727961154,0.2569212584816172,0.0,0.0,0.0,0.97,42403,0,3724,0
stage5_lightgbm_raw_gpu,lightgbm,raw,raw,valid,0.7641809727961154,0.2569212584816172,0.0,0.0,0.0,0.98,42403,0,3724,0
stage5_lightgbm_raw_gpu,lightgbm,raw,raw,valid,0.7641809727961154,0.2569212584816172,0.0,0.0,0.0,0.99,42403,0,3724,0
stage5_lightgbm_raw_gpu,lightgbm,raw,sigmoid,valid,0.7641809727961154,0.2569212584816172,0.08073362672621241,1.0,0.14940522757818298,0.01,0,42403,0,3724
stage5_lightgbm_raw_gpu,lightgbm,raw,sigmoid,valid,0.7641809727961154,0.2569212584816172,0.08073362672621241,1.0,0.14940522757818298,0.02,0,42403,0,3724
stage5_lightgbm_raw_gpu,lightgbm,raw,sigmoid,valid,0.7641809727961154,0.2569212584816172,0.08073362672621241,1.0,0.14940522757818298,0.03,0,42403,0,3724
stage5_lightgbm_raw_gpu,lightgbm,raw,sigmoid,valid,0.7641809727961154,0.2569212584816172,0.09105723669365959,0.9752953813104189,0.16656348169039922,0.04,6148,36255,92,3632
stage5_lightgbm_raw_gpu,lightgbm,raw,sigmoid,valid,0.7641809727961154,0.2569212584816172,0.1284215603521042,0.8579484425349087,0.22340313953081845,0.05,20719,21684,529,3195
stage5_lightgbm_raw_gpu,lightgbm,raw,sigmoid,valid,0.7641809727961154,0.2569212584816172,0.15562334067672146,0.7397959183673469,0.2571521911606851,0.06,27455,14948,969,2755
stage5_lightgbm_raw_gpu,lightgbm,raw,sigmoid,valid,0.7641809727961154,0.2569212584816172,0.17781054183560635,0.6476906552094522,0.27902134305049453,0.07,31250,11153,1312,2412
stage5_lightgbm_raw_gpu,lightgbm,raw,sigmoid,valid,0.7641809727961154,0.2569212584816172,0.19864207725479402,0.5813641245972073,0.2961088695890036,0.08,33669,8734,1559,2165
stage5_lightgbm_raw_gpu,lightgbm,raw,sigmoid,valid,0.7641809727961154,0.2569212584816172,0.21470232199845934,0.5238990332975295,0.3045819998438842,0.09,35267,7136,1773,1951
stage5_lightgbm_raw_gpu,lightgbm,raw,sigmoid,valid,0.7641809727961154,0.2569212584816172,0.23042188104760675,0.47959183673469385,0.31128540305010893,0.1,36438,5965,1938,1786
stage5_lightgbm_raw_gpu,lightgbm,raw,sigmoid,valid,0.7641809727961154,0.2569212584816172,0.24321503131524008,0.43796992481203006,0.312751677852349,0.11,37328,5075,2093,1631
stage5_lightgbm_raw_gpu,lightgbm,raw,sigmoid,valid,0.7641809727961154,0.2569212584816172,0.2567728744249446,0.40467239527389903,0.3141874283331596,0.12,38041,4362,2217,1507
stage5_lightgbm_raw_gpu,lightgbm,raw,sigmoid,valid,0.7641809727961154,0.2569212584816172,0.2704426831625749,0.375671321160043,0.31448802967292344,0.13,38629,3774,2325,1399
stage5_lightgbm_raw_gpu,lightgbm,raw,sigmoid,valid,0.7641809727961154,0.2569212584816172,0.28469980632666236,0.35526315789473684,0.31609126747103095,0.14,39079,3324,2401,1323
stage5_lightgbm_raw_gpu,lightgbm,raw,sigmoid,valid,0.7641809727961154,0.2569212584816172,0.2968675842429995,0.33592910848549945,0.31519274376417233,0.15,39440,2963,2473,1251
stage5_lightgbm_raw_gpu,lightgbm,raw,sigmoid,valid,0.7641809727961154,0.2569212584816172,0.30706593117940634,0.31390977443609025,0.3104501394237153,0.16,39765,2638,2555,1169
stage5_lightgbm_raw_gpu,lightgbm,raw,sigmoid,valid,0.7641809727961154,0.2569212584816172,0.3198963432191189,0.29833512352309344,0.3087397526747256,0.17,40041,2362,2613,1111
stage5_lightgbm_raw_gpu,lightgbm,raw,sigmoid,valid,0.7641809727961154,0.2569212584816172,0.330106183635228,0.28383458646616544,0.3052266820675715,0.18,40258,2145,2667,1057
stage5_lightgbm_raw_gpu,lightgbm,raw,sigmoid,valid,0.7641809727961154,0.2569212584816172,0.33748736948467495,0.2690655209452202,0.29941730165844915,0.19,40436,1967,2722,1002
stage5_lightgbm_raw_gpu,lightgbm,raw,sigmoid,valid,0.7641809727961154,0.2569212584816172,0.3416666666666667,0.2532223415682062,0.2908698334361505,0.2,40586,1817,2781,943
stage5_lightgbm_raw_gpu,lightgbm,raw,sigmoid,valid,0.7641809727961154,0.2569212584816172,0.3505836575875486,0.24194414607948442,0.28630441690498887,0.21,40734,1669,2823,901
stage5_lightgbm_raw_gpu,lightgbm,raw,sigmoid,valid,0.7641809727961154,0.2569212584816172,0.35628369970966406,0.23066595059076261,0.2800325998370008,0.22,40851,1552,2865,859
stage5_lightgbm_raw_gpu,lightgbm,raw,sigmoid,valid,0.7641809727961154,0.2569212584816172,0.35919282511210765,0.21509129967776586,0.2690628149143433,0.23,40974,1429,2923,801
stage5_lightgbm_raw_gpu,lightgbm,raw,sigmoid,valid,0.7641809727961154,0.2569212584816172,0.36034732272069464,0.2005907626208378,0.2577195100914266,0.24,41077,1326,2977,747
stage5_lightgbm_raw_gpu,lightgbm,raw,sigmoid,valid,0.7641809727961154,0.2569212584816172,0.3686375321336761,0.19253490870032222,0.2529546657258776,0.25,41175,1228,3007,717
stage5_lightgbm_raw_gpu,lightgbm,raw,sigmoid,valid,0.7641809727961154,0.2569212584816172,0.3721436343852013,0.1836734693877551,0.2459546925566343,0.26,41249,1154,3040,684
stage5_lightgbm_raw_gpu,lightgbm,raw,sigmoid,valid,0.7641809727961154,0.2569212584816172,0.3739230327398047,0.17481203007518797,0.23824336688014638,0.27,41313,1090,3073,651
stage5_lightgbm_raw_gpu,lightgbm,raw,sigmoid,valid,0.7641809727961154,0.2569212584816172,0.38,0.1683673469387755,0.23334573874209155,0.28,41380,1023,3097,627
stage5_lightgbm_raw_gpu,lightgbm,raw,sigmoid,valid,0.7641809727961154,0.2569212584816172,0.38740458015267176,0.16353383458646617,0.22998489425981872,0.29,41440,963,3115,609
stage5_lightgbm_raw_gpu,lightgbm,raw,sigmoid,valid,0.7641809727961154,0.2569212584816172,0.3956639566395664,0.15682062298603652,0.2246153846153846,0.3,41511,892,3140,584
stage5_lightgbm_raw_gpu,lightgbm,raw,sigmoid,valid,0.7641809727961154,0.2569212584816172,0.4017094017094017,0.1514500537056928,0.21996879875195008,0.31,41563,840,3160,564
stage5_lightgbm_raw_gpu,lightgbm,raw,sigmoid,valid,0.7641809727961154,0.2569212584816172,0.4092284417549168,0.14527389903329754,0.21442726912405866,0.32,41622,781,3183,541
stage5_lightgbm_raw_gpu,lightgbm,raw,sigmoid,valid,0.7641809727961154,0.2569212584816172,0.41214057507987223,0.1385606874328679,0.20739549839228297,0.33,41667,736,3208,516
stage5_lightgbm_raw_gpu,lightgbm,raw,sigmoid,valid,0.7641809727961154,0.2569212584816172,0.41846921797004993,0.13506981740064447,0.20422249289484368,0.34,41704,699,3221,503
stage5_lightgbm_raw_gpu,lightgbm,raw,sigmoid,valid,0.7641809727961154,0.2569212584816172,0.4234875444839858,0.12781954887218044,0.19636963696369636,0.35,41755,648,3248,476
stage5_lightgbm_raw_gpu,lightgbm,raw,sigmoid,valid,0.7641809727961154,0.2569212584816172,0.4288372093023256,0.12379162191192267,0.1921233590331319,0.36,41789,614,3263,461
stage5_lightgbm_raw_gpu,lightgbm,raw,sigmoid,valid,0.7641809727961154,0.2569212584816172,0.435847208619001,0.11949516648764769,0.18756585879873552,0.37,41827,576,3279,445
stage5_lightgbm_raw_gpu,lightgbm,raw,sigmoid,valid,0.7641809727961154,0.2569212584816172,0.4402061855670103,0.11466165413533834,0.18193438432040904,0.38,41860,543,3297,427
stage5_lightgbm_raw_gpu,lightgbm,raw,sigmoid,valid,0.7641809727961154,0.2569212584816172,0.44127332601536773,0.1079484425349087,0.17346278317152103,0.39,41894,509,3322,402
stage5_lightgbm_raw_gpu,lightgbm,raw,sigmoid,valid,0.7641809727961154,0.2569212584816172,0.4429065743944637,0.10311493018259936,0.1672838161620562,0.4,41920,483,3340,384
stage5_lightgbm_raw_gpu,lightgbm,raw,sigmoid,valid,0.7641809727961154,0.2569212584816172,0.44607843137254904,0.09774436090225563,0.160352422907489,0.41,41951,452,3360,364
stage5_lightgbm_raw_gpu,lightgbm,raw,sigmoid,valid,0.7641809727961154,0.2569212584816172,0.44787644787644787,0.09344790547798067,0.15463230393245944,0.42,41974,429,3376,348
stage5_lightgbm_raw_gpu,lightgbm,raw,sigmoid,valid,0.7641809727961154,0.2569212584816172,0.45231607629427795,0.08915145005370569,0.14894571556751907,0.43,42001,402,3392,332
stage5_lightgbm_raw_gpu,lightgbm,raw,sigmoid,valid,0.7641809727961154,0.2569212584816172,0.4563953488372093,0.08431793770139635,0.14233907524932005,0.44,42029,374,3410,314
stage5_lightgbm_raw_gpu,lightgbm,raw,sigmoid,valid,0.7641809727961154,0.2569212584816172,0.45606060606060606,0.08082706766917293,0.13731751824817517,0.45,42044,359,3423,301
stage5_lightgbm_raw_gpu,lightgbm,raw,sigmoid,valid,0.7641809727961154,0.2569212584816172,0.4604200323101777,0.07653061224489796,0.13124568270780568,0.46,42069,334,3439,285
stage5_lightgbm_raw_gpu,lightgbm,raw,sigmoid,valid,0.7641809727961154,0.2569212584816172,0.462738301559792,0.07169709989258861,0.12415717275052314,0.47,42093,310,3457,267
stage5_lightgbm_raw_gpu,lightgbm,raw,sigmoid,valid,0.7641809727961154,0.2569212584816172,0.4727272727272727,0.06981740064446831,0.12166588675713617,0.48,42113,290,3464,260
stage5_lightgbm_raw_gpu,lightgbm,raw,sigmoid,valid,0.7641809727961154,0.2569212584816172,0.47784200385356457,0.06659505907626208,0.11689842092858826,0.49,42132,271,3476,248
stage5_lightgbm_raw_gpu,lightgbm,raw,sigmoid,valid,0.7641809727961154,0.2569212584816172,0.48484848484848486,0.0644468313641246,0.11377103579047168,0.5,42148,255,3484,240
stage5_lightgbm_raw_gpu,lightgbm,raw,sigmoid,valid,0.7641809727961154,0.2569212584816172,0.48717948717948717,0.061224489795918366,0.10877862595419847,0.51,42163,240,3496,228
stage5_lightgbm_raw_gpu,lightgbm,raw,sigmoid,valid,0.7641809727961154,0.2569212584816172,0.4798206278026906,0.057465091299677765,0.1026378896882494,0.52,42171,232,3510,214
stage5_lightgbm_raw_gpu,lightgbm,raw,sigmoid,valid,0.7641809727961154,0.2569212584816172,0.48578199052132703,0.05504833512352309,0.09889049686444766,0.53,42186,217,3519,205
stage5_lightgbm_raw_gpu,lightgbm,raw,sigmoid,valid,0.7641809727961154,0.2569212584816172,0.5,0.05397422126745435,0.09743092583616093,0.54,42202,201,3523,201
stage5_lightgbm_raw_gpu,lightgbm,raw,sigmoid,valid,0.7641809727961154,0.2569212584816172,0.5077319587628866,0.05290010741138561,0.0958171206225681,0.55,42212,191,3527,197
stage5_lightgbm_raw_gpu,lightgbm,raw,sigmoid,valid,0.7641809727961154,0.2569212584816172,0.5067385444743935,0.050483351235230935,0.09181929181929183,0.56,42220,183,3536,188
stage5_lightgbm_raw_gpu,lightgbm,raw,sigmoid,valid,0.7641809727961154,0.2569212584816172,0.5116279069767442,0.047261009667024706,0.08652900688298919,0.57,42235,168,3548,176
stage5_lightgbm_raw_gpu,lightgbm,raw,sigmoid,valid,0.7641809727961154,0.2569212584816172,0.5263157894736842,0.04564983888292159,0.08401284902396837,0.58,42250,153,3554,170
stage5_lightgbm_raw_gpu,lightgbm,raw,sigmoid,valid,0.7641809727961154,0.2569212584816172,0.5328947368421053,0.043501611170784105,0.0804369414101291,0.59,42261,142,3562,162
stage5_lightgbm_raw_gpu,lightgbm,raw,sigmoid,valid,0.7641809727961154,0.2569212584816172,0.5392857142857143,0.04054779806659506,0.07542457542457542,0.6,42274,129,3573,151
stage5_lightgbm_raw_gpu,lightgbm,raw,sigmoid,valid,0.7641809727961154,0.2569212584816172,0.5433962264150943,0.03866809881847476,0.07219854600150413,0.61,42282,121,3580,144
stage5_lightgbm_raw_gpu,lightgbm,raw,sigmoid,valid,0.7641809727961154,0.2569212584816172,0.5378486055776892,0.036251342642320085,0.06792452830188679,0.62,42287,116,3589,135
stage5_lightgbm_raw_gpu,lightgbm,raw,sigmoid,valid,0.7641809727961154,0.2569212584816172,0.5355648535564853,0.034371643394199784,0.06459752712591471,0.63,42292,111,3596,128
stage5_lightgbm_raw_gpu,lightgbm,raw,sigmoid,valid,0.7641809727961154,0.2569212584816172,0.5381165919282511,0.0322234156820623,0.06080567519635166,0.64,42300,103,3604,120
stage5_lightgbm_raw_gpu,lightgbm,raw,sigmoid,valid,0.7641809727961154,0.2569212584816172,0.5428571428571428,0.030612244897959183,0.057956278596847995,0.65,42307,96,3610,114
stage5_lightgbm_raw_gpu,lightgbm,raw,sigmoid,valid,0.7641809727961154,0.2569212584816172,0.5583756345177665,0.02953813104189044,0.05610813567967355,0.66,42316,87,3614,110
stage5_lightgbm_raw_gpu,lightgbm,raw,sigmoid,valid,0.7641809727961154,0.2569212584816172,0.546448087431694,0.02685284640171858,0.051190171487074485,0.67,42320,83,3624,100
stage5_lightgbm_raw_gpu,lightgbm,raw,sigmoid,valid,0.7641809727961154,0.2569212584816172,0.5497076023391813,0.025241675617615467,0.04826700898587933,0.68,42326,77,3630,94
stage5_lightgbm_raw_gpu,lightgbm,raw,sigmoid,valid,0.7641809727961154,0.2569212584816172,0.5625,0.024167561761546726,0.046343975283213185,0.69,42333,70,3634,90
stage5_lightgbm_raw_gpu,lightgbm,raw,sigmoid,valid,0.7641809727961154,0.2569212584816172,0.5684931506849316,0.02228786251342642,0.04289405684754522,0.7,42340,63,3641,83
stage5_lightgbm_raw_gpu,lightgbm,raw,sigmoid,valid,0.7641809727961154,0.2569212584816172,0.562962962962963,0.02040816326530612,0.03938844260171029,0.71,42344,59,3648,76
stage5_lightgbm_raw_gpu,lightgbm,raw,sigmoid,valid,0.7641809727961154,0.2569212584816172,0.5725806451612904,0.019065520945220193,0.036902286902286904,0.72,42350,53,3653,71
stage5_lightgbm_raw_gpu,lightgbm,raw,sigmoid,valid,0.7641809727961154,0.2569212584816172,0.6,0.017722878625134265,0.03442879499217527,0.73,42359,44,3658,66
stage5_lightgbm_raw_gpu,lightgbm,raw,sigmoid,valid,0.7641809727961154,0.2569212584816172,0.6020408163265306,0.015843179377013964,0.03087388801674516,0.74,42364,39,3665,59
stage5_lightgbm_raw_gpu,lightgbm,raw,sigmoid,valid,0.7641809727961154,0.2569212584816172,0.6,0.014500537056928034,0.02831672784478238,0.75,42367,36,3670,54
stage5_lightgbm_raw_gpu,lightgbm,raw,sigmoid,valid,0.7641809727961154,0.2569212584816172,0.6265060240963856,0.013963480128893663,0.027318098240084056,0.76,42372,31,3672,52
stage5_lightgbm_raw_gpu,lightgbm,raw,sigmoid,valid,0.7641809727961154,0.2569212584816172,0.6438356164383562,0.012620837808807734,0.02475638662101659,0.77,42377,26,3677,47
stage5_lightgbm_raw_gpu,lightgbm,raw,sigmoid,valid,0.7641809727961154,0.2569212584816172,0.6417910447761194,0.01154672395273899,0.022685307306779215,0.78,42379,24,3681,43
stage5_lightgbm_raw_gpu,lightgbm,raw,sigmoid,valid,0.7641809727961154,0.2569212584816172,0.6885245901639344,0.011278195488721804,0.022192866578599736,0.79,42384,19,3682,42
stage5_lightgbm_raw_gpu,lightgbm,raw,sigmoid,valid,0.7641809727961154,0.2569212584816172,0.6909090909090909,0.01020408163265306,0.020111140513363324,0.8,42386,17,3686,38
stage5_lightgbm_raw_gpu,lightgbm,raw,sigmoid,valid,0.7641809727961154,0.2569212584816172,0.6666666666666666,0.008592910848549946,0.016967126193001062,0.81,42387,16,3692,32
stage5_lightgbm_raw_gpu,lightgbm,raw,sigmoid,valid,0.7641809727961154,0.2569212584816172,0.675,0.007250268528464017,0.014346439957492029,0.82,42390,13,3697,27
stage5_lightgbm_raw_gpu,lightgbm,raw,sigmoid,valid,0.7641809727961154,0.2569212584816172,0.6857142857142857,0.00644468313641246,0.012769353551476457,0.83,42392,11,3700,24
stage5_lightgbm_raw_gpu,lightgbm,raw,sigmoid,valid,0.7641809727961154,0.2569212584816172,0.6333333333333333,0.00510204081632653,0.010122535961640916,0.84,42392,11,3705,19
stage5_lightgbm_raw_gpu,lightgbm,raw,sigmoid,valid,0.7641809727961154,0.2569212584816172,0.72,0.004833512352309345,0.00960256068284876,0.85,42396,7,3706,18
stage5_lightgbm_raw_gpu,lightgbm,raw,sigmoid,valid,0.7641809727961154,0.2569212584816172,0.7894736842105263,0.004027926960257788,0.008014961261020572,0.86,42399,4,3709,15
stage5_lightgbm_raw_gpu,lightgbm,raw,sigmoid,valid,0.7641809727961154,0.2569212584816172,0.7142857142857143,0.0026852846401718583,0.005350454788657036,0.87,42399,4,3714,10
stage5_lightgbm_raw_gpu,lightgbm,raw,sigmoid,valid,0.7641809727961154,0.2569212584816172,0.8181818181818182,0.0024167561761546724,0.004819277108433735,0.88,42401,2,3715,9
stage5_lightgbm_raw_gpu,lightgbm,raw,sigmoid,valid,0.7641809727961154,0.2569212584816172,0.75,0.001611170784103115,0.003215434083601286,0.89,42401,2,3718,6
stage5_lightgbm_raw_gpu,lightgbm,raw,sigmoid,valid,0.7641809727961154,0.2569212584816172,0.75,0.001611170784103115,0.003215434083601286,0.9,42401,2,3718,6
stage5_lightgbm_raw_gpu,lightgbm,raw,sigmoid,valid,0.7641809727961154,0.2569212584816172,0.6,0.0008055853920515575,0.0016090104585679806,0.91,42401,2,3721,3
stage5_lightgbm_raw_gpu,lightgbm,raw,sigmoid,valid,0.7641809727961154,0.2569212584816172,0.5,0.0005370569280343716,0.001072961373390558,0.92,42401,2,3722,2
stage5_lightgbm_raw_gpu,lightgbm,raw,sigmoid,valid,0.7641809727961154,0.2569212584816172,0.0,0.0,0.0,0.93,42401,2,3724,0
stage5_lightgbm_raw_gpu,lightgbm,raw,sigmoid,valid,0.7641809727961154,0.2569212584816172,0.0,0.0,0.0,0.94,42402,1,3724,0
stage5_lightgbm_raw_gpu,lightgbm,raw,sigmoid,valid,0.7641809727961154,0.2569212584816172,0.0,0.0,0.0,0.95,42403,0,3724,0
stage5_lightgbm_raw_gpu,lightgbm,raw,sigmoid,valid,0.7641809727961154,0.2569212584816172,0.0,0.0,0.0,0.96,42403,0,3724,0
stage5_lightgbm_raw_gpu,lightgbm,raw,sigmoid,valid,0.7641809727961154,0.2569212584816172,0.0,0.0,0.0,0.97,42403,0,3724,0
stage5_lightgbm_raw_gpu,lightgbm,raw,sigmoid,valid,0.7641809727961154,0.2569212584816172,0.0,0.0,0.0,0.98,42403,0,3724,0
stage5_lightgbm_raw_gpu,lightgbm,raw,sigmoid,valid,0.7641809727961154,0.2569212584816172,0.0,0.0,0.0,0.99,42403,0,3724,0
stage5_lightgbm_raw_gpu,lightgbm,raw,isotonic,valid,0.7657036082833955,0.2510354179330709,0.08181338724563794,0.9997314715359829,0.15124923826934797,0.01,620,41783,1,3723
stage5_lightgbm_raw_gpu,lightgbm,raw,isotonic,valid,0.7657036082833955,0.2510354179330709,0.09359376214283864,0.9701933404940923,0.17071845394192833,0.02,7413,34990,111,3613
stage5_lightgbm_raw_gpu,lightgbm,raw,isotonic,valid,0.7657036082833955,0.2510354179330709,0.10651122942292393,0.9347475832438239,0.1912322144701423,0.03,13202,29201,243,3481
stage5_lightgbm_raw_gpu,lightgbm,raw,isotonic,valid,0.7657036082833955,0.2510354179330709,0.12669683257918551,0.8646616541353384,0.22100964343319948,0.04,20208,22195,504,3220
stage5_lightgbm_raw_gpu,lightgbm,raw,isotonic,valid,0.7657036082833955,0.2510354179330709,0.1294003004588087,0.8558002148227712,0.2248086622226925,0.05,20961,21442,537,3187
stage5_lightgbm_raw_gpu,lightgbm,raw,isotonic,valid,0.7657036082833955,0.2510354179330709,0.13370473537604458,0.8378088077336198,0.2306071916922281,0.06,22188,20215,604,3120
stage5_lightgbm_raw_gpu,lightgbm,raw,isotonic,valid,0.7657036082833955,0.2510354179330709,0.15652371743828916,0.7389903329752954,0.2583309865765512,0.07,27573,14830,972,2752
stage5_lightgbm_raw_gpu,lightgbm,raw,isotonic,valid,0.7657036082833955,0.2510354179330709,0.16473608415252644,0.7064983888292159,0.2671744097486672,0.08,29063,13340,1093,2631
stage5_lightgbm_raw_gpu,lightgbm,raw,isotonic,valid,0.7657036082833955,0.2510354179330709,0.17135271291442575,0.6758861439312567,0.27339379786020745,0.09,30231,12172,1207,2517
stage5_lightgbm_raw_gpu,lightgbm,raw,isotonic,valid,0.7657036082833955,0.2510354179330709,0.19560984244999116,0.5934479054779807,0.2942351218213287,0.1,33315,9088,1514,2210
stage5_lightgbm_raw_gpu,lightgbm,raw,isotonic,valid,0.7657036082833955,0.2510354179330709,0.20076786215937822,0.5757250268528464,0.2977157536624314,0.11,33868,8535,1580,2144
stage5_lightgbm_raw_gpu,lightgbm,raw,isotonic,valid,0.7657036082833955,0.2510354179330709,0.2215219421101774,0.5096670247046187,0.3088187438984705,0.12,35733,6670,1826,1898
stage5_lightgbm_raw_gpu,lightgbm,raw,isotonic,valid,0.7657036082833955,0.2510354179330709,0.2215219421101774,0.5096670247046187,0.3088187438984705,0.13,35733,6670,1826,1898
stage5_lightgbm_raw_gpu,lightgbm,raw,isotonic,valid,0.7657036082833955,0.2510354179330709,0.23758278145695363,0.462406015037594,0.3138899015676267,0.14,36877,5526,2002,1722
stage5_lightgbm_raw_gpu,lightgbm,raw,isotonic,valid,0.7657036082833955,0.2510354179330709,0.23758278145695363,0.462406015037594,0.3138899015676267,0.15,36877,5526,2002,1722
stage5_lightgbm_raw_gpu,lightgbm,raw,isotonic,valid,0.7657036082833955,0.2510354179330709,0.2905677246312025,0.34908700322234154,0.31715052451817516,0.16,39229,3174,2424,1300
stage5_lightgbm_raw_gpu,lightgbm,raw,isotonic,valid,0.7657036082833955,0.2510354179330709,0.2910682226211849,0.34828141783029,0.3171149144254279,0.17,39244,3159,2427,1297
stage5_lightgbm_raw_gpu,lightgbm,raw,isotonic,valid,0.7657036082833955,0.2510354179330709,0.3013431013431013,0.3313641245972073,0.31564138636654304,0.18,39542,2861,2490,1234
stage5_lightgbm_raw_gpu,lightgbm,raw,isotonic,valid,0.7657036082833955,0.2510354179330709,0.3013431013431013,0.3313641245972073,0.31564138636654304,0.19,39542,2861,2490,1234
stage5_lightgbm_raw_gpu,lightgbm,raw,isotonic,valid,0.7657036082833955,0.2510354179330709,0.3281535648994516,0.2892051557465091,0.3074507564944333,0.2,40198,2205,2647,1077
stage5_lightgbm_raw_gpu,lightgbm,raw,isotonic,valid,0.7657036082833955,0.2510354179330709,0.3281535648994516,0.2892051557465091,0.3074507564944333,0.21,40198,2205,2647,1077
stage5_lightgbm_raw_gpu,lightgbm,raw,isotonic,valid,0.7657036082833955,0.2510354179330709,0.33238546603475516,0.2824919441460795,0.3054144287995355,0.22,40290,2113,2672,1052
stage5_lightgbm_raw_gpu,lightgbm,raw,isotonic,valid,0.7657036082833955,0.2510354179330709,0.336734693877551,0.27470461868958107,0.3025732031943212,0.23,40388,2015,2701,1023
stage5_lightgbm_raw_gpu,lightgbm,raw,isotonic,valid,0.7657036082833955,0.2510354179330709,0.336734693877551,0.27470461868958107,0.3025732031943212,0.24,40388,2015,2701,1023
stage5_lightgbm_raw_gpu,lightgbm,raw,isotonic,valid,0.7657036082833955,0.2510354179330709,0.336734693877551,0.27470461868958107,0.3025732031943212,0.25,40388,2015,2701,1023
stage5_lightgbm_raw_gpu,lightgbm,raw,isotonic,valid,0.7657036082833955,0.2510354179330709,0.35222353404171586,0.2403329752953813,0.2857142857142857,0.26,40757,1646,2829,895
stage5_lightgbm_raw_gpu,lightgbm,raw,isotonic,valid,0.7657036082833955,0.2510354179330709,0.3571725571725572,0.23066595059076261,0.2803067384565182,0.27,40857,1546,2865,859
stage5_lightgbm_raw_gpu,lightgbm,raw,isotonic,valid,0.7657036082833955,0.2510354179330709,0.3571725571725572,0.23066595059076261,0.2803067384565182,0.28,40857,1546,2865,859
stage5_lightgbm_raw_gpu,lightgbm,raw,isotonic,valid,0.7657036082833955,0.2510354179330709,0.3571725571725572,0.23066595059076261,0.2803067384565182,0.29,40857,1546,2865,859
stage5_lightgbm_raw_gpu,lightgbm,raw,isotonic,valid,0.7657036082833955,0.2510354179330709,0.4125766871165644,0.14446831364124596,0.21400159108989658,0.3,41637,766,3186,538
stage5_lightgbm_raw_gpu,lightgbm,raw,isotonic,valid,0.7657036082833955,0.2510354179330709,0.4125766871165644,0.14446831364124596,0.21400159108989658,0.31,41637,766,3186,538
stage5_lightgbm_raw_gpu,lightgbm,raw,isotonic,valid,0.7657036082833955,0.2510354179330709,0.41962077493816985,0.13668098818474758,0.2061980960097225,0.32,41699,704,3215,509
stage5_lightgbm_raw_gpu,lightgbm,raw,isotonic,valid,0.7657036082833955,0.2510354179330709,0.43774703557312256,0.11895810955961332,0.18707770270270271,0.33,41834,569,3281,443
stage5_lightgbm_raw_gpu,lightgbm,raw,isotonic,valid,0.7657036082833955,0.2510354179330709,0.43774703557312256,0.11895810955961332,0.18707770270270271,0.34,41834,569,3281,443
stage5_lightgbm_raw_gpu,lightgbm,raw,isotonic,valid,0.7657036082833955,0.2510354179330709,0.43774703557312256,0.11895810955961332,0.18707770270270271,0.35,41834,569,3281,443
stage5_lightgbm_raw_gpu,lightgbm,raw,isotonic,valid,0.7657036082833955,0.2510354179330709,0.4409044193216855,0.11519871106337272,0.18266978922716628,0.36,41859,544,3295,429
stage5_lightgbm_raw_gpu,lightgbm,raw,isotonic,valid,0.7657036082833955,0.2510354179330709,0.4409044193216855,0.11519871106337272,0.18266978922716628,0.37,41859,544,3295,429
stage5_lightgbm_raw_gpu,lightgbm,raw,isotonic,valid,0.7657036082833955,0.2510354179330709,0.4427966101694915,0.11224489795918367,0.1790916880891174,0.38,41877,526,3306,418
stage5_lightgbm_raw_gpu,lightgbm,raw,isotonic,valid,0.7657036082833955,0.2510354179330709,0.4461883408071749,0.10687432867883996,0.17244367417677642,0.39,41909,494,3326,398
stage5_lightgbm_raw_gpu,lightgbm,raw,isotonic,valid,0.7657036082833955,0.2510354179330709,0.4869215291750503,0.06498388829215897,0.11466477138118929,0.4,42148,255,3482,242
stage5_lightgbm_raw_gpu,lightgbm,raw,isotonic,valid,0.7657036082833955,0.2510354179330709,0.5103626943005182,0.05290010741138561,0.09586374695863747,0.41,42214,189,3527,197
stage5_lightgbm_raw_gpu,lightgbm,raw,isotonic,valid,0.7657036082833955,0.2510354179330709,0.5357142857142857,0.04430719656283566,0.0818452380952381,0.42,42260,143,3559,165
stage5_lightgbm_raw_gpu,lightgbm,raw,isotonic,valid,0.7657036082833955,0.2510354179330709,0.5357142857142857,0.04430719656283566,0.0818452380952381,0.43,42260,143,3559,165
stage5_lightgbm_raw_gpu,lightgbm,raw,isotonic,valid,0.7657036082833955,0.2510354179330709,0.5357142857142857,0.04430719656283566,0.0818452380952381,0.44,42260,143,3559,165
stage5_lightgbm_raw_gpu,lightgbm,raw,isotonic,valid,0.7657036082833955,0.2510354179330709,0.5357142857142857,0.04430719656283566,0.0818452380952381,0.45,42260,143,3559,165
stage5_lightgbm_raw_gpu,lightgbm,raw,isotonic,valid,0.7657036082833955,0.2510354179330709,0.5357142857142857,0.04430719656283566,0.0818452380952381,0.46,42260,143,3559,165
stage5_lightgbm_raw_gpu,lightgbm,raw,isotonic,valid,0.7657036082833955,0.2510354179330709,0.5357142857142857,0.04430719656283566,0.0818452380952381,0.47,42260,143,3559,165
stage5_lightgbm_raw_gpu,lightgbm,raw,isotonic,valid,0.7657036082833955,0.2510354179330709,0.5451127819548872,0.03893662728249194,0.07268170426065163,0.48,42282,121,3579,145
stage5_lightgbm_raw_gpu,lightgbm,raw,isotonic,valid,0.7657036082833955,0.2510354179330709,0.5451127819548872,0.03893662728249194,0.07268170426065163,0.49,42282,121,3579,145
stage5_lightgbm_raw_gpu,lightgbm,raw,isotonic,valid,0.7657036082833955,0.2510354179330709,0.5451127819548872,0.03893662728249194,0.07268170426065163,0.5,42282,121,3579,145
stage5_lightgbm_raw_gpu,lightgbm,raw,isotonic,valid,0.7657036082833955,0.2510354179330709,0.6885245901639344,0.011278195488721804,0.022192866578599736,0.51,42384,19,3682,42
stage5_lightgbm_raw_gpu,lightgbm,raw,isotonic,valid,0.7657036082833955,0.2510354179330709,0.6885245901639344,0.011278195488721804,0.022192866578599736,0.52,42384,19,3682,42
stage5_lightgbm_raw_gpu,lightgbm,raw,isotonic,valid,0.7657036082833955,0.2510354179330709,0.6885245901639344,0.011278195488721804,0.022192866578599736,0.53,42384,19,3682,42
stage5_lightgbm_raw_gpu,lightgbm,raw,isotonic,valid,0.7657036082833955,0.2510354179330709,0.6885245901639344,0.011278195488721804,0.022192866578599736,0.54,42384,19,3682,42
stage5_lightgbm_raw_gpu,lightgbm,raw,isotonic,valid,0.7657036082833955,0.2510354179330709,0.6885245901639344,0.011278195488721804,0.022192866578599736,0.55,42384,19,3682,42
stage5_lightgbm_raw_gpu,lightgbm,raw,isotonic,valid,0.7657036082833955,0.2510354179330709,0.6885245901639344,0.011278195488721804,0.022192866578599736,0.56,42384,19,3682,42
stage5_lightgbm_raw_gpu,lightgbm,raw,isotonic,valid,0.7657036082833955,0.2510354179330709,0.6885245901639344,0.011278195488721804,0.022192866578599736,0.57,42384,19,3682,42
stage5_lightgbm_raw_gpu,lightgbm,raw,isotonic,valid,0.7657036082833955,0.2510354179330709,0.6885245901639344,0.011278195488721804,0.022192866578599736,0.58,42384,19,3682,42
stage5_lightgbm_raw_gpu,lightgbm,raw,isotonic,valid,0.7657036082833955,0.2510354179330709,0.6885245901639344,0.011278195488721804,0.022192866578599736,0.59,42384,19,3682,42
stage5_lightgbm_raw_gpu,lightgbm,raw,isotonic,valid,0.7657036082833955,0.2510354179330709,0.6885245901639344,0.011278195488721804,0.022192866578599736,0.6,42384,19,3682,42
stage5_lightgbm_raw_gpu,lightgbm,raw,isotonic,valid,0.7657036082833955,0.2510354179330709,0.6964285714285714,0.010472610096670247,0.020634920634920634,0.61,42386,17,3685,39
stage5_lightgbm_raw_gpu,lightgbm,raw,isotonic,valid,0.7657036082833955,0.2510354179330709,0.6964285714285714,0.010472610096670247,0.020634920634920634,0.62,42386,17,3685,39
stage5_lightgbm_raw_gpu,lightgbm,raw,isotonic,valid,0.7657036082833955,0.2510354179330709,0.6964285714285714,0.010472610096670247,0.020634920634920634,0.63,42386,17,3685,39
stage5_lightgbm_raw_gpu,lightgbm,raw,isotonic,valid,0.7657036082833955,0.2510354179330709,0.6964285714285714,0.010472610096670247,0.020634920634920634,0.64,42386,17,3685,39
stage5_lightgbm_raw_gpu,lightgbm,raw,isotonic,valid,0.7657036082833955,0.2510354179330709,0.7894736842105263,0.004027926960257788,0.008014961261020572,0.65,42399,4,3709,15
stage5_lightgbm_raw_gpu,lightgbm,raw,isotonic,valid,0.7657036082833955,0.2510354179330709,0.7894736842105263,0.004027926960257788,0.008014961261020572,0.66,42399,4,3709,15
stage5_lightgbm_raw_gpu,lightgbm,raw,isotonic,valid,0.7657036082833955,0.2510354179330709,0.7894736842105263,0.004027926960257788,0.008014961261020572,0.67,42399,4,3709,15
stage5_lightgbm_raw_gpu,lightgbm,raw,isotonic,valid,0.7657036082833955,0.2510354179330709,0.7894736842105263,0.004027926960257788,0.008014961261020572,0.68,42399,4,3709,15
stage5_lightgbm_raw_gpu,lightgbm,raw,isotonic,valid,0.7657036082833955,0.2510354179330709,0.7894736842105263,0.004027926960257788,0.008014961261020572,0.69,42399,4,3709,15
stage5_lightgbm_raw_gpu,lightgbm,raw,isotonic,valid,0.7657036082833955,0.2510354179330709,0.7894736842105263,0.004027926960257788,0.008014961261020572,0.7,42399,4,3709,15
stage5_lightgbm_raw_gpu,lightgbm,raw,isotonic,valid,0.7657036082833955,0.2510354179330709,0.7894736842105263,0.004027926960257788,0.008014961261020572,0.71,42399,4,3709,15
stage5_lightgbm_raw_gpu,lightgbm,raw,isotonic,valid,0.7657036082833955,0.2510354179330709,0.7894736842105263,0.004027926960257788,0.008014961261020572,0.72,42399,4,3709,15
stage5_lightgbm_raw_gpu,lightgbm,raw,isotonic,valid,0.7657036082833955,0.2510354179330709,0.7894736842105263,0.004027926960257788,0.008014961261020572,0.73,42399,4,3709,15
stage5_lightgbm_raw_gpu,lightgbm,raw,isotonic,valid,0.7657036082833955,0.2510354179330709,0.7894736842105263,0.004027926960257788,0.008014961261020572,0.74,42399,4,3709,15
stage5_lightgbm_raw_gpu,lightgbm,raw,isotonic,valid,0.7657036082833955,0.2510354179330709,0.7894736842105263,0.004027926960257788,0.008014961261020572,0.75,42399,4,3709,15
stage5_lightgbm_raw_gpu,lightgbm,raw,isotonic,valid,0.7657036082833955,0.2510354179330709,0.8181818181818182,0.0024167561761546724,0.004819277108433735,0.76,42401,2,3715,9
stage5_lightgbm_raw_gpu,lightgbm,raw,isotonic,valid,0.7657036082833955,0.2510354179330709,0.8181818181818182,0.0024167561761546724,0.004819277108433735,0.77,42401,2,3715,9
stage5_lightgbm_raw_gpu,lightgbm,raw,isotonic,valid,0.7657036082833955,0.2510354179330709,0.8181818181818182,0.0024167561761546724,0.004819277108433735,0.78,42401,2,3715,9
stage5_lightgbm_raw_gpu,lightgbm,raw,isotonic,valid,0.7657036082833955,0.2510354179330709,0.8181818181818182,0.0024167561761546724,0.004819277108433735,0.79,42401,2,3715,9
stage5_lightgbm_raw_gpu,lightgbm,raw,isotonic,valid,0.7657036082833955,0.2510354179330709,0.8181818181818182,0.0024167561761546724,0.004819277108433735,0.8,42401,2,3715,9
stage5_lightgbm_raw_gpu,lightgbm,raw,isotonic,valid,0.7657036082833955,0.2510354179330709,0.8181818181818182,0.0024167561761546724,0.004819277108433735,0.81,42401,2,3715,9
stage5_lightgbm_raw_gpu,lightgbm,raw,isotonic,valid,0.7657036082833955,0.2510354179330709,0.0,0.0,0.0,0.82,42403,0,3724,0
stage5_lightgbm_raw_gpu,lightgbm,raw,isotonic,valid,0.7657036082833955,0.2510354179330709,0.0,0.0,0.0,0.83,42403,0,3724,0
stage5_lightgbm_raw_gpu,lightgbm,raw,isotonic,valid,0.7657036082833955,0.2510354179330709,0.0,0.0,0.0,0.84,42403,0,3724,0
stage5_lightgbm_raw_gpu,lightgbm,raw,isotonic,valid,0.7657036082833955,0.2510354179330709,0.0,0.0,0.0,0.85,42403,0,3724,0
stage5_lightgbm_raw_gpu,lightgbm,raw,isotonic,valid,0.7657036082833955,0.2510354179330709,0.0,0.0,0.0,0.86,42403,0,3724,0
stage5_lightgbm_raw_gpu,lightgbm,raw,isotonic,valid,0.7657036082833955,0.2510354179330709,0.0,0.0,0.0,0.87,42403,0,3724,0
stage5_lightgbm_raw_gpu,lightgbm,raw,isotonic,valid,0.7657036082833955,0.2510354179330709,0.0,0.0,0.0,0.88,42403,0,3724,0
stage5_lightgbm_raw_gpu,lightgbm,raw,isotonic,valid,0.7657036082833955,0.2510354179330709,0.0,0.0,0.0,0.89,42403,0,3724,0
stage5_lightgbm_raw_gpu,lightgbm,raw,isotonic,valid,0.7657036082833955,0.2510354179330709,0.0,0.0,0.0,0.9,42403,0,3724,0
stage5_lightgbm_raw_gpu,lightgbm,raw,isotonic,valid,0.7657036082833955,0.2510354179330709,0.0,0.0,0.0,0.91,42403,0,3724,0
stage5_lightgbm_raw_gpu,lightgbm,raw,isotonic,valid,0.7657036082833955,0.2510354179330709,0.0,0.0,0.0,0.92,42403,0,3724,0
stage5_lightgbm_raw_gpu,lightgbm,raw,isotonic,valid,0.7657036082833955,0.2510354179330709,0.0,0.0,0.0,0.93,42403,0,3724,0
stage5_lightgbm_raw_gpu,lightgbm,raw,isotonic,valid,0.7657036082833955,0.2510354179330709,0.0,0.0,0.0,0.94,42403,0,3724,0
stage5_lightgbm_raw_gpu,lightgbm,raw,isotonic,valid,0.7657036082833955,0.2510354179330709,0.0,0.0,0.0,0.95,42403,0,3724,0
stage5_lightgbm_raw_gpu,lightgbm,raw,isotonic,valid,0.7657036082833955,0.2510354179330709,0.0,0.0,0.0,0.96,42403,0,3724,0
stage5_lightgbm_raw_gpu,lightgbm,raw,isotonic,valid,0.7657036082833955,0.2510354179330709,0.0,0.0,0.0,0.97,42403,0,3724,0
stage5_lightgbm_raw_gpu,lightgbm,raw,isotonic,valid,0.7657036082833955,0.2510354179330709,0.0,0.0,0.0,0.98,42403,0,3724,0
stage5_lightgbm_raw_gpu,lightgbm,raw,isotonic,valid,0.7657036082833955,0.2510354179330709,0.0,0.0,0.0,0.99,42403,0,3724,0
stage5_xgboost_raw_cuda,xgboost,raw,raw,valid,0.7645585484003384,0.25731774941184415,0.08273910330689009,0.9970461868958109,0.15279835390946503,0.01,1240,41163,11,3713
stage5_xgboost_raw_cuda,xgboost,raw,raw,valid,0.7645585484003384,0.25731774941184415,0.09200752950752951,0.9712674543501612,0.1680918300957338,0.02,6708,35695,107,3617
stage5_xgboost_raw_cuda,xgboost,raw,raw,valid,0.7645585484003384,0.25731774941184415,0.1048110997657517,0.9371643394199786,0.18853654583761006,0.03,12595,29808,234,3490
stage5_xgboost_raw_cuda,xgboost,raw,raw,valid,0.7645585484003384,0.25731774941184415,0.11686291149535023,0.8874865735767992,0.20653022965161694,0.04,17427,24976,419,3305
stage5_xgboost_raw_cuda,xgboost,raw,raw,valid,0.7645585484003384,0.25731774941184415,0.13018242122719734,0.8431793770139635,0.22554230713977877,0.05,21423,20980,584,3140
stage5_xgboost_raw_cuda,xgboost,raw,raw,valid,0.7645585484003384,0.25731774941184415,0.14288450488412183,0.8012889366272825,0.2425227568270481,0.06,24503,17900,740,2984
stage5_xgboost_raw_cuda,xgboost,raw,raw,valid,0.7645585484003384,0.25731774941184415,0.15349687136607787,0.7443609022556391,0.2545103980168021,0.07,27116,15287,952,2772
stage5_xgboost_raw_cuda,xgboost,raw,raw,valid,0.7645585484003384,0.25731774941184415,0.16562698917886695,0.6987110633727175,0.2677781208191829,0.08,29295,13108,1122,2602
stage5_xgboost_raw_cuda,xgboost,raw,raw,valid,0.7645585484003384,0.25731774941184415,0.17676987934292776,0.6530612244897959,0.27822903557945317,0.09,31077,11326,1292,2432
stage5_xgboost_raw_cuda,xgboost,raw,raw,valid,0.7645585484003384,0.25731774941184415,0.18800099165358236,0.6109022556390977,0.28751974723538704,0.1,32577,9826,1449,2275
stage5_xgboost_raw_cuda,xgboost,raw,raw,valid,0.7645585484003384,0.25731774941184415,0.19960418433700877,0.5687432867883996,0.2955005231949773,0.11,33910,8493,1606,2118
stage5_xgboost_raw_cuda,xgboost,raw,raw,valid,0.7645585484003384,0.25731774941184415,0.21250132879770384,0.5367883995703545,0.30447033736958345,0.12,34995,7408,1725,1999
stage5_xgboost_raw_cuda,xgboost,raw,raw,valid,0.7645585484003384,0.25731774941184415,0.2236983842010772,0.5018796992481203,0.3094627038662141,0.13,35917,6486,1855,1869
stage5_xgboost_raw_cuda,xgboost,raw,raw,valid,0.7645585484003384,0.25731774941184415,0.23529411764705882,0.47046186895810954,0.3136974037600716,0.14,36709,5694,1972,1752
stage5_xgboost_raw_cuda,xgboost,raw,raw,valid,0.7645585484003384,0.25731774941184415,0.24804098854731765,0.44199785177228784,0.31776061776061776,0.15,37413,4990,2078,1646
stage5_xgboost_raw_cuda,xgboost,raw,raw,valid,0.7645585484003384,0.25731774941184415,0.2589817810318406,0.40843179377013966,0.3169740543919975,0.16,38051,4352,2203,1521
stage5_xgboost_raw_cuda,xgboost,raw,raw,valid,0.7645585484003384,0.25731774941184415,0.27010506208213947,0.37969924812030076,0.3156602299363768,0.17,38582,3821,2310,1414
stage5_xgboost_raw_cuda,xgboost,raw,raw,valid,0.7645585484003384,0.25731774941184415,0.2847088931541907,0.35848549946294306,0.3173659812195412,0.18,39049,3354,2389,1335
stage5_xgboost_raw_cuda,xgboost,raw,raw,valid,0.7645585484003384,0.25731774941184415,0.298254006218608,0.33485499462943075,0.3154965211891208,0.19,39469,2934,2477,1247
stage5_xgboost_raw_cuda,xgboost,raw,raw,valid,0.7645585484003384,0.25731774941184415,0.3128654970760234,0.3160580021482277,0.31445364680737375,0.2,39818,2585,2547,1177
stage5_xgboost_raw_cuda,xgboost,raw,raw,valid,0.7645585484003384,0.25731774941184415,0.32277169084986673,0.29269602577873255,0.3069990142233488,0.21,40116,2287,2634,1090
stage5_xgboost_raw_cuda,xgboost,raw,raw,valid,0.7645585484003384,0.25731774941184415,0.33663693425834157,0.27363050483351237,0.30188120278477265,0.22,40395,2008,2705,1019
stage5_xgboost_raw_cuda,xgboost,raw,raw,valid,0.7645585484003384,0.25731774941184415,0.3471104608632041,0.25483351235230933,0.2938990399504491,0.23,40618,1785,2775,949
stage5_xgboost_raw_cuda,xgboost,raw,raw,valid,0.7645585484003384,0.25731774941184415,0.3575487012987013,0.2365735767991407,0.28474466709760826,0.24,40820,1583,2843,881
stage5_xgboost_raw_cuda,xgboost,raw,raw,valid,0.7645585484003384,0.25731774941184415,0.365036231884058,0.21643394199785176,0.2717464598786244,0.25,41001,1402,2918,806
stage5_xgboost_raw_cuda,xgboost,raw,raw,valid,0.7645585484003384,0.25731774941184415,0.3782565130260521,0.2027389903329753,0.263986013986014,0.26,41162,1241,2969,755
stage5_xgboost_raw_cuda,xgboost,raw,raw,valid,0.7645585484003384,0.25731774941184415,0.38406198118428336,0.18635875402792695,0.25094919544386185,0.27,41290,1113,3030,694
stage5_xgboost_raw_cuda,xgboost,raw,raw,valid,0.7645585484003384,0.25731774941184415,0.39061547836684946,0.1721267454350161,0.23895619757688724,0.28,41403,1000,3083,641
stage5_xgboost_raw_cuda,xgboost,raw,raw,valid,0.7645585484003384,0.25731774941184415,0.39823609226594303,0.15762620837808808,0.22585609849942284,0.29,41516,887,3137,587
stage5_xgboost_raw_cuda,xgboost,raw,raw,valid,0.7645585484003384,0.25731774941184415,0.39878695981804396,0.14124597207303974,0.20860598849890938,0.3,41610,793,3198,526
stage5_xgboost_raw_cuda,xgboost,raw,raw,valid,0.7645585484003384,0.25731774941184415,0.4091680814940577,0.12943071965628355,0.1966544267645859,0.31,41707,696,3242,482
stage5_xgboost_raw_cuda,xgboost,raw,raw,valid,0.7645585484003384,0.25731774941184415,0.42218080149114634,0.12164339419978518,0.1888680425265791,0.32,41783,620,3271,453
stage5_xgboost_raw_cuda,xgboost,raw,raw,valid,0.7645585484003384,0.25731774941184415,0.4317948717948718,0.11305048335123523,0.17918706107682486,0.33,41849,554,3303,421
stage5_xgboost_raw_cuda,xgboost,raw,raw,valid,0.7645585484003384,0.25731774941184415,0.43859649122807015,0.10069817400644468,0.16379122079056563,0.34,41923,480,3349,375
stage5_xgboost_raw_cuda,xgboost,raw,raw,valid,0.7645585484003384,0.25731774941184415,0.4417989417989418,0.08968850698174007,0.14910714285714285,0.35,41981,422,3390,334
stage5_xgboost_raw_cuda,xgboost,raw,raw,valid,0.7645585484003384,0.25731774941184415,0.45209580838323354,0.08109559613319012,0.13752276867030966,0.36,42037,366,3422,302
stage5_xgboost_raw_cuda,xgboost,raw,raw,valid,0.7645585484003384,0.25731774941184415,0.4641638225255973,0.07303974221267455,0.12621809744779583,0.37,42089,314,3452,272
stage5_xgboost_raw_cuda,xgboost,raw,raw,valid,0.7645585484003384,0.25731774941184415,0.4682080924855491,0.06525241675617616,0.11454159792599576,0.38,42127,276,3481,243
stage5_xgboost_raw_cuda,xgboost,raw,raw,valid,0.7645585484003384,0.25731774941184415,0.47844827586206895,0.059613319011815255,0.10601719197707736,0.39,42161,242,3502,222
stage5_xgboost_raw_cuda,xgboost,raw,raw,valid,0.7645585484003384,0.25731774941184415,0.4975845410628019,0.05531686358754028,0.09956500724987917,0.4,42195,208,3518,206
stage5_xgboost_raw_cuda,xgboost,raw,raw,valid,0.7645585484003384,0.25731774941184415,0.5,0.04914070891514501,0.08948655256723716,0.41,42220,183,3541,183
stage5_xgboost_raw_cuda,xgboost,raw,raw,valid,0.7645585484003384,0.25731774941184415,0.515527950310559,0.04457572502685284,0.08205635195254572,0.42,42247,156,3558,166
stage5_xgboost_raw_cuda,xgboost,raw,raw,valid,0.7645585484003384,0.25731774941184415,0.5186440677966102,0.04108485499462943,0.07613834287136104,0.43,42261,142,3571,153
stage5_xgboost_raw_cuda,xgboost,raw,raw,valid,0.7645585484003384,0.25731774941184415,0.5384615384615384,0.03759398496240601,0.07028112449799197,0.44,42283,120,3584,140
stage5_xgboost_raw_cuda,xgboost,raw,raw,valid,0.7645585484003384,0.25731774941184415,0.5347826086956522,0.033029001074113856,0.0622154779969651,0.45,42296,107,3601,123
stage5_xgboost_raw_cuda,xgboost,raw,raw,valid,0.7645585484003384,0.25731774941184415,0.5495049504950495,0.029806659505907628,0.056546102903718795,0.46,42312,91,3613,111
stage5_xgboost_raw_cuda,xgboost,raw,raw,valid,0.7645585484003384,0.25731774941184415,0.554945054945055,0.027121374865735768,0.051715309779825906,0.47,42322,81,3623,101
stage5_xgboost_raw_cuda,xgboost,raw,raw,valid,0.7645585484003384,0.25731774941184415,0.5828220858895705,0.025510204081632654,0.04888088500128634,0.48,42335,68,3629,95
stage5_xgboost_raw_cuda,xgboost,raw,raw,valid,0.7645585484003384,0.25731774941184415,0.5862068965517241,0.022824919441460794,0.043939002326182475,0.49,42343,60,3639,85
stage5_xgboost_raw_cuda,xgboost,raw,raw,valid,0.7645585484003384,0.25731774941184415,0.5901639344262295,0.01933404940923738,0.0374414976599064,0.5,42353,50,3652,72
stage5_xgboost_raw_cuda,xgboost,raw,raw,valid,0.7645585484003384,0.25731774941184415,0.6288659793814433,0.016380236305048337,0.03192881444647998,0.51,42367,36,3663,61
stage5_xgboost_raw_cuda,xgboost,raw,raw,valid,0.7645585484003384,0.25731774941184415,0.6585365853658537,0.014500537056928034,0.02837624802942722,0.52,42375,28,3670,54
stage5_xgboost_raw_cuda,xgboost,raw,raw,valid,0.7645585484003384,0.25731774941184415,0.6666666666666666,0.012352309344790547,0.024255206960189825,0.53,42380,23,3678,46
stage5_xgboost_raw_cuda,xgboost,raw,raw,valid,0.7645585484003384,0.25731774941184415,0.6724137931034483,0.010472610096670247,0.020624008461131677,0.54,42384,19,3685,39
stage5_xgboost_raw_cuda,xgboost,raw,raw,valid,0.7645585484003384,0.25731774941184415,0.6086956521739131,0.007518796992481203,0.014854111405835544,0.55,42385,18,3696,28
stage5_xgboost_raw_cuda,xgboost,raw,raw,valid,0.7645585484003384,0.25731774941184415,0.625,0.006713211600429645,0.013283740701381509,0.56,42388,15,3699,25
stage5_xgboost_raw_cuda,xgboost,raw,raw,valid,0.7645585484003384,0.25731774941184415,0.6060606060606061,0.0053705692803437165,0.010646792653713068,0.57,42390,13,3704,20
stage5_xgboost_raw_cuda,xgboost,raw,raw,valid,0.7645585484003384,0.25731774941184415,0.64,0.004296455424274973,0.008535609495865563,0.58,42394,9,3708,16
stage5_xgboost_raw_cuda,xgboost,raw,raw,valid,0.7645585484003384,0.25731774941184415,0.5882352941176471,0.0026852846401718583,0.005346164127238706,0.59,42396,7,3714,10
stage5_xgboost_raw_cuda,xgboost,raw,raw,valid,0.7645585484003384,0.25731774941184415,0.6363636363636364,0.0018796992481203006,0.003748326639892905,0.6,42399,4,3717,7
stage5_xgboost_raw_cuda,xgboost,raw,raw,valid,0.7645585484003384,0.25731774941184415,0.75,0.001611170784103115,0.003215434083601286,0.61,42401,2,3718,6
stage5_xgboost_raw_cuda,xgboost,raw,raw,valid,0.7645585484003384,0.25731774941184415,0.6,0.0008055853920515575,0.0016090104585679806,0.62,42401,2,3721,3
stage5_xgboost_raw_cuda,xgboost,raw,raw,valid,0.7645585484003384,0.25731774941184415,0.5,0.0005370569280343716,0.001072961373390558,0.63,42401,2,3722,2
stage5_xgboost_raw_cuda,xgboost,raw,raw,valid,0.7645585484003384,0.25731774941184415,0.5,0.0005370569280343716,0.001072961373390558,0.64,42401,2,3722,2
stage5_xgboost_raw_cuda,xgboost,raw,raw,valid,0.7645585484003384,0.25731774941184415,0.3333333333333333,0.0002685284640171858,0.0005366246310705661,0.65,42401,2,3723,1
stage5_xgboost_raw_cuda,xgboost,raw,raw,valid,0.7645585484003384,0.25731774941184415,0.3333333333333333,0.0002685284640171858,0.0005366246310705661,0.66,42401,2,3723,1
stage5_xgboost_raw_cuda,xgboost,raw,raw,valid,0.7645585484003384,0.25731774941184415,0.5,0.0002685284640171858,0.0005367686527106817,0.67,42402,1,3723,1
stage5_xgboost_raw_cuda,xgboost,raw,raw,valid,0.7645585484003384,0.25731774941184415,0.5,0.0002685284640171858,0.0005367686527106817,0.68,42402,1,3723,1
stage5_xgboost_raw_cuda,xgboost,raw,raw,valid,0.7645585484003384,0.25731774941184415,0.0,0.0,0.0,0.69,42402,1,3724,0
stage5_xgboost_raw_cuda,xgboost,raw,raw,valid,0.7645585484003384,0.25731774941184415,0.0,0.0,0.0,0.7,42403,0,3724,0
stage5_xgboost_raw_cuda,xgboost,raw,raw,valid,0.7645585484003384,0.25731774941184415,0.0,0.0,0.0,0.71,42403,0,3724,0
stage5_xgboost_raw_cuda,xgboost,raw,raw,valid,0.7645585484003384,0.25731774941184415,0.0,0.0,0.0,0.72,42403,0,3724,0
stage5_xgboost_raw_cuda,xgboost,raw,raw,valid,0.7645585484003384,0.25731774941184415,0.0,0.0,0.0,0.73,42403,0,3724,0
stage5_xgboost_raw_cuda,xgboost,raw,raw,valid,0.7645585484003384,0.25731774941184415,0.0,0.0,0.0,0.74,42403,0,3724,0
stage5_xgboost_raw_cuda,xgboost,raw,raw,valid,0.7645585484003384,0.25731774941184415,0.0,0.0,0.0,0.75,42403,0,3724,0
stage5_xgboost_raw_cuda,xgboost,raw,raw,valid,0.7645585484003384,0.25731774941184415,0.0,0.0,0.0,0.76,42403,0,3724,0
stage5_xgboost_raw_cuda,xgboost,raw,raw,valid,0.7645585484003384,0.25731774941184415,0.0,0.0,0.0,0.77,42403,0,3724,0
stage5_xgboost_raw_cuda,xgboost,raw,raw,valid,0.7645585484003384,0.25731774941184415,0.0,0.0,0.0,0.78,42403,0,3724,0
stage5_xgboost_raw_cuda,xgboost,raw,raw,valid,0.7645585484003384,0.25731774941184415,0.0,0.0,0.0,0.79,42403,0,3724,0
stage5_xgboost_raw_cuda,xgboost,raw,raw,valid,0.7645585484003384,0.25731774941184415,0.0,0.0,0.0,0.8,42403,0,3724,0
stage5_xgboost_raw_cuda,xgboost,raw,raw,valid,0.7645585484003384,0.25731774941184415,0.0,0.0,0.0,0.81,42403,0,3724,0
stage5_xgboost_raw_cuda,xgboost,raw,raw,valid,0.7645585484003384,0.25731774941184415,0.0,0.0,0.0,0.82,42403,0,3724,0
stage5_xgboost_raw_cuda,xgboost,raw,raw,valid,0.7645585484003384,0.25731774941184415,0.0,0.0,0.0,0.83,42403,0,3724,0
stage5_xgboost_raw_cuda,xgboost,raw,raw,valid,0.7645585484003384,0.25731774941184415,0.0,0.0,0.0,0.84,42403,0,3724,0
stage5_xgboost_raw_cuda,xgboost,raw,raw,valid,0.7645585484003384,0.25731774941184415,0.0,0.0,0.0,0.85,42403,0,3724,0
stage5_xgboost_raw_cuda,xgboost,raw,raw,valid,0.7645585484003384,0.25731774941184415,0.0,0.0,0.0,0.86,42403,0,3724,0
stage5_xgboost_raw_cuda,xgboost,raw,raw,valid,0.7645585484003384,0.25731774941184415,0.0,0.0,0.0,0.87,42403,0,3724,0
stage5_xgboost_raw_cuda,xgboost,raw,raw,valid,0.7645585484003384,0.25731774941184415,0.0,0.0,0.0,0.88,42403,0,3724,0
stage5_xgboost_raw_cuda,xgboost,raw,raw,valid,0.7645585484003384,0.25731774941184415,0.0,0.0,0.0,0.89,42403,0,3724,0
stage5_xgboost_raw_cuda,xgboost,raw,raw,valid,0.7645585484003384,0.25731774941184415,0.0,0.0,0.0,0.9,42403,0,3724,0
stage5_xgboost_raw_cuda,xgboost,raw,raw,valid,0.7645585484003384,0.25731774941184415,0.0,0.0,0.0,0.91,42403,0,3724,0
stage5_xgboost_raw_cuda,xgboost,raw,raw,valid,0.7645585484003384,0.25731774941184415,0.0,0.0,0.0,0.92,42403,0,3724,0
stage5_xgboost_raw_cuda,xgboost,raw,raw,valid,0.7645585484003384,0.25731774941184415,0.0,0.0,0.0,0.93,42403,0,3724,0
stage5_xgboost_raw_cuda,xgboost,raw,raw,valid,0.7645585484003384,0.25731774941184415,0.0,0.0,0.0,0.94,42403,0,3724,0
stage5_xgboost_raw_cuda,xgboost,raw,raw,valid,0.7645585484003384,0.25731774941184415,0.0,0.0,0.0,0.95,42403,0,3724,0
stage5_xgboost_raw_cuda,xgboost,raw,raw,valid,0.7645585484003384,0.25731774941184415,0.0,0.0,0.0,0.96,42403,0,3724,0
stage5_xgboost_raw_cuda,xgboost,raw,raw,valid,0.7645585484003384,0.25731774941184415,0.0,0.0,0.0,0.97,42403,0,3724,0
stage5_xgboost_raw_cuda,xgboost,raw,raw,valid,0.7645585484003384,0.25731774941184415,0.0,0.0,0.0,0.98,42403,0,3724,0
stage5_xgboost_raw_cuda,xgboost,raw,raw,valid,0.7645585484003384,0.25731774941184415,0.0,0.0,0.0,0.99,42403,0,3724,0
stage5_xgboost_raw_cuda,xgboost,raw,sigmoid,valid,0.7645585484003384,0.25731774941184415,0.08073362672621241,1.0,0.14940522757818298,0.01,0,42403,0,3724
stage5_xgboost_raw_cuda,xgboost,raw,sigmoid,valid,0.7645585484003384,0.25731774941184415,0.08073362672621241,1.0,0.14940522757818298,0.02,0,42403,0,3724
stage5_xgboost_raw_cuda,xgboost,raw,sigmoid,valid,0.7645585484003384,0.25731774941184415,0.08073362672621241,1.0,0.14940522757818298,0.03,0,42403,0,3724
stage5_xgboost_raw_cuda,xgboost,raw,sigmoid,valid,0.7645585484003384,0.25731774941184415,0.09482622224566215,0.9656283566058003,0.17269365605340248,0.04,8077,34326,128,3596
stage5_xgboost_raw_cuda,xgboost,raw,sigmoid,valid,0.7645585484003384,0.25731774941184415,0.12876220035120675,0.8466702470461869,0.22352982879018823,0.05,21069,21334,571,3153
stage5_xgboost_raw_cuda,xgboost,raw,sigmoid,valid,0.7645585484003384,0.25731774941184415,0.15520927092709272,0.7408700322234156,0.25665116279069766,0.06,27386,15017,965,2759
stage5_xgboost_raw_cuda,xgboost,raw,sigmoid,valid,0.7645585484003384,0.25731774941184415,0.17677831868052024,0.6533297529538131,0.27826385314805285,0.07,31073,11330,1291,2433
stage5_xgboost_raw_cuda,xgboost,raw,sigmoid,valid,0.7645585484003384,0.25731774941184415,0.1952470969484202,0.582438238453276,0.2924560102474213,0.08,33463,8940,1555,2169
stage5_xgboost_raw_cuda,xgboost,raw,sigmoid,valid,0.7645585484003384,0.25731774941184415,0.21366232087059583,0.5324919441460795,0.304959630911188,0.09,35105,7298,1741,1983
stage5_xgboost_raw_cuda,xgboost,raw,sigmoid,valid,0.7645585484003384,0.25731774941184415,0.22855701311806256,0.4865735767991407,0.3110195674562307,0.1,36287,6116,1912,1812
stage5_xgboost_raw_cuda,xgboost,raw,sigmoid,valid,0.7645585484003384,0.25731774941184415,0.24407617386248,0.450859291084855,0.31670281995661603,0.11,37203,5200,2045,1679
stage5_xgboost_raw_cuda,xgboost,raw,sigmoid,valid,0.7645585484003384,0.25731774941184415,0.2572662348447102,0.41595059076262086,0.31790661877886095,0.12,37931,4472,2175,1549
stage5_xgboost_raw_cuda,xgboost,raw,sigmoid,valid,0.7645585484003384,0.25731774941184415,0.26759503199096724,0.3818474758324382,0.3146713874751051,0.13,38511,3892,2302,1422
stage5_xgboost_raw_cuda,xgboost,raw,sigmoid,valid,0.7645585484003384,0.25731774941184415,0.2819438625890239,0.36143931256713213,0.3167804189220993,0.14,38975,3428,2378,1346
stage5_xgboost_raw_cuda,xgboost,raw,sigmoid,valid,0.7645585484003384,0.25731774941184415,0.29410393847587973,0.3388829215896885,0.3149095446038678,0.15,39374,3029,2462,1262
stage5_xgboost_raw_cuda,xgboost,raw,sigmoid,valid,0.7645585484003384,0.25731774941184415,0.30826298286006654,0.3235767991407089,0.3157343115419887,0.16,39699,2704,2519,1205
stage5_xgboost_raw_cuda,xgboost,raw,sigmoid,valid,0.7645585484003384,0.25731774941184415,0.31637786472889884,0.3039742212674543,0.3100520405368392,0.17,39957,2446,2592,1132
stage5_xgboost_raw_cuda,xgboost,raw,sigmoid,valid,0.7645585484003384,0.25731774941184415,0.32598039215686275,0.2857142857142857,0.3045220377790498,0.18,40203,2200,2660,1064
stage5_xgboost_raw_cuda,xgboost,raw,sigmoid,valid,0.7645585484003384,0.25731774941184415,0.33675157128680117,0.27336197636949516,0.30176374685045204,0.19,40398,2005,2706,1018
stage5_xgboost_raw_cuda,xgboost,raw,sigmoid,valid,0.7645585484003384,0.25731774941184415,0.3451106352605282,0.25966702470461867,0.29635304934109713,0.2,40568,1835,2757,967
stage5_xgboost_raw_cuda,xgboost,raw,sigmoid,valid,0.7645585484003384,0.25731774941184415,0.35285053929121724,0.24597207303974222,0.289873417721519,0.21,40723,1680,2808,916
stage5_xgboost_raw_cuda,xgboost,raw,sigmoid,valid,0.7645585484003384,0.25731774941184415,0.36070986380520015,0.23469387755102042,0.28436635757279977,0.22,40854,1549,2850,874
stage5_xgboost_raw_cuda,xgboost,raw,sigmoid,valid,0.7645585484003384,0.25731774941184415,0.36645962732919257,0.22180451127819548,0.27634660421545665,0.23,40975,1428,2898,826
stage5_xgboost_raw_cuda,xgboost,raw,sigmoid,valid,0.7645585484003384,0.25731774941184415,0.36939064714218234,0.20998925886143932,0.2677623694572847,0.24,41068,1335,2942,782
stage5_xgboost_raw_cuda,xgboost,raw,sigmoid,valid,0.7645585484003384,0.25731774941184415,0.37845998993457475,0.20193340494092374,0.2633514270705656,0.25,41168,1235,2972,752
stage5_xgboost_raw_cuda,xgboost,raw,sigmoid,valid,0.7645585484003384,0.25731774941184415,0.3814102564102564,0.19172932330827067,0.2551822730521801,0.26,41245,1158,3010,714
stage5_xgboost_raw_cuda,xgboost,raw,sigmoid,valid,0.7645585484003384,0.25731774941184415,0.38574660633484165,0.18313641245972073,0.24836125273124546,0.27,41317,1086,3042,682
stage5_xgboost_raw_cuda,xgboost,raw,sigmoid,valid,0.7645585484003384,0.25731774941184415,0.38663484486873506,0.17400644468313642,0.24,0.28,41375,1028,3076,648
stage5_xgboost_raw_cuda,xgboost,raw,sigmoid,valid,0.7645585484003384,0.25731774941184415,0.3950695322376738,0.16783029001074115,0.23558235959291368,0.29,41446,957,3099,625
stage5_xgboost_raw_cuda,xgboost,raw,sigmoid,valid,0.7645585484003384,0.25731774941184415,0.3983849259757739,0.158968850698174,0.2272552783109405,0.3,41509,894,3132,592
stage5_xgboost_raw_cuda,xgboost,raw,sigmoid,valid,0.7645585484003384,0.25731774941184415,0.4005722460658083,0.15037593984962405,0.21866458414681764,0.31,41565,838,3164,560
stage5_xgboost_raw_cuda,xgboost,raw,sigmoid,valid,0.7645585484003384,0.25731774941184415,0.3984848484848485,0.14124597207303974,0.20856463124504362,0.32,41609,794,3198,526
stage5_xgboost_raw_cuda,xgboost,raw,sigmoid,valid,0.7645585484003384,0.25731774941184415,0.40612409347300565,0.13533834586466165,0.2030211480362538,0.33,41666,737,3220,504
stage5_xgboost_raw_cuda,xgboost,raw,sigmoid,valid,0.7645585484003384,0.25731774941184415,0.4092071611253197,0.1288936627282492,0.19603839085154176,0.34,41710,693,3244,480
stage5_xgboost_raw_cuda,xgboost,raw,sigmoid,valid,0.7645585484003384,0.25731774941184415,0.4179372197309417,0.1251342642320086,0.19260177722669974,0.35,41754,649,3258,466
stage5_xgboost_raw_cuda,xgboost,raw,sigmoid,valid,0.7645585484003384,0.25731774941184415,0.42228464419475653,0.12110633727175081,0.1882303839732888,0.36,41786,617,3273,451
stage5_xgboost_raw_cuda,xgboost,raw,sigmoid,valid,0.7645585484003384,0.25731774941184415,0.4251734390485629,0.11519871106337272,0.18128037185717305,0.37,41823,580,3295,429
stage5_xgboost_raw_cuda,xgboost,raw,sigmoid,valid,0.7645585484003384,0.25731774941184415,0.43048403707518024,0.11224489795918367,0.17806176783812566,0.38,41850,553,3306,418
stage5_xgboost_raw_cuda,xgboost,raw,sigmoid,valid,0.7645585484003384,0.25731774941184415,0.43398268398268397,0.10767991407089152,0.17254733218588642,0.39,41880,523,3323,401
stage5_xgboost_raw_cuda,xgboost,raw,sigmoid,valid,0.7645585484003384,0.25731774941184415,0.43888242142025613,0.10123523093447906,0.1645210560768056,0.4,41921,482,3347,377
stage5_xgboost_raw_cuda,xgboost,raw,sigmoid,valid,0.7645585484003384,0.25731774941184415,0.436183395291202,0.09452201933404941,0.15537408960494373,0.41,41948,455,3372,352
stage5_xgboost_raw_cuda,xgboost,raw,sigmoid,valid,0.7645585484003384,0.25731774941184415,0.4424083769633508,0.09076262083780881,0.15062388591800357,0.42,41977,426,3386,338
stage5_xgboost_raw_cuda,xgboost,raw,sigmoid,valid,0.7645585484003384,0.25731774941184415,0.44600280504908835,0.08539205155746508,0.14334009465855307,0.43,42008,395,3406,318
stage5_xgboost_raw_cuda,xgboost,raw,sigmoid,valid,0.7645585484003384,0.25731774941184415,0.4511834319526627,0.08190118152524167,0.13863636363636364,0.44,42032,371,3419,305
stage5_xgboost_raw_cuda,xgboost,raw,sigmoid,valid,0.7645585484003384,0.25731774941184415,0.4573643410852713,0.07921589688506982,0.13504234378576332,0.45,42053,350,3429,295
stage5_xgboost_raw_cuda,xgboost,raw,sigmoid,valid,0.7645585484003384,0.25731774941184415,0.4626865671641791,0.07491944146079485,0.1289577074185348,0.46,42079,324,3445,279
stage5_xgboost_raw_cuda,xgboost,raw,sigmoid,valid,0.7645585484003384,0.25731774941184415,0.4664310954063604,0.07089151450053706,0.12307692307692308,0.47,42101,302,3460,264
stage5_xgboost_raw_cuda,xgboost,raw,sigmoid,valid,0.7645585484003384,0.25731774941184415,0.4699248120300752,0.06713211600429646,0.1174812030075188,0.48,42121,282,3474,250
stage5_xgboost_raw_cuda,xgboost,raw,sigmoid,valid,0.7645585484003384,0.25731774941184415,0.46954813359528486,0.06417830290010741,0.1129222773446728,0.49,42133,270,3485,239
stage5_xgboost_raw_cuda,xgboost,raw,sigmoid,valid,0.7645585484003384,0.25731774941184415,0.475103734439834,0.061493018259935556,0.10889205896338564,0.5,42150,253,3495,229
stage5_xgboost_raw_cuda,xgboost,raw,sigmoid,valid,0.7645585484003384,0.25731774941184415,0.4805194805194805,0.059613319011815255,0.10606784519827998,0.51,42163,240,3502,222
stage5_xgboost_raw_cuda,xgboost,raw,sigmoid,valid,0.7645585484003384,0.25731774941184415,0.4874715261958998,0.057465091299677765,0.10281047321643046,0.52,42178,225,3510,214
stage5_xgboost_raw_cuda,xgboost,raw,sigmoid,valid,0.7645585484003384,0.25731774941184415,0.4975845410628019,0.05531686358754028,0.09956500724987917,0.53,42195,208,3518,206
stage5_xgboost_raw_cuda,xgboost,raw,sigmoid,valid,0.7645585484003384,0.25731774941184415,0.5012722646310432,0.05290010741138561,0.09570075297546757,0.54,42207,196,3527,197
stage5_xgboost_raw_cuda,xgboost,raw,sigmoid,valid,0.7645585484003384,0.25731774941184415,0.4959349593495935,0.04914070891514501,0.08942096261910579,0.55,42217,186,3541,183
stage5_xgboost_raw_cuda,xgboost,raw,sigmoid,valid,0.7645585484003384,0.25731774941184415,0.5028735632183908,0.046992481203007516,0.08595284872298625,0.56,42230,173,3549,175
stage5_xgboost_raw_cuda,xgboost,raw,sigmoid,valid,0.7645585484003384,0.25731774941184415,0.5137614678899083,0.045112781954887216,0.08294248333744754,0.57,42244,159,3556,168
stage5_xgboost_raw_cuda,xgboost,raw,sigmoid,valid,0.7645585484003384,0.25731774941184415,0.5192307692307693,0.043501611170784105,0.0802775024777007,0.58,42253,150,3562,162
stage5_xgboost_raw_cuda,xgboost,raw,sigmoid,valid,0.7645585484003384,0.25731774941184415,0.5181518151815182,0.04215896885069818,0.0779736776756891,0.59,42257,146,3567,157
stage5_xgboost_raw_cuda,xgboost,raw,sigmoid,valid,0.7645585484003384,0.25731774941184415,0.5228070175438596,0.040010741138560686,0.07433275130955351,0.6,42267,136,3575,149
stage5_xgboost_raw_cuda,xgboost,raw,sigmoid,valid,0.7645585484003384,0.25731774941184415,0.5296296296296297,0.038399570354457575,0.07160741111667501,0.61,42276,127,3581,143
stage5_xgboost_raw_cuda,xgboost,raw,sigmoid,valid,0.7645585484003384,0.25731774941184415,0.5372549019607843,0.03678839957035446,0.06886152299572756,0.62,42285,118,3587,137
stage5_xgboost_raw_cuda,xgboost,raw,sigmoid,valid,0.7645585484003384,0.25731774941184415,0.5378151260504201,0.034371643394199784,0.0646138313982837,0.63,42293,110,3596,128
stage5_xgboost_raw_cuda,xgboost,raw,sigmoid,valid,0.7645585484003384,0.25731774941184415,0.5288888888888889,0.03195488721804511,0.06026842238541403,0.64,42297,106,3605,119
stage5_xgboost_raw_cuda,xgboost,raw,sigmoid,valid,0.7645585484003384,0.25731774941184415,0.5352112676056338,0.030612244897959183,0.05791211582423165,0.65,42304,99,3610,114
stage5_xgboost_raw_cuda,xgboost,raw,sigmoid,valid,0.7645585484003384,0.25731774941184415,0.5454545454545454,0.02900107411385607,0.05507394186639469,0.66,42313,90,3616,108
stage5_xgboost_raw_cuda,xgboost,raw,sigmoid,valid,0.7645585484003384,0.25731774941184415,0.5478723404255319,0.02765843179377014,0.05265848670756646,0.67,42318,85,3621,103
stage5_xgboost_raw_cuda,xgboost,raw,sigmoid,valid,0.7645585484003384,0.25731774941184415,0.56,0.02631578947368421,0.05026929982046679,0.68,42326,77,3626,98
stage5_xgboost_raw_cuda,xgboost,raw,sigmoid,valid,0.7645585484003384,0.25731774941184415,0.5818181818181818,0.02577873254564984,0.04937001799948573,0.69,42334,69,3628,96
stage5_xgboost_raw_cuda,xgboost,raw,sigmoid,valid,0.7645585484003384,0.25731774941184415,0.5838509316770186,0.025241675617615467,0.04839124839124839,0.7,42336,67,3630,94
stage5_xgboost_raw_cuda,xgboost,raw,sigmoid,valid,0.7645585484003384,0.25731774941184415,0.5782312925170068,0.022824919441460794,0.043916300697494186,0.71,42341,62,3639,85
stage5_xgboost_raw_cuda,xgboost,raw,sigmoid,valid,0.7645585484003384,0.25731774941184415,0.5735294117647058,0.020945220193340493,0.04041450777202073,0.72,42345,58,3646,78
stage5_xgboost_raw_cuda,xgboost,raw,sigmoid,valid,0.7645585484003384,0.25731774941184415,0.6,0.01933404940923738,0.037460978147762745,0.73,42355,48,3652,72
stage5_xgboost_raw_cuda,xgboost,raw,sigmoid,valid,0.7645585484003384,0.25731774941184415,0.6226415094339622,0.017722878625134265,0.03446475195822454,0.74,42363,40,3658,66
stage5_xgboost_raw_cuda,xgboost,raw,sigmoid,valid,0.7645585484003384,0.25731774941184415,0.6276595744680851,0.015843179377013964,0.030906233630172867,0.75,42368,35,3665,59
stage5_xgboost_raw_cuda,xgboost,raw,sigmoid,valid,0.7645585484003384,0.25731774941184415,0.6666666666666666,0.015037593984962405,0.029411764705882353,0.76,42375,28,3668,56
stage5_xgboost_raw_cuda,xgboost,raw,sigmoid,valid,0.7645585484003384,0.25731774941184415,0.6666666666666666,0.01288936627282492,0.02528977871443625,0.77,42379,24,3676,48
stage5_xgboost_raw_cuda,xgboost,raw,sigmoid,valid,0.7645585484003384,0.25731774941184415,0.6666666666666666,0.012352309344790547,0.024255206960189825,0.78,42380,23,3678,46
stage5_xgboost_raw_cuda,xgboost,raw,sigmoid,valid,0.7645585484003384,0.25731774941184415,0.6721311475409836,0.01100966702470462,0.02166446499339498,0.79,42383,20,3683,41
stage5_xgboost_raw_cuda,xgboost,raw,sigmoid,valid,0.7645585484003384,0.25731774941184415,0.6326530612244898,0.00832438238453276,0.016432547044791943,0.8,42385,18,3693,31
stage5_xgboost_raw_cuda,xgboost,raw,sigmoid,valid,0.7645585484003384,0.25731774941184415,0.6046511627906976,0.006981740064446832,0.01380408813379347,0.81,42386,17,3698,26
stage5_xgboost_raw_cuda,xgboost,raw,sigmoid,valid,0.7645585484003384,0.25731774941184415,0.625,0.006713211600429645,0.013283740701381509,0.82,42388,15,3699,25
stage5_xgboost_raw_cuda,xgboost,raw,sigmoid,valid,0.7645585484003384,0.25731774941184415,0.5882352941176471,0.0053705692803437165,0.010643959552953698,0.83,42389,14,3704,20
stage5_xgboost_raw_cuda,xgboost,raw,sigmoid,valid,0.7645585484003384,0.25731774941184415,0.6296296296296297,0.004564983888292159,0.009064249533457745,0.84,42393,10,3707,17
stage5_xgboost_raw_cuda,xgboost,raw,sigmoid,valid,0.7645585484003384,0.25731774941184415,0.5714285714285714,0.00322234156820623,0.006408544726301735,0.85,42394,9,3712,12
stage5_xgboost_raw_cuda,xgboost,raw,sigmoid,valid,0.7645585484003384,0.25731774941184415,0.6,0.0024167561761546724,0.0048141214228403315,0.86,42397,6,3715,9
stage5_xgboost_raw_cuda,xgboost,raw,sigmoid,valid,0.7645585484003384,0.25731774941184415,0.75,0.001611170784103115,0.003215434083601286,0.87,42401,2,3718,6
stage5_xgboost_raw_cuda,xgboost,raw,sigmoid,valid,0.7645585484003384,0.25731774941184415,0.6666666666666666,0.0010741138560687433,0.0021447721179624667,0.88,42401,2,3720,4
stage5_xgboost_raw_cuda,xgboost,raw,sigmoid,valid,0.7645585484003384,0.25731774941184415,0.5,0.0005370569280343716,0.001072961373390558,0.89,42401,2,3722,2
stage5_xgboost_raw_cuda,xgboost,raw,sigmoid,valid,0.7645585484003384,0.25731774941184415,0.5,0.0005370569280343716,0.001072961373390558,0.9,42401,2,3722,2
stage5_xgboost_raw_cuda,xgboost,raw,sigmoid,valid,0.7645585484003384,0.25731774941184415,0.3333333333333333,0.0002685284640171858,0.0005366246310705661,0.91,42401,2,3723,1
stage5_xgboost_raw_cuda,xgboost,raw,sigmoid,valid,0.7645585484003384,0.25731774941184415,0.5,0.0002685284640171858,0.0005367686527106817,0.92,42402,1,3723,1
stage5_xgboost_raw_cuda,xgboost,raw,sigmoid,valid,0.7645585484003384,0.25731774941184415,0.5,0.0002685284640171858,0.0005367686527106817,0.93,42402,1,3723,1
stage5_xgboost_raw_cuda,xgboost,raw,sigmoid,valid,0.7645585484003384,0.25731774941184415,0.0,0.0,0.0,0.94,42403,0,3724,0
stage5_xgboost_raw_cuda,xgboost,raw,sigmoid,valid,0.7645585484003384,0.25731774941184415,0.0,0.0,0.0,0.95,42403,0,3724,0
stage5_xgboost_raw_cuda,xgboost,raw,sigmoid,valid,0.7645585484003384,0.25731774941184415,0.0,0.0,0.0,0.96,42403,0,3724,0
stage5_xgboost_raw_cuda,xgboost,raw,sigmoid,valid,0.7645585484003384,0.25731774941184415,0.0,0.0,0.0,0.97,42403,0,3724,0
stage5_xgboost_raw_cuda,xgboost,raw,sigmoid,valid,0.7645585484003384,0.25731774941184415,0.0,0.0,0.0,0.98,42403,0,3724,0
stage5_xgboost_raw_cuda,xgboost,raw,sigmoid,valid,0.7645585484003384,0.25731774941184415,0.0,0.0,0.0,0.99,42403,0,3724,0
stage5_xgboost_raw_cuda,xgboost,raw,isotonic,valid,0.7663245490883812,0.2517091948498324,0.08349073574383882,0.9970461868958109,0.1540791766951614,0.01,1644,40759,11,3713
stage5_xgboost_raw_cuda,xgboost,raw,isotonic,valid,0.7663245490883812,0.2517091948498324,0.10080118188533439,0.9527389903329753,0.18231334463799392,0.02,10753,31650,176,3548
stage5_xgboost_raw_cuda,xgboost,raw,isotonic,valid,0.7663245490883812,0.2517091948498324,0.107128523355253,0.9317937701396348,0.19216392080852832,0.03,13482,28921,254,3470
stage5_xgboost_raw_cuda,xgboost,raw,isotonic,valid,0.7663245490883812,0.2517091948498324,0.11542439495276839,0.8990332975295381,0.20458295142071495,0.04,16745,25658,376,3348
stage5_xgboost_raw_cuda,xgboost,raw,isotonic,valid,0.7663245490883812,0.2517091948498324,0.13907103825136613,0.8200859291084855,0.23781342470020245,0.05,23497,18906,670,3054
stage5_xgboost_raw_cuda,xgboost,raw,isotonic,valid,0.7663245490883812,0.2517091948498324,0.14065546374524185,0.813641245972073,0.23984801709807646,0.06,23891,18512,694,3030
stage5_xgboost_raw_cuda,xgboost,raw,isotonic,valid,0.7663245490883812,0.2517091948498324,0.14915044156380727,0.7755102040816326,0.25018408628232336,0.07,25928,16475,836,2888
stage5_xgboost_raw_cuda,xgboost,raw,isotonic,valid,0.7663245490883812,0.2517091948498324,0.164621932899349,0.7062298603651987,0.267005076142132,0.08,29057,13346,1094,2630
stage5_xgboost_raw_cuda,xgboost,raw,isotonic,valid,0.7663245490883812,0.2517091948498324,0.17326321616385276,0.6723952738990333,0.2755281690140845,0.09,30455,11948,1220,2504
stage5_xgboost_raw_cuda,xgboost,raw,isotonic,valid,0.7663245490883812,0.2517091948498324,0.18423321056343547,0.6313104189044039,0.2852289960570215,0.1,31993,10410,1373,2351
stage5_xgboost_raw_cuda,xgboost,raw,isotonic,valid,0.7663245490883812,0.2517091948498324,0.21066749200453935,0.5483351235230934,0.30438995304464483,0.11,34752,7651,1682,2042
stage5_xgboost_raw_cuda,xgboost,raw,isotonic,valid,0.7663245490883812,0.2517091948498324,0.21125298453233676,0.5464554242749732,0.3047091412742382,0.12,34805,7598,1689,2035
stage5_xgboost_raw_cuda,xgboost,raw,isotonic,valid,0.7663245490883812,0.2517091948498324,0.22822710895763448,0.49328678839957035,0.3120699906565871,0.13,36191,6212,1887,1837
stage5_xgboost_raw_cuda,xgboost,raw,isotonic,valid,0.7663245490883812,0.2517091948498324,0.2474318892362662,0.4462943071965628,0.3183603103151039,0.14,37348,5055,2062,1662
stage5_xgboost_raw_cuda,xgboost,raw,isotonic,valid,0.7663245490883812,0.2517091948498324,0.2474318892362662,0.4462943071965628,0.3183603103151039,0.15,37348,5055,2062,1662
stage5_xgboost_raw_cuda,xgboost,raw,isotonic,valid,0.7663245490883812,0.2517091948498324,0.2880694143167028,0.35660580021482274,0.3186945044396448,0.16,39121,3282,2396,1328
stage5_xgboost_raw_cuda,xgboost,raw,isotonic,valid,0.7663245490883812,0.2517091948498324,0.2880694143167028,0.35660580021482274,0.3186945044396448,0.17,39121,3282,2396,1328
stage5_xgboost_raw_cuda,xgboost,raw,isotonic,valid,0.7663245490883812,0.2517091948498324,0.3114754098360656,0.32142857142857145,0.31637372802960223,0.18,39757,2646,2527,1197
stage5_xgboost_raw_cuda,xgboost,raw,isotonic,valid,0.7663245490883812,0.2517091948498324,0.3114754098360656,0.32142857142857145,0.31637372802960223,0.19,39757,2646,2527,1197
stage5_xgboost_raw_cuda,xgboost,raw,isotonic,valid,0.7663245490883812,0.2517091948498324,0.31273014203051025,0.31928034371643393,0.31597129949508374,0.2,39790,2613,2535,1189
stage5_xgboost_raw_cuda,xgboost,raw,isotonic,valid,0.7663245490883812,0.2517091948498324,0.31273014203051025,0.31928034371643393,0.31597129949508374,0.21,39790,2613,2535,1189
stage5_xgboost_raw_cuda,xgboost,raw,isotonic,valid,0.7663245490883812,0.2517091948498324,0.34298517752499136,0.26718582169709987,0.300377358490566,0.22,40497,1906,2729,995
stage5_xgboost_raw_cuda,xgboost,raw,isotonic,valid,0.7663245490883812,0.2517091948498324,0.34298517752499136,0.26718582169709987,0.300377358490566,0.23,40497,1906,2729,995
stage5_xgboost_raw_cuda,xgboost,raw,isotonic,valid,0.7663245490883812,0.2517091948498324,0.343619972260749,0.26611170784103116,0.29993946731234866,0.24,40510,1893,2733,991
stage5_xgboost_raw_cuda,xgboost,raw,isotonic,valid,0.7663245490883812,0.2517091948498324,0.362090418913314,0.23442534908700322,0.28459657701711494,0.25,40865,1538,2851,873
stage5_xgboost_raw_cuda,xgboost,raw,isotonic,valid,0.7663245490883812,0.2517091948498324,0.36363636363636365,0.23200859291084855,0.28327868852459015,0.26,40891,1512,2860,864
stage5_xgboost_raw_cuda,xgboost,raw,isotonic,valid,0.7663245490883812,0.2517091948498324,0.3642524354087251,0.23093447905477982,0.2826622843056697,0.27,40902,1501,2864,860
stage5_xgboost_raw_cuda,xgboost,raw,isotonic,valid,0.7663245490883812,0.2517091948498324,0.3642524354087251,0.23093447905477982,0.2826622843056697,0.28,40902,1501,2864,860
stage5_xgboost_raw_cuda,xgboost,raw,isotonic,valid,0.7663245490883812,0.2517091948498324,0.3786359077231695,0.2027389903329753,0.26407834907310246,0.29,41164,1239,2969,755
stage5_xgboost_raw_cuda,xgboost,raw,isotonic,valid,0.7663245490883812,0.2517091948498324,0.3786359077231695,0.2027389903329753,0.26407834907310246,0.3,41164,1239,2969,755
stage5_xgboost_raw_cuda,xgboost,raw,isotonic,valid,0.7663245490883812,0.2517091948498324,0.3826963906581741,0.19360902255639098,0.257132667617689,0.31,41240,1163,3003,721
stage5_xgboost_raw_cuda,xgboost,raw,isotonic,valid,0.7663245490883812,0.2517091948498324,0.3997370151216305,0.16326530612244897,0.23183984747378455,0.32,41490,913,3116,608
stage5_xgboost_raw_cuda,xgboost,raw,isotonic,valid,0.7663245490883812,0.2517091948498324,0.3997370151216305,0.16326530612244897,0.23183984747378455,0.33,41490,913,3116,608
stage5_xgboost_raw_cuda,xgboost,raw,isotonic,valid,0.7663245490883812,0.2517091948498324,0.4,0.16272824919441461,0.2313418591334224,0.34,41494,909,3118,606
stage5_xgboost_raw_cuda,xgboost,raw,isotonic,valid,0.7663245490883812,0.2517091948498324,0.4322381930184805,0.11305048335123523,0.17922520221370797,0.35,41850,553,3303,421
stage5_xgboost_raw_cuda,xgboost,raw,isotonic,valid,0.7663245490883812,0.2517091948498324,0.43875278396436523,0.10580021482277122,0.17048896581566422,0.36,41899,504,3330,394
stage5_xgboost_raw_cuda,xgboost,raw,isotonic,valid,0.7663245490883812,0.2517091948498324,0.43875278396436523,0.10580021482277122,0.17048896581566422,0.37,41899,504,3330,394
stage5_xgboost_raw_cuda,xgboost,raw,isotonic,valid,0.7663245490883812,0.2517091948498324,0.43875278396436523,0.10580021482277122,0.17048896581566422,0.38,41899,504,3330,394
stage5_xgboost_raw_cuda,xgboost,raw,isotonic,valid,0.7663245490883812,0.2517091948498324,0.4694589877835951,0.07223415682062298,0.12520363043984176,0.39,42099,304,3455,269
stage5_xgboost_raw_cuda,xgboost,raw,isotonic,valid,0.7663245490883812,0.2517091948498324,0.5037593984962406,0.05397422126745435,0.0975018190637885,0.4,42205,198,3523,201
stage5_xgboost_raw_cuda,xgboost,raw,isotonic,valid,0.7663245490883812,0.2517091948498324,0.5037593984962406,0.05397422126745435,0.0975018190637885,0.41,42205,198,3523,201
stage5_xgboost_raw_cuda,xgboost,raw,isotonic,valid,0.7663245490883812,0.2517091948498324,0.5037593984962406,0.05397422126745435,0.0975018190637885,0.42,42205,198,3523,201
stage5_xgboost_raw_cuda,xgboost,raw,isotonic,valid,0.7663245490883812,0.2517091948498324,0.5037593984962406,0.05397422126745435,0.0975018190637885,0.43,42205,198,3523,201
stage5_xgboost_raw_cuda,xgboost,raw,isotonic,valid,0.7663245490883812,0.2517091948498324,0.5399239543726235,0.038131041890440386,0.07123150238274392,0.44,42282,121,3582,142
stage5_xgboost_raw_cuda,xgboost,raw,isotonic,valid,0.7663245490883812,0.2517091948498324,0.5399239543726235,0.038131041890440386,0.07123150238274392,0.45,42282,121,3582,142
stage5_xgboost_raw_cuda,xgboost,raw,isotonic,valid,0.7663245490883812,0.2517091948498324,0.5399239543726235,0.038131041890440386,0.07123150238274392,0.46,42282,121,3582,142
stage5_xgboost_raw_cuda,xgboost,raw,isotonic,valid,0.7663245490883812,0.2517091948498324,0.5911949685534591,0.025241675617615467,0.048416173062065415,0.47,42338,65,3630,94
stage5_xgboost_raw_cuda,xgboost,raw,isotonic,valid,0.7663245490883812,0.2517091948498324,0.5911949685534591,0.025241675617615467,0.048416173062065415,0.48,42338,65,3630,94
stage5_xgboost_raw_cuda,xgboost,raw,isotonic,valid,0.7663245490883812,0.2517091948498324,0.5911949685534591,0.025241675617615467,0.048416173062065415,0.49,42338,65,3630,94
stage5_xgboost_raw_cuda,xgboost,raw,isotonic,valid,0.7663245490883812,0.2517091948498324,0.5911949685534591,0.025241675617615467,0.048416173062065415,0.5,42338,65,3630,94
stage5_xgboost_raw_cuda,xgboost,raw,isotonic,valid,0.7663245490883812,0.2517091948498324,0.6705882352941176,0.015306122448979591,0.029929115253347335,0.51,42375,28,3667,57
stage5_xgboost_raw_cuda,xgboost,raw,isotonic,valid,0.7663245490883812,0.2517091948498324,0.6705882352941176,0.015306122448979591,0.029929115253347335,0.52,42375,28,3667,57
stage5_xgboost_raw_cuda,xgboost,raw,isotonic,valid,0.7663245490883812,0.2517091948498324,0.6705882352941176,0.015306122448979591,0.029929115253347335,0.53,42375,28,3667,57
stage5_xgboost_raw_cuda,xgboost,raw,isotonic,valid,0.7663245490883812,0.2517091948498324,0.6705882352941176,0.015306122448979591,0.029929115253347335,0.54,42375,28,3667,57
stage5_xgboost_raw_cuda,xgboost,raw,isotonic,valid,0.7663245490883812,0.2517091948498324,0.6705882352941176,0.015306122448979591,0.029929115253347335,0.55,42375,28,3667,57
stage5_xgboost_raw_cuda,xgboost,raw,isotonic,valid,0.7663245490883812,0.2517091948498324,0.6705882352941176,0.015306122448979591,0.029929115253347335,0.56,42375,28,3667,57
stage5_xgboost_raw_cuda,xgboost,raw,isotonic,valid,0.7663245490883812,0.2517091948498324,0.6705882352941176,0.015306122448979591,0.029929115253347335,0.57,42375,28,3667,57
stage5_xgboost_raw_cuda,xgboost,raw,isotonic,valid,0.7663245490883812,0.2517091948498324,0.6705882352941176,0.015306122448979591,0.029929115253347335,0.58,42375,28,3667,57
stage5_xgboost_raw_cuda,xgboost,raw,isotonic,valid,0.7663245490883812,0.2517091948498324,0.6705882352941176,0.015306122448979591,0.029929115253347335,0.59,42375,28,3667,57
stage5_xgboost_raw_cuda,xgboost,raw,isotonic,valid,0.7663245490883812,0.2517091948498324,0.6705882352941176,0.015306122448979591,0.029929115253347335,0.6,42375,28,3667,57
stage5_xgboost_raw_cuda,xgboost,raw,isotonic,valid,0.7663245490883812,0.2517091948498324,0.6705882352941176,0.015306122448979591,0.029929115253347335,0.61,42375,28,3667,57
stage5_xgboost_raw_cuda,xgboost,raw,isotonic,valid,0.7663245490883812,0.2517091948498324,0.6705882352941176,0.015306122448979591,0.029929115253347335,0.62,42375,28,3667,57
stage5_xgboost_raw_cuda,xgboost,raw,isotonic,valid,0.7663245490883812,0.2517091948498324,0.6705882352941176,0.015306122448979591,0.029929115253347335,0.63,42375,28,3667,57
stage5_xgboost_raw_cuda,xgboost,raw,isotonic,valid,0.7663245490883812,0.2517091948498324,0.6756756756756757,0.01342642320085929,0.02632964718272775,0.64,42379,24,3674,50
stage5_xgboost_raw_cuda,xgboost,raw,isotonic,valid,0.7663245490883812,0.2517091948498324,0.6756756756756757,0.01342642320085929,0.02632964718272775,0.65,42379,24,3674,50
stage5_xgboost_raw_cuda,xgboost,raw,isotonic,valid,0.7663245490883812,0.2517091948498324,0.6756756756756757,0.01342642320085929,0.02632964718272775,0.66,42379,24,3674,50
stage5_xgboost_raw_cuda,xgboost,raw,isotonic,valid,0.7663245490883812,0.2517091948498324,0.75,0.001611170784103115,0.003215434083601286,0.67,42401,2,3718,6
stage5_xgboost_raw_cuda,xgboost,raw,isotonic,valid,0.7663245490883812,0.2517091948498324,0.75,0.001611170784103115,0.003215434083601286,0.68,42401,2,3718,6
stage5_xgboost_raw_cuda,xgboost,raw,isotonic,valid,0.7663245490883812,0.2517091948498324,0.75,0.001611170784103115,0.003215434083601286,0.69,42401,2,3718,6
stage5_xgboost_raw_cuda,xgboost,raw,isotonic,valid,0.7663245490883812,0.2517091948498324,0.75,0.001611170784103115,0.003215434083601286,0.7,42401,2,3718,6
stage5_xgboost_raw_cuda,xgboost,raw,isotonic,valid,0.7663245490883812,0.2517091948498324,0.75,0.001611170784103115,0.003215434083601286,0.71,42401,2,3718,6
stage5_xgboost_raw_cuda,xgboost,raw,isotonic,valid,0.7663245490883812,0.2517091948498324,0.75,0.001611170784103115,0.003215434083601286,0.72,42401,2,3718,6
stage5_xgboost_raw_cuda,xgboost,raw,isotonic,valid,0.7663245490883812,0.2517091948498324,0.75,0.001611170784103115,0.003215434083601286,0.73,42401,2,3718,6
stage5_xgboost_raw_cuda,xgboost,raw,isotonic,valid,0.7663245490883812,0.2517091948498324,0.75,0.001611170784103115,0.003215434083601286,0.74,42401,2,3718,6
stage5_xgboost_raw_cuda,xgboost,raw,isotonic,valid,0.7663245490883812,0.2517091948498324,0.75,0.001611170784103115,0.003215434083601286,0.75,42401,2,3718,6
stage5_xgboost_raw_cuda,xgboost,raw,isotonic,valid,0.7663245490883812,0.2517091948498324,0.0,0.0,0.0,0.76,42403,0,3724,0
stage5_xgboost_raw_cuda,xgboost,raw,isotonic,valid,0.7663245490883812,0.2517091948498324,0.0,0.0,0.0,0.77,42403,0,3724,0
stage5_xgboost_raw_cuda,xgboost,raw,isotonic,valid,0.7663245490883812,0.2517091948498324,0.0,0.0,0.0,0.78,42403,0,3724,0
stage5_xgboost_raw_cuda,xgboost,raw,isotonic,valid,0.7663245490883812,0.2517091948498324,0.0,0.0,0.0,0.79,42403,0,3724,0
stage5_xgboost_raw_cuda,xgboost,raw,isotonic,valid,0.7663245490883812,0.2517091948498324,0.0,0.0,0.0,0.8,42403,0,3724,0
stage5_xgboost_raw_cuda,xgboost,raw,isotonic,valid,0.7663245490883812,0.2517091948498324,0.0,0.0,0.0,0.81,42403,0,3724,0
stage5_xgboost_raw_cuda,xgboost,raw,isotonic,valid,0.7663245490883812,0.2517091948498324,0.0,0.0,0.0,0.82,42403,0,3724,0
stage5_xgboost_raw_cuda,xgboost,raw,isotonic,valid,0.7663245490883812,0.2517091948498324,0.0,0.0,0.0,0.83,42403,0,3724,0
stage5_xgboost_raw_cuda,xgboost,raw,isotonic,valid,0.7663245490883812,0.2517091948498324,0.0,0.0,0.0,0.84,42403,0,3724,0
stage5_xgboost_raw_cuda,xgboost,raw,isotonic,valid,0.7663245490883812,0.2517091948498324,0.0,0.0,0.0,0.85,42403,0,3724,0
stage5_xgboost_raw_cuda,xgboost,raw,isotonic,valid,0.7663245490883812,0.2517091948498324,0.0,0.0,0.0,0.86,42403,0,3724,0
stage5_xgboost_raw_cuda,xgboost,raw,isotonic,valid,0.7663245490883812,0.2517091948498324,0.0,0.0,0.0,0.87,42403,0,3724,0
stage5_xgboost_raw_cuda,xgboost,raw,isotonic,valid,0.7663245490883812,0.2517091948498324,0.0,0.0,0.0,0.88,42403,0,3724,0
stage5_xgboost_raw_cuda,xgboost,raw,isotonic,valid,0.7663245490883812,0.2517091948498324,0.0,0.0,0.0,0.89,42403,0,3724,0
stage5_xgboost_raw_cuda,xgboost,raw,isotonic,valid,0.7663245490883812,0.2517091948498324,0.0,0.0,0.0,0.9,42403,0,3724,0
stage5_xgboost_raw_cuda,xgboost,raw,isotonic,valid,0.7663245490883812,0.2517091948498324,0.0,0.0,0.0,0.91,42403,0,3724,0
stage5_xgboost_raw_cuda,xgboost,raw,isotonic,valid,0.7663245490883812,0.2517091948498324,0.0,0.0,0.0,0.92,42403,0,3724,0
stage5_xgboost_raw_cuda,xgboost,raw,isotonic,valid,0.7663245490883812,0.2517091948498324,0.0,0.0,0.0,0.93,42403,0,3724,0
stage5_xgboost_raw_cuda,xgboost,raw,isotonic,valid,0.7663245490883812,0.2517091948498324,0.0,0.0,0.0,0.94,42403,0,3724,0
stage5_xgboost_raw_cuda,xgboost,raw,isotonic,valid,0.7663245490883812,0.2517091948498324,0.0,0.0,0.0,0.95,42403,0,3724,0
stage5_xgboost_raw_cuda,xgboost,raw,isotonic,valid,0.7663245490883812,0.2517091948498324,0.0,0.0,0.0,0.96,42403,0,3724,0
stage5_xgboost_raw_cuda,xgboost,raw,isotonic,valid,0.7663245490883812,0.2517091948498324,0.0,0.0,0.0,0.97,42403,0,3724,0
stage5_xgboost_raw_cuda,xgboost,raw,isotonic,valid,0.7663245490883812,0.2517091948498324,0.0,0.0,0.0,0.98,42403,0,3724,0
stage5_xgboost_raw_cuda,xgboost,raw,isotonic,valid,0.7663245490883812,0.2517091948498324,0.0,0.0,0.0,0.99,42403,0,3724,0
