model,rank,encoded_feature,original_feature,encoded_category,feature_type,feature_family,importance_gain,importance_split,business_meaning
stage5_lightgbm_smote_gpu,1,NAME_INCOME_TYPE_Working,NAME_INCOME_TYPE,Working,one_hot,categorical_profile,905931.8750061989,141,收入来源类型。
stage5_lightgbm_smote_gpu,2,ext_source_min,ext_source_min,,numeric,external_score,590162.4194135666,510,三个外部信用评分中的最低值，用来捕捉外部评分中的短板信号。
stage5_lightgbm_smote_gpu,3,NAME_EDUCATION_TYPE_Secondary / secondary special,NAME_EDUCATION_TYPE,Secondary / secondary special,one_hot,categorical_profile,484726.64105272293,156,教育程度。
stage5_lightgbm_smote_gpu,4,ext_source_mean,ext_source_mean,,numeric,external_score,386464.290368557,712,三个外部信用评分的平均水平，用来概括申请人的综合外部信用质量。
stage5_lightgbm_smote_gpu,5,CODE_GENDER_F,CODE_GENDER,F,one_hot,categorical_profile,263324.5360803604,215,申请人性别。
stage5_lightgbm_smote_gpu,6,CODE_GENDER_M,CODE_GENDER,M,one_hot,categorical_profile,258920.42892074585,254,申请人性别。
stage5_lightgbm_smote_gpu,7,EMERGENCYSTATE_MODE___MISSING__,EMERGENCYSTATE_MODE,__MISSING__,one_hot,other,238095.27434062958,85,居住房屋所在区域的紧急状态标记。
stage5_lightgbm_smote_gpu,8,FLAG_OWN_CAR_N,FLAG_OWN_CAR,N,one_hot,flags_and_contacts,169936.57005882263,182,是否拥有车辆，可能反映资产状况。
stage5_lightgbm_smote_gpu,9,FLAG_DOCUMENT_3,FLAG_DOCUMENT_3,,numeric,flags_and_contacts,169888.72148799896,194,申请材料中的文件提交标记，反映材料完整性。
stage5_lightgbm_smote_gpu,10,EMERGENCYSTATE_MODE_No,EMERGENCYSTATE_MODE,No,one_hot,other,152655.7732143402,47,居住房屋所在区域的紧急状态标记。
stage5_lightgbm_smote_gpu,11,FLAG_OWN_CAR_Y,FLAG_OWN_CAR,Y,one_hot,flags_and_contacts,148617.08236837387,163,是否拥有车辆，可能反映资产状况。
stage5_lightgbm_smote_gpu,12,FLAG_PHONE,FLAG_PHONE,,numeric,flags_and_contacts,141066.78392505646,119,是否提供联系电话，反映联系信息完整度。
stage5_lightgbm_smote_gpu,13,AMT_REQ_CREDIT_BUREAU_YEAR,AMT_REQ_CREDIT_BUREAU_YEAR,,numeric,amount_and_ratio,138050.67880487442,302,申请前一年内的征信查询次数，反映中期信贷申请活跃度。
stage5_lightgbm_smote_gpu,14,REG_CITY_NOT_WORK_CITY,REG_CITY_NOT_WORK_CITY,,numeric,other,131950.9339632988,137,"Flag if client's permanent address does not match work address (1=different, 0=same, at city level)"
stage5_lightgbm_smote_gpu,15,NAME_EDUCATION_TYPE_Higher education,NAME_EDUCATION_TYPE,Higher education,one_hot,categorical_profile,126785.26805019379,164,教育程度。
stage5_lightgbm_smote_gpu,16,OBS_30_CNT_SOCIAL_CIRCLE,OBS_30_CNT_SOCIAL_CIRCLE,,numeric,other,100062.2608499527,236,How many observation of client's social surroundings with observable 30 DPD (days past due) default
stage5_lightgbm_smote_gpu,17,HOUSETYPE_MODE_block of flats,HOUSETYPE_MODE,block of flats,one_hot,other,87100.64179563522,34,"Normalized information about building where the client lives, What is average (_AVG suffix), modus (_MODE suffix), median (_MEDI suffix) apartment size, common area, living area, age of building, number of elevators, number of entrances, state of the building, number of floor"
stage5_lightgbm_smote_gpu,18,FONDKAPREMONT_MODE___MISSING__,FONDKAPREMONT_MODE,__MISSING__,one_hot,other,78089.09224748611,73,"Normalized information about building where the client lives, What is average (_AVG suffix), modus (_MODE suffix), median (_MEDI suffix) apartment size, common area, living area, age of building, number of elevators, number of entrances, state of the building, number of floor"
stage5_lightgbm_smote_gpu,19,FLAG_OWN_REALTY_N,FLAG_OWN_REALTY,N,one_hot,flags_and_contacts,75566.24430465698,68,布尔标记类字段，反映申请材料、联系方式或资产信息是否存在。
stage5_lightgbm_smote_gpu,20,WALLSMATERIAL_MODE___MISSING__,WALLSMATERIAL_MODE,__MISSING__,one_hot,other,74001.55366039276,42,"Normalized information about building where the client lives, What is average (_AVG suffix), modus (_MODE suffix), median (_MEDI suffix) apartment size, common area, living area, age of building, number of elevators, number of entrances, state of the building, number of floor"
stage5_lightgbm_smote_gpu,21,ORGANIZATION_TYPE_Business Entity Type 3,ORGANIZATION_TYPE,Business Entity Type 3,one_hot,categorical_profile,73752.917470932,159,工作单位/组织类型。
stage5_lightgbm_smote_gpu,22,OCCUPATION_TYPE_Laborers,OCCUPATION_TYPE,Laborers,one_hot,categorical_profile,71439.95918130875,105,职业类型。
stage5_lightgbm_smote_gpu,23,REGION_RATING_CLIENT_W_CITY,REGION_RATING_CLIENT_W_CITY,,numeric,other,53743.6167178154,202,结合城市后的客户所在区域评级。
stage5_lightgbm_smote_gpu,24,OBS_60_CNT_SOCIAL_CIRCLE,OBS_60_CNT_SOCIAL_CIRCLE,,numeric,other,51414.99076938629,182,How many observation of client's social surroundings with observable 60 DPD (days past due) default
stage5_lightgbm_smote_gpu,25,WALLSMATERIAL_MODE_Panel,WALLSMATERIAL_MODE,Panel,one_hot,other,50599.41858673096,71,"Normalized information about building where the client lives, What is average (_AVG suffix), modus (_MODE suffix), median (_MEDI suffix) apartment size, common area, living area, age of building, number of elevators, number of entrances, state of the building, number of floor"
stage5_lightgbm_smote_gpu,26,OCCUPATION_TYPE___MISSING__,OCCUPATION_TYPE,__MISSING__,one_hot,categorical_profile,49300.108456134796,51,职业类型。
stage5_lightgbm_smote_gpu,27,FLAG_WORK_PHONE,FLAG_WORK_PHONE,,numeric,flags_and_contacts,43952.262704372406,195,是否提供工作电话，反映可联系性和工作信息完整度。
stage5_lightgbm_smote_gpu,28,FLAG_OWN_REALTY_Y,FLAG_OWN_REALTY,Y,one_hot,flags_and_contacts,42237.108602523804,72,布尔标记类字段，反映申请材料、联系方式或资产信息是否存在。
stage5_lightgbm_smote_gpu,29,DEF_30_CNT_SOCIAL_CIRCLE,DEF_30_CNT_SOCIAL_CIRCLE,,numeric,other,39024.93312168121,239,申请人社交圈中出现 30 天以上逾期的人数，反映周边信用环境。
stage5_lightgbm_smote_gpu,30,ext_source_max,ext_source_max,,numeric,external_score,35858.10208892822,272,三个外部信用评分中的最高值，用来反映申请人最好的一侧外部信用信号。
stage5_lightgbm_smote_gpu,31,ORGANIZATION_TYPE_Self-employed,ORGANIZATION_TYPE,Self-employed,one_hot,categorical_profile,34737.998285532,162,工作单位/组织类型。
stage5_lightgbm_smote_gpu,32,REGION_RATING_CLIENT,REGION_RATING_CLIENT,,numeric,other,34067.88009929657,91,客户所在区域评级。
stage5_lightgbm_smote_gpu,33,"WALLSMATERIAL_MODE_Stone, brick",WALLSMATERIAL_MODE,"Stone, brick",one_hot,other,31560.081312656403,46,"Normalized information about building where the client lives, What is average (_AVG suffix), modus (_MODE suffix), median (_MEDI suffix) apartment size, common area, living area, age of building, number of elevators, number of entrances, state of the building, number of floor"
stage5_lightgbm_smote_gpu,34,OCCUPATION_TYPE_Sales staff,OCCUPATION_TYPE,Sales staff,one_hot,categorical_profile,29274.489958286285,74,职业类型。
stage5_lightgbm_smote_gpu,35,EXT_SOURCE_3,EXT_SOURCE_3,,numeric,external_score,26752.539415836334,507,外部信用评分相关变量，通常反映第三方或外部数据源对申请人风险质量的综合判断。
stage5_lightgbm_smote_gpu,36,annuity_credit_ratio,annuity_credit_ratio,,numeric,amount_and_ratio,26693.247715950012,1012,分期还款额相对授信金额的压力。
stage5_lightgbm_smote_gpu,37,NAME_INCOME_TYPE_Commercial associate,NAME_INCOME_TYPE,Commercial associate,one_hot,categorical_profile,22050.817944526672,51,收入来源类型。
stage5_lightgbm_smote_gpu,38,REG_CITY_NOT_LIVE_CITY,REG_CITY_NOT_LIVE_CITY,,numeric,other,21487.39811849594,110,"Flag if client's permanent address does not match contact address (1=different, 0=same, at city level)"
stage5_lightgbm_smote_gpu,39,WEEKDAY_APPR_PROCESS_START_MONDAY,WEEKDAY_APPR_PROCESS_START,MONDAY,one_hot,other,21185.32716679573,69,贷款申请提交的星期几。
stage5_lightgbm_smote_gpu,40,NAME_FAMILY_STATUS_Married,NAME_FAMILY_STATUS,Married,one_hot,categorical_profile,18442.418453216553,140,婚姻/家庭状态。
stage5_lightgbm_smote_gpu,41,AMT_REQ_CREDIT_BUREAU_QRT,AMT_REQ_CREDIT_BUREAU_QRT,,numeric,amount_and_ratio,17705.432306289673,142,Number of enquiries to Credit Bureau about the client 3 month before application (excluding one month before application)
stage5_lightgbm_smote_gpu,42,NAME_TYPE_SUITE_Unaccompanied,NAME_TYPE_SUITE,Unaccompanied,one_hot,categorical_profile,15877.205675125122,72,Who was accompanying client when he was applying for the loan
stage5_lightgbm_smote_gpu,43,goods_credit_ratio,goods_credit_ratio,,numeric,amount_and_ratio,14076.566853046417,407,商品价格相对授信金额的比例。
stage5_lightgbm_smote_gpu,44,EXT_SOURCE_2,EXT_SOURCE_2,,numeric,external_score,10256.476065158844,367,外部信用评分相关变量，通常反映第三方或外部数据源对申请人风险质量的综合判断。
stage5_lightgbm_smote_gpu,45,WEEKDAY_APPR_PROCESS_START_FRIDAY,WEEKDAY_APPR_PROCESS_START,FRIDAY,one_hot,other,10130.819538116455,75,贷款申请提交的星期几。
stage5_lightgbm_smote_gpu,46,OCCUPATION_TYPE_Core staff,OCCUPATION_TYPE,Core staff,one_hot,categorical_profile,8788.913184165955,53,职业类型。
stage5_lightgbm_smote_gpu,47,bureau_request_total,bureau_request_total,,numeric,other,8362.870775699615,188,征信查询次数汇总，可能反映近期信贷活跃度。
stage5_lightgbm_smote_gpu,48,DAYS_ID_PUBLISH,DAYS_ID_PUBLISH,,numeric,age_and_tenure,8313.79517364502,440,身份证件签发距申请日的时间。
stage5_lightgbm_smote_gpu,49,NAME_HOUSING_TYPE_House / apartment,NAME_HOUSING_TYPE,House / apartment,one_hot,categorical_profile,8161.588038444519,83,居住情况。
stage5_lightgbm_smote_gpu,50,DEF_60_CNT_SOCIAL_CIRCLE,DEF_60_CNT_SOCIAL_CIRCLE,,numeric,other,7109.484860897064,122,How many observation of client's social surroundings defaulted on 60 (days past due) DPD
stage5_lightgbm_smote_gpu,51,employment_age_ratio,employment_age_ratio,,numeric,amount_and_ratio,6789.0962171554565,308,"Derived feature: employment days divided by birth days, both relative to application date."
stage5_lightgbm_smote_gpu,52,EXT_SOURCE_1,EXT_SOURCE_1,,numeric,external_score,6587.552233219147,372,外部信用评分相关变量，通常反映第三方或外部数据源对申请人风险质量的综合判断。
stage5_lightgbm_smote_gpu,53,DAYS_LAST_PHONE_CHANGE,DAYS_LAST_PHONE_CHANGE,,numeric,age_and_tenure,6336.198582649231,376,最近一次更换电话号码距申请日的时间，可能反映联系方式稳定性。
stage5_lightgbm_smote_gpu,54,WEEKDAY_APPR_PROCESS_START_TUESDAY,WEEKDAY_APPR_PROCESS_START,TUESDAY,one_hot,other,5618.182958602905,67,贷款申请提交的星期几。
stage5_lightgbm_smote_gpu,55,AMT_ANNUITY,AMT_ANNUITY,,numeric,amount_and_ratio,5392.183962106705,261,贷款年金/分期还款压力。
stage5_lightgbm_smote_gpu,56,age_years,age_years,,numeric,age_and_tenure,4913.665706157684,302,申请人年龄（年）。
stage5_lightgbm_smote_gpu,57,DAYS_BIRTH,DAYS_BIRTH,,numeric,age_and_tenure,4721.097592353821,281,申请人年龄，通常通过年龄阶段反映生命周期和收入稳定性。
stage5_lightgbm_smote_gpu,58,REGION_POPULATION_RELATIVE,REGION_POPULATION_RELATIVE,,numeric,other,4664.491187572479,301,申请人所在地区的人口相对密度。
stage5_lightgbm_smote_gpu,59,HOUR_APPR_PROCESS_START,HOUR_APPR_PROCESS_START,,numeric,other,4659.569322824478,223,Approximately at what hour did the client apply for the loan
stage5_lightgbm_smote_gpu,60,ext_source_std,ext_source_std,,numeric,external_score,4631.55938911438,316,三个外部信用评分的离散程度，用来衡量外部评分是否一致。
stage5_lightgbm_smote_gpu,61,WEEKDAY_APPR_PROCESS_START_WEDNESDAY,WEEKDAY_APPR_PROCESS_START,WEDNESDAY,one_hot,other,4521.952387809753,60,贷款申请提交的星期几。
stage5_lightgbm_smote_gpu,62,annuity_income_ratio,annuity_income_ratio,,numeric,amount_and_ratio,4264.549383163452,287,分期还款额相对收入的压力。
stage5_lightgbm_smote_gpu,63,DAYS_REGISTRATION,DAYS_REGISTRATION,,numeric,age_and_tenure,4197.424600601196,328,最近一次变更登记信息距申请日的时间，可能反映居住或身份信息稳定性。
stage5_lightgbm_smote_gpu,64,AMT_REQ_CREDIT_BUREAU_MON,AMT_REQ_CREDIT_BUREAU_MON,,numeric,amount_and_ratio,4174.600383758545,65,申请前一个月内的征信查询次数，反映近期信贷申请活跃度。
stage5_lightgbm_smote_gpu,65,DAYS_EMPLOYED,DAYS_EMPLOYED,,numeric,age_and_tenure,4010.309868335724,210,当前工作年限，反映就业稳定性。
stage5_lightgbm_smote_gpu,66,WEEKDAY_APPR_PROCESS_START_THURSDAY,WEEKDAY_APPR_PROCESS_START,THURSDAY,one_hot,other,3989.0514092445374,60,贷款申请提交的星期几。
stage5_lightgbm_smote_gpu,67,credit_per_person,credit_per_person,,numeric,amount_and_ratio,3788.039285182953,285,家庭人均授信金额。
stage5_lightgbm_smote_gpu,68,employment_years,employment_years,,numeric,age_and_tenure,3721.082905769348,179,当前就业年限（年）。
stage5_lightgbm_smote_gpu,69,OCCUPATION_TYPE_Drivers,OCCUPATION_TYPE,Drivers,one_hot,categorical_profile,3607.4957976341248,47,职业类型。
stage5_lightgbm_smote_gpu,70,credit_income_ratio,credit_income_ratio,,numeric,amount_and_ratio,3424.5456495285034,249,授信金额相对收入的杠杆水平。
stage5_lightgbm_smote_gpu,71,log_AMT_GOODS_PRICE,log_AMT_GOODS_PRICE,,numeric,other,3399.914294242859,147,商品价格的对数变换，用来降低极端商品价格对模型的影响。
stage5_lightgbm_smote_gpu,72,OWN_CAR_AGE,OWN_CAR_AGE,,numeric,other,3314.616669654846,180,Age of client's car
stage5_lightgbm_smote_gpu,73,AMT_GOODS_PRICE,AMT_GOODS_PRICE,,numeric,amount_and_ratio,3029.7632513046265,158,消费贷款对应商品价格。
stage5_lightgbm_smote_gpu,74,document_flag_sum,document_flag_sum,,numeric,flags_and_contacts,2959.8432364463806,109,提交文件数量汇总，反映申请材料完整性。
stage5_lightgbm_smote_gpu,75,FLAG_DOCUMENT_6,FLAG_DOCUMENT_6,,numeric,flags_and_contacts,2905.00816488266,39,申请材料中的文件提交标记，反映材料完整性。
stage5_lightgbm_smote_gpu,76,contact_flag_sum,contact_flag_sum,,numeric,flags_and_contacts,2776.984004497528,63,联系方式标记数量汇总，反映联系信息完整程度。
stage5_lightgbm_smote_gpu,77,DAYS_EMPLOYED_ANOMALY,DAYS_EMPLOYED_ANOMALY,,numeric,age_and_tenure,2661.8047857284546,30,当前工作年限，反映就业稳定性。
stage5_lightgbm_smote_gpu,78,NAME_FAMILY_STATUS_Single / not married,NAME_FAMILY_STATUS,Single / not married,one_hot,categorical_profile,2654.664158821106,42,婚姻/家庭状态。
stage5_lightgbm_smote_gpu,79,income_per_person,income_per_person,,numeric,amount_and_ratio,2630.732568502426,218,家庭人均收入。
stage5_lightgbm_smote_gpu,80,log_AMT_ANNUITY,log_AMT_ANNUITY,,numeric,other,2548.0666098594666,163,分期还款金额的对数变换，用来降低极端年金值对模型的影响。
stage5_lightgbm_smote_gpu,81,AMT_CREDIT,AMT_CREDIT,,numeric,amount_and_ratio,2460.7106914520264,133,贷款授信金额，金额越高，潜在敞口越大。
stage5_lightgbm_smote_gpu,82,ELEVATORS_MODE,ELEVATORS_MODE,,numeric,other,2069.703374862671,27,"Normalized information about building where the client lives, What is average (_AVG suffix), modus (_MODE suffix), median (_MEDI suffix) apartment size, common area, living area, age of building, number of elevators, number of entrances, state of the building, number of floor"
stage5_lightgbm_smote_gpu,83,NAME_FAMILY_STATUS_Widow,NAME_FAMILY_STATUS,Widow,one_hot,categorical_profile,2057.37779045105,35,婚姻/家庭状态。
stage5_lightgbm_smote_gpu,84,LIVE_CITY_NOT_WORK_CITY,LIVE_CITY_NOT_WORK_CITY,,numeric,other,1781.3337597846985,41,"Flag if client's contact address does not match work address (1=different, 0=same, at city level)"
stage5_lightgbm_smote_gpu,85,FLOORSMAX_MODE,FLOORSMAX_MODE,,numeric,other,1771.847505569458,30,"Normalized information about building where the client lives, What is average (_AVG suffix), modus (_MODE suffix), median (_MEDI suffix) apartment size, common area, living area, age of building, number of elevators, number of entrances, state of the building, number of floor"
stage5_lightgbm_smote_gpu,86,WEEKDAY_APPR_PROCESS_START_SATURDAY,WEEKDAY_APPR_PROCESS_START,SATURDAY,one_hot,other,1629.3501386642456,37,贷款申请提交的星期几。
stage5_lightgbm_smote_gpu,87,ENTRANCES_MODE,ENTRANCES_MODE,,numeric,other,1565.7676243782043,50,"Normalized information about building where the client lives, What is average (_AVG suffix), modus (_MODE suffix), median (_MEDI suffix) apartment size, common area, living area, age of building, number of elevators, number of entrances, state of the building, number of floor"
stage5_lightgbm_smote_gpu,88,NONLIVINGAPARTMENTS_AVG,NONLIVINGAPARTMENTS_AVG,,numeric,other,1472.188717842102,24,"Normalized information about building where the client lives, What is average (_AVG suffix), modus (_MODE suffix), median (_MEDI suffix) apartment size, common area, living area, age of building, number of elevators, number of entrances, state of the building, number of floor"
stage5_lightgbm_smote_gpu,89,NONLIVINGAREA_MODE,NONLIVINGAREA_MODE,,numeric,other,1420.4137244224548,64,"Normalized information about building where the client lives, What is average (_AVG suffix), modus (_MODE suffix), median (_MEDI suffix) apartment size, common area, living area, age of building, number of elevators, number of entrances, state of the building, number of floor"
stage5_lightgbm_smote_gpu,90,NAME_INCOME_TYPE_State servant,NAME_INCOME_TYPE,State servant,one_hot,categorical_profile,1388.4265880584717,11,收入来源类型。
stage5_lightgbm_smote_gpu,91,ORGANIZATION_TYPE_Construction,ORGANIZATION_TYPE,Construction,one_hot,categorical_profile,1379.8411140441895,55,工作单位/组织类型。
stage5_lightgbm_smote_gpu,92,log_AMT_CREDIT,log_AMT_CREDIT,,numeric,other,1343.7153182029724,85,授信金额的对数变换，用来降低极端授信金额对模型的影响。
stage5_lightgbm_smote_gpu,93,TOTALAREA_MODE,TOTALAREA_MODE,,numeric,other,1265.4241037368774,93,"Normalized information about building where the client lives, What is average (_AVG suffix), modus (_MODE suffix), median (_MEDI suffix) apartment size, common area, living area, age of building, number of elevators, number of entrances, state of the building, number of floor"
stage5_lightgbm_smote_gpu,94,log_AMT_INCOME_TOTAL,log_AMT_INCOME_TOTAL,,numeric,other,1198.0540776252747,95,收入金额的对数变换，用来降低极端收入值对模型的影响。
stage5_lightgbm_smote_gpu,95,FLAG_EMP_PHONE,FLAG_EMP_PHONE,,numeric,flags_and_contacts,1194.765929698944,25,布尔标记类字段，反映申请材料、联系方式或资产信息是否存在。
stage5_lightgbm_smote_gpu,96,AMT_INCOME_TOTAL,AMT_INCOME_TOTAL,,numeric,amount_and_ratio,1143.6946487426758,99,申请人收入水平，用于衡量还款能力。
stage5_lightgbm_smote_gpu,97,YEARS_BEGINEXPLUATATION_AVG,YEARS_BEGINEXPLUATATION_AVG,,numeric,other,1123.3555812835693,82,"Normalized information about building where the client lives, What is average (_AVG suffix), modus (_MODE suffix), median (_MEDI suffix) apartment size, common area, living area, age of building, number of elevators, number of entrances, state of the building, number of floor"
stage5_lightgbm_smote_gpu,98,LANDAREA_MODE,LANDAREA_MODE,,numeric,other,947.2634296417236,78,"Normalized information about building where the client lives, What is average (_AVG suffix), modus (_MODE suffix), median (_MEDI suffix) apartment size, common area, living area, age of building, number of elevators, number of entrances, state of the building, number of floor"
stage5_lightgbm_smote_gpu,99,OCCUPATION_TYPE_Accountants,OCCUPATION_TYPE,Accountants,one_hot,categorical_profile,940.333179473877,39,职业类型。
stage5_lightgbm_smote_gpu,100,NAME_CONTRACT_TYPE_Cash loans,NAME_CONTRACT_TYPE,Cash loans,one_hot,categorical_profile,924.5926671028137,36,贷款产品类型。
stage5_lightgbm_smote_gpu,101,APARTMENTS_MODE,APARTMENTS_MODE,,numeric,other,905.0514998435974,66,"Normalized information about building where the client lives, What is average (_AVG suffix), modus (_MODE suffix), median (_MEDI suffix) apartment size, common area, living area, age of building, number of elevators, number of entrances, state of the building, number of floor"
stage5_lightgbm_smote_gpu,102,YEARS_BEGINEXPLUATATION_MEDI,YEARS_BEGINEXPLUATATION_MEDI,,numeric,other,857.1623368263245,69,"Normalized information about building where the client lives, What is average (_AVG suffix), modus (_MODE suffix), median (_MEDI suffix) apartment size, common area, living area, age of building, number of elevators, number of entrances, state of the building, number of floor"
stage5_lightgbm_smote_gpu,103,WEEKDAY_APPR_PROCESS_START_SUNDAY,WEEKDAY_APPR_PROCESS_START,SUNDAY,one_hot,other,854.1558384895325,25,贷款申请提交的星期几。
stage5_lightgbm_smote_gpu,104,LIVINGAREA_AVG,LIVINGAREA_AVG,,numeric,other,837.2749962806702,67,"Normalized information about building where the client lives, What is average (_AVG suffix), modus (_MODE suffix), median (_MEDI suffix) apartment size, common area, living area, age of building, number of elevators, number of entrances, state of the building, number of floor"
stage5_lightgbm_smote_gpu,105,LIVINGAREA_MODE,LIVINGAREA_MODE,,numeric,other,817.0765810012817,63,"Normalized information about building where the client lives, What is average (_AVG suffix), modus (_MODE suffix), median (_MEDI suffix) apartment size, common area, living area, age of building, number of elevators, number of entrances, state of the building, number of floor"
stage5_lightgbm_smote_gpu,106,ENTRANCES_MEDI,ENTRANCES_MEDI,,numeric,other,797.2269015312195,48,"Normalized information about building where the client lives, What is average (_AVG suffix), modus (_MODE suffix), median (_MEDI suffix) apartment size, common area, living area, age of building, number of elevators, number of entrances, state of the building, number of floor"
stage5_lightgbm_smote_gpu,107,OCCUPATION_TYPE_High skill tech staff,OCCUPATION_TYPE,High skill tech staff,one_hot,categorical_profile,771.6664171218872,37,职业类型。
stage5_lightgbm_smote_gpu,108,BASEMENTAREA_MODE,BASEMENTAREA_MODE,,numeric,other,766.0571894645691,60,"Normalized information about building where the client lives, What is average (_AVG suffix), modus (_MODE suffix), median (_MEDI suffix) apartment size, common area, living area, age of building, number of elevators, number of entrances, state of the building, number of floor"
stage5_lightgbm_smote_gpu,109,APARTMENTS_AVG,APARTMENTS_AVG,,numeric,other,730.929491519928,57,"Normalized information about building where the client lives, What is average (_AVG suffix), modus (_MODE suffix), median (_MEDI suffix) apartment size, common area, living area, age of building, number of elevators, number of entrances, state of the building, number of floor"
stage5_lightgbm_smote_gpu,110,LANDAREA_AVG,LANDAREA_AVG,,numeric,other,730.525420665741,59,"Normalized information about building where the client lives, What is average (_AVG suffix), modus (_MODE suffix), median (_MEDI suffix) apartment size, common area, living area, age of building, number of elevators, number of entrances, state of the building, number of floor"
stage5_lightgbm_smote_gpu,111,ORGANIZATION_TYPE_School,ORGANIZATION_TYPE,School,one_hot,categorical_profile,701.6071691513062,32,工作单位/组织类型。
stage5_lightgbm_smote_gpu,112,ORGANIZATION_TYPE_Transport: type 3,ORGANIZATION_TYPE,Transport: type 3,one_hot,categorical_profile,696.5656335353851,37,工作单位/组织类型。
stage5_lightgbm_smote_gpu,113,COMMONAREA_MODE,COMMONAREA_MODE,,numeric,other,693.6729512214661,60,"Normalized information about building where the client lives, What is average (_AVG suffix), modus (_MODE suffix), median (_MEDI suffix) apartment size, common area, living area, age of building, number of elevators, number of entrances, state of the building, number of floor"
stage5_lightgbm_smote_gpu,114,NAME_FAMILY_STATUS_Civil marriage,NAME_FAMILY_STATUS,Civil marriage,one_hot,categorical_profile,682.3877062797546,32,婚姻/家庭状态。
stage5_lightgbm_smote_gpu,115,YEARS_BEGINEXPLUATATION_MODE,YEARS_BEGINEXPLUATATION_MODE,,numeric,other,681.1909317970276,52,"Normalized information about building where the client lives, What is average (_AVG suffix), modus (_MODE suffix), median (_MEDI suffix) apartment size, common area, living area, age of building, number of elevators, number of entrances, state of the building, number of floor"
stage5_lightgbm_smote_gpu,116,FLOORSMAX_MEDI,FLOORSMAX_MEDI,,numeric,other,665.9744863510132,26,"Normalized information about building where the client lives, What is average (_AVG suffix), modus (_MODE suffix), median (_MEDI suffix) apartment size, common area, living area, age of building, number of elevators, number of entrances, state of the building, number of floor"
stage5_lightgbm_smote_gpu,117,BASEMENTAREA_AVG,BASEMENTAREA_AVG,,numeric,other,665.2725796699524,53,居住房屋地下室面积相关标准化信息，属于居住条件特征。
stage5_lightgbm_smote_gpu,118,COMMONAREA_AVG,COMMONAREA_AVG,,numeric,other,653.1440076828003,51,"Normalized information about building where the client lives, What is average (_AVG suffix), modus (_MODE suffix), median (_MEDI suffix) apartment size, common area, living area, age of building, number of elevators, number of entrances, state of the building, number of floor"
stage5_lightgbm_smote_gpu,119,COMMONAREA_MEDI,COMMONAREA_MEDI,,numeric,other,645.9305129051208,52,"Normalized information about building where the client lives, What is average (_AVG suffix), modus (_MODE suffix), median (_MEDI suffix) apartment size, common area, living area, age of building, number of elevators, number of entrances, state of the building, number of floor"
stage5_lightgbm_smote_gpu,120,BASEMENTAREA_MEDI,BASEMENTAREA_MEDI,,numeric,other,579.8163228034973,47,"Normalized information about building where the client lives, What is average (_AVG suffix), modus (_MODE suffix), median (_MEDI suffix) apartment size, common area, living area, age of building, number of elevators, number of entrances, state of the building, number of floor"
stage5_lightgbm_smote_gpu,121,LANDAREA_MEDI,LANDAREA_MEDI,,numeric,other,568.5958099365234,45,"Normalized information about building where the client lives, What is average (_AVG suffix), modus (_MODE suffix), median (_MEDI suffix) apartment size, common area, living area, age of building, number of elevators, number of entrances, state of the building, number of floor"
stage5_lightgbm_smote_gpu,122,YEARS_BUILD_AVG,YEARS_BUILD_AVG,,numeric,other,561.5905394554138,48,"Normalized information about building where the client lives, What is average (_AVG suffix), modus (_MODE suffix), median (_MEDI suffix) apartment size, common area, living area, age of building, number of elevators, number of entrances, state of the building, number of floor"
stage5_lightgbm_smote_gpu,123,NAME_TYPE_SUITE_Family,NAME_TYPE_SUITE,Family,one_hot,categorical_profile,559.8650045394897,29,Who was accompanying client when he was applying for the loan
stage5_lightgbm_smote_gpu,124,NAME_FAMILY_STATUS_Separated,NAME_FAMILY_STATUS,Separated,one_hot,categorical_profile,556.8676452636719,22,婚姻/家庭状态。
stage5_lightgbm_smote_gpu,125,YEARS_BUILD_MEDI,YEARS_BUILD_MEDI,,numeric,other,550.2448978424072,35,"Normalized information about building where the client lives, What is average (_AVG suffix), modus (_MODE suffix), median (_MEDI suffix) apartment size, common area, living area, age of building, number of elevators, number of entrances, state of the building, number of floor"
stage5_lightgbm_smote_gpu,126,NONLIVINGAREA_AVG,NONLIVINGAREA_AVG,,numeric,other,544.6717801094055,44,"Normalized information about building where the client lives, What is average (_AVG suffix), modus (_MODE suffix), median (_MEDI suffix) apartment size, common area, living area, age of building, number of elevators, number of entrances, state of the building, number of floor"
stage5_lightgbm_smote_gpu,127,FLOORSMAX_AVG,FLOORSMAX_AVG,,numeric,other,510.9922614097595,33,"Normalized information about building where the client lives, What is average (_AVG suffix), modus (_MODE suffix), median (_MEDI suffix) apartment size, common area, living area, age of building, number of elevators, number of entrances, state of the building, number of floor"
stage5_lightgbm_smote_gpu,128,REG_REGION_NOT_WORK_REGION,REG_REGION_NOT_WORK_REGION,,numeric,other,490.75730323791504,14,"Flag if client's permanent address does not match work address (1=different, 0=same, at region level)"
stage5_lightgbm_smote_gpu,129,NONLIVINGAREA_MEDI,NONLIVINGAREA_MEDI,,numeric,other,482.14433908462524,40,"Normalized information about building where the client lives, What is average (_AVG suffix), modus (_MODE suffix), median (_MEDI suffix) apartment size, common area, living area, age of building, number of elevators, number of entrances, state of the building, number of floor"
stage5_lightgbm_smote_gpu,130,YEARS_BUILD_MODE,YEARS_BUILD_MODE,,numeric,other,462.9406580924988,36,"Normalized information about building where the client lives, What is average (_AVG suffix), modus (_MODE suffix), median (_MEDI suffix) apartment size, common area, living area, age of building, number of elevators, number of entrances, state of the building, number of floor"
stage5_lightgbm_smote_gpu,131,LIVINGAPARTMENTS_AVG,LIVINGAPARTMENTS_AVG,,numeric,other,460.37438774108887,38,"Normalized information about building where the client lives, What is average (_AVG suffix), modus (_MODE suffix), median (_MEDI suffix) apartment size, common area, living area, age of building, number of elevators, number of entrances, state of the building, number of floor"
stage5_lightgbm_smote_gpu,132,LIVINGAPARTMENTS_MODE,LIVINGAPARTMENTS_MODE,,numeric,other,455.54496002197266,37,"Normalized information about building where the client lives, What is average (_AVG suffix), modus (_MODE suffix), median (_MEDI suffix) apartment size, common area, living area, age of building, number of elevators, number of entrances, state of the building, number of floor"
stage5_lightgbm_smote_gpu,133,LIVINGAPARTMENTS_MEDI,LIVINGAPARTMENTS_MEDI,,numeric,other,449.0930495262146,34,"Normalized information about building where the client lives, What is average (_AVG suffix), modus (_MODE suffix), median (_MEDI suffix) apartment size, common area, living area, age of building, number of elevators, number of entrances, state of the building, number of floor"
stage5_lightgbm_smote_gpu,134,ENTRANCES_AVG,ENTRANCES_AVG,,numeric,other,433.6114993095398,35,"Normalized information about building where the client lives, What is average (_AVG suffix), modus (_MODE suffix), median (_MEDI suffix) apartment size, common area, living area, age of building, number of elevators, number of entrances, state of the building, number of floor"
stage5_lightgbm_smote_gpu,135,LIVINGAREA_MEDI,LIVINGAREA_MEDI,,numeric,other,417.070481300354,30,"Normalized information about building where the client lives, What is average (_AVG suffix), modus (_MODE suffix), median (_MEDI suffix) apartment size, common area, living area, age of building, number of elevators, number of entrances, state of the building, number of floor"
stage5_lightgbm_smote_gpu,136,APARTMENTS_MEDI,APARTMENTS_MEDI,,numeric,other,413.92251110076904,36,"Normalized information about building where the client lives, What is average (_AVG suffix), modus (_MODE suffix), median (_MEDI suffix) apartment size, common area, living area, age of building, number of elevators, number of entrances, state of the building, number of floor"
stage5_lightgbm_smote_gpu,137,LIVE_REGION_NOT_WORK_REGION,LIVE_REGION_NOT_WORK_REGION,,numeric,other,383.4829788208008,11,"Flag if client's contact address does not match work address (1=different, 0=same, at region level)"
stage5_lightgbm_smote_gpu,138,NAME_INCOME_TYPE_Pensioner,NAME_INCOME_TYPE,Pensioner,one_hot,categorical_profile,368.06800174713135,5,收入来源类型。
stage5_lightgbm_smote_gpu,139,ORGANIZATION_TYPE_Industry: type 9,ORGANIZATION_TYPE,Industry: type 9,one_hot,categorical_profile,349.5275707244873,33,工作单位/组织类型。
stage5_lightgbm_smote_gpu,140,ORGANIZATION_TYPE_Military,ORGANIZATION_TYPE,Military,one_hot,categorical_profile,344.16905212402344,33,工作单位/组织类型。
stage5_lightgbm_smote_gpu,141,CNT_FAM_MEMBERS,CNT_FAM_MEMBERS,,numeric,family_structure,328.8724684715271,28,How many family members does client have
stage5_lightgbm_smote_gpu,142,NAME_HOUSING_TYPE_With parents,NAME_HOUSING_TYPE,With parents,one_hot,categorical_profile,322.3149585723877,17,居住情况。
stage5_lightgbm_smote_gpu,143,FLAG_EMAIL,FLAG_EMAIL,,numeric,flags_and_contacts,317.7499761581421,15,布尔标记类字段，反映申请材料、联系方式或资产信息是否存在。
stage5_lightgbm_smote_gpu,144,HOUSETYPE_MODE___MISSING__,HOUSETYPE_MODE,__MISSING__,one_hot,other,316.05840492248535,11,"Normalized information about building where the client lives, What is average (_AVG suffix), modus (_MODE suffix), median (_MEDI suffix) apartment size, common area, living area, age of building, number of elevators, number of entrances, state of the building, number of floor"
stage5_lightgbm_smote_gpu,145,NAME_TYPE_SUITE_Children,NAME_TYPE_SUITE,Children,one_hot,categorical_profile,315.1872673034668,16,Who was accompanying client when he was applying for the loan
stage5_lightgbm_smote_gpu,146,FONDKAPREMONT_MODE_reg oper account,FONDKAPREMONT_MODE,reg oper account,one_hot,other,301.32544708251953,16,"Normalized information about building where the client lives, What is average (_AVG suffix), modus (_MODE suffix), median (_MEDI suffix) apartment size, common area, living area, age of building, number of elevators, number of entrances, state of the building, number of floor"
stage5_lightgbm_smote_gpu,147,CNT_CHILDREN,CNT_CHILDREN,,numeric,family_structure,299.051819562912,32,Number of children the client has
stage5_lightgbm_smote_gpu,148,ORGANIZATION_TYPE_Realtor,ORGANIZATION_TYPE,Realtor,one_hot,categorical_profile,258.80985713005066,18,工作单位/组织类型。
stage5_lightgbm_smote_gpu,149,NONLIVINGAPARTMENTS_MODE,NONLIVINGAPARTMENTS_MODE,,numeric,other,250.5706582069397,20,"Normalized information about building where the client lives, What is average (_AVG suffix), modus (_MODE suffix), median (_MEDI suffix) apartment size, common area, living area, age of building, number of elevators, number of entrances, state of the building, number of floor"
stage5_lightgbm_smote_gpu,150,FLAG_DOCUMENT_5,FLAG_DOCUMENT_5,,numeric,flags_and_contacts,245.7966969013214,22,申请材料中的文件提交标记，反映材料完整性。
stage5_lightgbm_smote_gpu,151,FLOORSMIN_MODE,FLOORSMIN_MODE,,numeric,other,237.9930281639099,13,"Normalized information about building where the client lives, What is average (_AVG suffix), modus (_MODE suffix), median (_MEDI suffix) apartment size, common area, living area, age of building, number of elevators, number of entrances, state of the building, number of floor"
stage5_lightgbm_smote_gpu,152,ORGANIZATION_TYPE_XNA,ORGANIZATION_TYPE,XNA,one_hot,categorical_profile,230.31410217285156,2,工作单位/组织类型。
stage5_lightgbm_smote_gpu,153,FLOORSMIN_AVG,FLOORSMIN_AVG,,numeric,other,227.75383806228638,18,"Normalized information about building where the client lives, What is average (_AVG suffix), modus (_MODE suffix), median (_MEDI suffix) apartment size, common area, living area, age of building, number of elevators, number of entrances, state of the building, number of floor"
stage5_lightgbm_smote_gpu,154,children_ratio,children_ratio,,numeric,amount_and_ratio,224.16770839691162,16,家庭中儿童占比，反映家庭抚养压力。
stage5_lightgbm_smote_gpu,155,AMT_REQ_CREDIT_BUREAU_WEEK,AMT_REQ_CREDIT_BUREAU_WEEK,,numeric,amount_and_ratio,197.95227003097534,16,Number of enquiries to Credit Bureau about the client one week before application (excluding one day before application)
stage5_lightgbm_smote_gpu,156,OCCUPATION_TYPE_Managers,OCCUPATION_TYPE,Managers,one_hot,categorical_profile,190.65479946136475,6,职业类型。
stage5_lightgbm_smote_gpu,157,OCCUPATION_TYPE_Cleaning staff,OCCUPATION_TYPE,Cleaning staff,one_hot,categorical_profile,187.0540008544922,13,职业类型。
stage5_lightgbm_smote_gpu,158,OCCUPATION_TYPE_Security staff,OCCUPATION_TYPE,Security staff,one_hot,categorical_profile,171.3866991996765,15,职业类型。
stage5_lightgbm_smote_gpu,159,ORGANIZATION_TYPE_Kindergarten,ORGANIZATION_TYPE,Kindergarten,one_hot,categorical_profile,165.6198501586914,15,工作单位/组织类型。
stage5_lightgbm_smote_gpu,160,NONLIVINGAPARTMENTS_MEDI,NONLIVINGAPARTMENTS_MEDI,,numeric,other,165.11078882217407,15,"Normalized information about building where the client lives, What is average (_AVG suffix), modus (_MODE suffix), median (_MEDI suffix) apartment size, common area, living area, age of building, number of elevators, number of entrances, state of the building, number of floor"
stage5_lightgbm_smote_gpu,161,OCCUPATION_TYPE_Low-skill Laborers,OCCUPATION_TYPE,Low-skill Laborers,one_hot,categorical_profile,159.08692836761475,11,职业类型。
stage5_lightgbm_smote_gpu,162,OCCUPATION_TYPE_Medicine staff,OCCUPATION_TYPE,Medicine staff,one_hot,categorical_profile,151.53320121765137,9,职业类型。
stage5_lightgbm_smote_gpu,163,ELEVATORS_MEDI,ELEVATORS_MEDI,,numeric,other,148.08001899719238,7,"Normalized information about building where the client lives, What is average (_AVG suffix), modus (_MODE suffix), median (_MEDI suffix) apartment size, common area, living area, age of building, number of elevators, number of entrances, state of the building, number of floor"
stage5_lightgbm_smote_gpu,164,ORGANIZATION_TYPE_Medicine,ORGANIZATION_TYPE,Medicine,one_hot,categorical_profile,144.86079788208008,8,工作单位/组织类型。
stage5_lightgbm_smote_gpu,165,ORGANIZATION_TYPE_Housing,ORGANIZATION_TYPE,Housing,one_hot,categorical_profile,135.5483913421631,9,工作单位/组织类型。
stage5_lightgbm_smote_gpu,166,FONDKAPREMONT_MODE_org spec account,FONDKAPREMONT_MODE,org spec account,one_hot,other,132.41714096069336,7,"Normalized information about building where the client lives, What is average (_AVG suffix), modus (_MODE suffix), median (_MEDI suffix) apartment size, common area, living area, age of building, number of elevators, number of entrances, state of the building, number of floor"
stage5_lightgbm_smote_gpu,167,ORGANIZATION_TYPE_Transport: type 2,ORGANIZATION_TYPE,Transport: type 2,one_hot,categorical_profile,131.47173070907593,10,工作单位/组织类型。
stage5_lightgbm_smote_gpu,168,NAME_EDUCATION_TYPE_Lower secondary,NAME_EDUCATION_TYPE,Lower secondary,one_hot,categorical_profile,123.25342035293579,12,教育程度。
stage5_lightgbm_smote_gpu,169,OCCUPATION_TYPE_Private service staff,OCCUPATION_TYPE,Private service staff,one_hot,categorical_profile,123.06988143920898,9,职业类型。
stage5_lightgbm_smote_gpu,170,FONDKAPREMONT_MODE_not specified,FONDKAPREMONT_MODE,not specified,one_hot,other,119.39308977127075,9,"Normalized information about building where the client lives, What is average (_AVG suffix), modus (_MODE suffix), median (_MEDI suffix) apartment size, common area, living area, age of building, number of elevators, number of entrances, state of the building, number of floor"
stage5_lightgbm_smote_gpu,171,REG_REGION_NOT_LIVE_REGION,REG_REGION_NOT_LIVE_REGION,,numeric,other,116.59689950942993,10,"Flag if client's permanent address does not match contact address (1=different, 0=same, at region level)"
stage5_lightgbm_smote_gpu,172,ORGANIZATION_TYPE_Other,ORGANIZATION_TYPE,Other,one_hot,categorical_profile,108.34729146957397,11,工作单位/组织类型。
stage5_lightgbm_smote_gpu,173,ORGANIZATION_TYPE_Trade: type 3,ORGANIZATION_TYPE,Trade: type 3,one_hot,categorical_profile,106.45063877105713,10,工作单位/组织类型。
stage5_lightgbm_smote_gpu,174,FLOORSMIN_MEDI,FLOORSMIN_MEDI,,numeric,other,106.42250967025757,9,"Normalized information about building where the client lives, What is average (_AVG suffix), modus (_MODE suffix), median (_MEDI suffix) apartment size, common area, living area, age of building, number of elevators, number of entrances, state of the building, number of floor"
stage5_lightgbm_smote_gpu,175,ORGANIZATION_TYPE_Trade: type 1,ORGANIZATION_TYPE,Trade: type 1,one_hot,categorical_profile,104.38029861450195,8,工作单位/组织类型。
stage5_lightgbm_smote_gpu,176,ORGANIZATION_TYPE_Industry: type 3,ORGANIZATION_TYPE,Industry: type 3,one_hot,categorical_profile,104.05910968780518,10,工作单位/组织类型。
stage5_lightgbm_smote_gpu,177,ELEVATORS_AVG,ELEVATORS_AVG,,numeric,other,102.79374980926514,9,"Normalized information about building where the client lives, What is average (_AVG suffix), modus (_MODE suffix), median (_MEDI suffix) apartment size, common area, living area, age of building, number of elevators, number of entrances, state of the building, number of floor"
stage5_lightgbm_smote_gpu,178,NAME_EDUCATION_TYPE_Incomplete higher,NAME_EDUCATION_TYPE,Incomplete higher,one_hot,categorical_profile,102.13238096237183,9,教育程度。
stage5_lightgbm_smote_gpu,179,NAME_HOUSING_TYPE_Rented apartment,NAME_HOUSING_TYPE,Rented apartment,one_hot,categorical_profile,87.84587049484253,9,居住情况。
stage5_lightgbm_smote_gpu,180,ORGANIZATION_TYPE_Restaurant,ORGANIZATION_TYPE,Restaurant,one_hot,categorical_profile,85.10439968109131,6,工作单位/组织类型。
stage5_lightgbm_smote_gpu,181,FLAG_DOCUMENT_8,FLAG_DOCUMENT_8,,numeric,flags_and_contacts,84.87549114227295,7,申请材料中的文件提交标记，反映材料完整性。
stage5_lightgbm_smote_gpu,182,FONDKAPREMONT_MODE_reg oper spec account,FONDKAPREMONT_MODE,reg oper spec account,one_hot,other,83.41978979110718,8,"Normalized information about building where the client lives, What is average (_AVG suffix), modus (_MODE suffix), median (_MEDI suffix) apartment size, common area, living area, age of building, number of elevators, number of entrances, state of the building, number of floor"
stage5_lightgbm_smote_gpu,183,HOUSETYPE_MODE_specific housing,HOUSETYPE_MODE,specific housing,one_hot,other,81.6383409500122,6,"Normalized information about building where the client lives, What is average (_AVG suffix), modus (_MODE suffix), median (_MEDI suffix) apartment size, common area, living area, age of building, number of elevators, number of entrances, state of the building, number of floor"
stage5_lightgbm_smote_gpu,184,ORGANIZATION_TYPE_Trade: type 7,ORGANIZATION_TYPE,Trade: type 7,one_hot,categorical_profile,75.62119960784912,6,工作单位/组织类型。
stage5_lightgbm_smote_gpu,185,NAME_HOUSING_TYPE_Municipal apartment,NAME_HOUSING_TYPE,Municipal apartment,one_hot,categorical_profile,71.89791917800903,7,居住情况。
stage5_lightgbm_smote_gpu,186,OCCUPATION_TYPE_Waiters/barmen staff,OCCUPATION_TYPE,Waiters/barmen staff,one_hot,categorical_profile,70.29923057556152,5,职业类型。
stage5_lightgbm_smote_gpu,187,ORGANIZATION_TYPE_Business Entity Type 2,ORGANIZATION_TYPE,Business Entity Type 2,one_hot,categorical_profile,69.36799049377441,6,工作单位/组织类型。
stage5_lightgbm_smote_gpu,188,"NAME_TYPE_SUITE_Spouse, partner",NAME_TYPE_SUITE,"Spouse, partner",one_hot,categorical_profile,69.22494983673096,6,Who was accompanying client when he was applying for the loan
stage5_lightgbm_smote_gpu,189,NAME_HOUSING_TYPE_Co-op apartment,NAME_HOUSING_TYPE,Co-op apartment,one_hot,categorical_profile,68.50279998779297,5,居住情况。
stage5_lightgbm_smote_gpu,190,OCCUPATION_TYPE_Secretaries,OCCUPATION_TYPE,Secretaries,one_hot,categorical_profile,66.61279964447021,5,职业类型。
stage5_lightgbm_smote_gpu,191,NAME_CONTRACT_TYPE_Revolving loans,NAME_CONTRACT_TYPE,Revolving loans,one_hot,categorical_profile,62.66022968292236,4,贷款产品类型。
stage5_lightgbm_smote_gpu,192,ORGANIZATION_TYPE_Postal,ORGANIZATION_TYPE,Postal,one_hot,categorical_profile,62.34290075302124,6,工作单位/组织类型。
stage5_lightgbm_smote_gpu,193,ORGANIZATION_TYPE_Security Ministries,ORGANIZATION_TYPE,Security Ministries,one_hot,categorical_profile,60.57283973693848,10,工作单位/组织类型。
stage5_lightgbm_smote_gpu,194,WALLSMATERIAL_MODE_Wooden,WALLSMATERIAL_MODE,Wooden,one_hot,other,60.08509922027588,5,"Normalized information about building where the client lives, What is average (_AVG suffix), modus (_MODE suffix), median (_MEDI suffix) apartment size, common area, living area, age of building, number of elevators, number of entrances, state of the building, number of floor"
stage5_lightgbm_smote_gpu,195,ORGANIZATION_TYPE_Government,ORGANIZATION_TYPE,Government,one_hot,categorical_profile,57.36656999588013,5,工作单位/组织类型。
stage5_lightgbm_smote_gpu,196,AMT_REQ_CREDIT_BUREAU_HOUR,AMT_REQ_CREDIT_BUREAU_HOUR,,numeric,amount_and_ratio,57.1598596572876,5,Number of enquiries to Credit Bureau about the client one hour before application
stage5_lightgbm_smote_gpu,197,WALLSMATERIAL_MODE_Others,WALLSMATERIAL_MODE,Others,one_hot,other,54.741780281066895,5,"Normalized information about building where the client lives, What is average (_AVG suffix), modus (_MODE suffix), median (_MEDI suffix) apartment size, common area, living area, age of building, number of elevators, number of entrances, state of the building, number of floor"
stage5_lightgbm_smote_gpu,198,NAME_TYPE_SUITE_Other_B,NAME_TYPE_SUITE,Other_B,one_hot,categorical_profile,54.47472953796387,4,Who was accompanying client when he was applying for the loan
stage5_lightgbm_smote_gpu,199,FLAG_DOCUMENT_18,FLAG_DOCUMENT_18,,numeric,flags_and_contacts,52.85678005218506,4,申请材料中的文件提交标记，反映材料完整性。
stage5_lightgbm_smote_gpu,200,ORGANIZATION_TYPE_Hotel,ORGANIZATION_TYPE,Hotel,one_hot,categorical_profile,52.354429960250854,7,工作单位/组织类型。
stage5_lightgbm_smote_gpu,201,NAME_EDUCATION_TYPE___RARE__,NAME_EDUCATION_TYPE,__RARE__,one_hot,categorical_profile,51.82039952278137,10,教育程度。
stage5_lightgbm_smote_gpu,202,WALLSMATERIAL_MODE_Block,WALLSMATERIAL_MODE,Block,one_hot,other,51.357770919799805,6,"Normalized information about building where the client lives, What is average (_AVG suffix), modus (_MODE suffix), median (_MEDI suffix) apartment size, common area, living area, age of building, number of elevators, number of entrances, state of the building, number of floor"
stage5_lightgbm_smote_gpu,203,ORGANIZATION_TYPE_Security,ORGANIZATION_TYPE,Security,one_hot,categorical_profile,50.24472999572754,4,工作单位/组织类型。
stage5_lightgbm_smote_gpu,204,ORGANIZATION_TYPE_Transport: type 4,ORGANIZATION_TYPE,Transport: type 4,one_hot,categorical_profile,45.00579023361206,5,工作单位/组织类型。
stage5_lightgbm_smote_gpu,205,ORGANIZATION_TYPE_Business Entity Type 1,ORGANIZATION_TYPE,Business Entity Type 1,one_hot,categorical_profile,42.5275993347168,3,工作单位/组织类型。
stage5_lightgbm_smote_gpu,206,ORGANIZATION_TYPE_Police,ORGANIZATION_TYPE,Police,one_hot,categorical_profile,39.254119873046875,3,工作单位/组织类型。
stage5_lightgbm_smote_gpu,207,NAME_HOUSING_TYPE_Office apartment,NAME_HOUSING_TYPE,Office apartment,one_hot,categorical_profile,37.7877197265625,5,居住情况。
stage5_lightgbm_smote_gpu,208,ORGANIZATION_TYPE_Industry: type 1,ORGANIZATION_TYPE,Industry: type 1,one_hot,categorical_profile,37.26940059661865,2,工作单位/组织类型。
stage5_lightgbm_smote_gpu,209,ORGANIZATION_TYPE_Bank,ORGANIZATION_TYPE,Bank,one_hot,categorical_profile,35.16462993621826,3,工作单位/组织类型。
stage5_lightgbm_smote_gpu,210,AMT_REQ_CREDIT_BUREAU_DAY,AMT_REQ_CREDIT_BUREAU_DAY,,numeric,amount_and_ratio,32.846699714660645,2,Number of enquiries to Credit Bureau about the client one day before application (excluding one hour before application)
stage5_lightgbm_smote_gpu,211,ORGANIZATION_TYPE_Industry: type 11,ORGANIZATION_TYPE,Industry: type 11,one_hot,categorical_profile,29.333409786224365,3,工作单位/组织类型。
stage5_lightgbm_smote_gpu,212,FLAG_DOCUMENT_16,FLAG_DOCUMENT_16,,numeric,flags_and_contacts,28.981900215148926,2,申请材料中的文件提交标记，反映材料完整性。
stage5_lightgbm_smote_gpu,213,ORGANIZATION_TYPE_Culture,ORGANIZATION_TYPE,Culture,one_hot,categorical_profile,27.73427963256836,3,工作单位/组织类型。
stage5_lightgbm_smote_gpu,214,NAME_INCOME_TYPE_infrequent_sklearn,NAME_INCOME_TYPE,infrequent_sklearn,one_hot,categorical_profile,26.424999237060547,2,收入来源类型。
stage5_lightgbm_smote_gpu,215,WALLSMATERIAL_MODE_Mixed,WALLSMATERIAL_MODE,Mixed,one_hot,other,24.983069896697998,3,"Normalized information about building where the client lives, What is average (_AVG suffix), modus (_MODE suffix), median (_MEDI suffix) apartment size, common area, living area, age of building, number of elevators, number of entrances, state of the building, number of floor"
stage5_lightgbm_smote_gpu,216,ORGANIZATION_TYPE_Industry: type 2,ORGANIZATION_TYPE,Industry: type 2,one_hot,categorical_profile,23.592839241027832,2,工作单位/组织类型。
stage5_lightgbm_smote_gpu,217,ORGANIZATION_TYPE_Services,ORGANIZATION_TYPE,Services,one_hot,categorical_profile,21.319980144500732,2,工作单位/组织类型。
stage5_lightgbm_smote_gpu,218,OCCUPATION_TYPE_Cooking staff,OCCUPATION_TYPE,Cooking staff,one_hot,categorical_profile,20.137020111083984,2,职业类型。
stage5_lightgbm_smote_gpu,219,FLAG_DOCUMENT_2,FLAG_DOCUMENT_2,,numeric,flags_and_contacts,18.957770109176636,4,申请材料中的文件提交标记，反映材料完整性。
stage5_lightgbm_smote_gpu,220,ORGANIZATION_TYPE_Mobile,ORGANIZATION_TYPE,Mobile,one_hot,categorical_profile,18.82110023498535,1,工作单位/组织类型。
stage5_lightgbm_smote_gpu,221,ORGANIZATION_TYPE_Trade: type 6,ORGANIZATION_TYPE,Trade: type 6,one_hot,categorical_profile,16.149580001831055,2,工作单位/组织类型。
stage5_lightgbm_smote_gpu,222,OCCUPATION_TYPE_Realty agents,OCCUPATION_TYPE,Realty agents,one_hot,categorical_profile,14.812860012054443,2,职业类型。
stage5_lightgbm_smote_gpu,223,NAME_TYPE_SUITE___RARE__,NAME_TYPE_SUITE,__RARE__,one_hot,categorical_profile,14.003080368041992,2,Who was accompanying client when he was applying for the loan
stage5_lightgbm_smote_gpu,224,ORGANIZATION_TYPE_Advertising,ORGANIZATION_TYPE,Advertising,one_hot,categorical_profile,13.751099586486816,1,工作单位/组织类型。
stage5_lightgbm_smote_gpu,225,FLAG_DOCUMENT_19,FLAG_DOCUMENT_19,,numeric,flags_and_contacts,12.202099800109863,1,申请材料中的文件提交标记，反映材料完整性。
stage5_lightgbm_smote_gpu,226,ORGANIZATION_TYPE_University,ORGANIZATION_TYPE,University,one_hot,categorical_profile,12.188899993896484,1,工作单位/组织类型。
stage5_lightgbm_smote_gpu,227,ORGANIZATION_TYPE_Electricity,ORGANIZATION_TYPE,Electricity,one_hot,categorical_profile,11.977099895477295,3,工作单位/组织类型。
stage5_lightgbm_smote_gpu,228,OCCUPATION_TYPE_IT staff,OCCUPATION_TYPE,IT staff,one_hot,categorical_profile,10.41510009765625,1,职业类型。
stage5_lightgbm_smote_gpu,229,FLAG_CONT_MOBILE,FLAG_CONT_MOBILE,,numeric,flags_and_contacts,9.448189735412598,1,布尔标记类字段，反映申请材料、联系方式或资产信息是否存在。
stage5_lightgbm_smote_gpu,230,ORGANIZATION_TYPE_Industry: type 4,ORGANIZATION_TYPE,Industry: type 4,one_hot,categorical_profile,8.786849975585938,1,工作单位/组织类型。
stage5_lightgbm_smote_gpu,231,ORGANIZATION_TYPE_Agriculture,ORGANIZATION_TYPE,Agriculture,one_hot,categorical_profile,8.78108024597168,1,工作单位/组织类型。
stage5_lightgbm_smote_gpu,232,ORGANIZATION_TYPE_Telecom,ORGANIZATION_TYPE,Telecom,one_hot,categorical_profile,8.499460220336914,1,工作单位/组织类型。
stage5_lightgbm_smote_gpu,233,NAME_TYPE_SUITE___MISSING__,NAME_TYPE_SUITE,__MISSING__,one_hot,categorical_profile,8.469409942626953,1,Who was accompanying client when he was applying for the loan
stage5_lightgbm_smote_gpu,234,HOUSETYPE_MODE_terraced house,HOUSETYPE_MODE,terraced house,one_hot,other,8.308429956436157,2,"Normalized information about building where the client lives, What is average (_AVG suffix), modus (_MODE suffix), median (_MEDI suffix) apartment size, common area, living area, age of building, number of elevators, number of entrances, state of the building, number of floor"
stage5_lightgbm_smote_gpu,235,EMERGENCYSTATE_MODE_Yes,EMERGENCYSTATE_MODE,Yes,one_hot,other,7.589280128479004,1,居住房屋所在区域的紧急状态标记。
stage5_lightgbm_smote_gpu,236,ORGANIZATION_TYPE_Insurance,ORGANIZATION_TYPE,Insurance,one_hot,categorical_profile,6.135869979858398,1,工作单位/组织类型。
stage5_lightgbm_smote_gpu,237,FLAG_DOCUMENT_7,FLAG_DOCUMENT_7,,numeric,flags_and_contacts,0.0,0,申请材料中的文件提交标记，反映材料完整性。
stage5_lightgbm_smote_gpu,238,FLAG_DOCUMENT_9,FLAG_DOCUMENT_9,,numeric,flags_and_contacts,0.0,0,申请材料中的文件提交标记，反映材料完整性。
stage5_lightgbm_smote_gpu,239,FLAG_DOCUMENT_11,FLAG_DOCUMENT_11,,numeric,flags_and_contacts,0.0,0,申请材料中的文件提交标记，反映材料完整性。
stage5_lightgbm_smote_gpu,240,FLAG_DOCUMENT_15,FLAG_DOCUMENT_15,,numeric,flags_and_contacts,0.0,0,申请材料中的文件提交标记，反映材料完整性。
stage5_lightgbm_smote_gpu,241,FLAG_DOCUMENT_14,FLAG_DOCUMENT_14,,numeric,flags_and_contacts,0.0,0,申请材料中的文件提交标记，反映材料完整性。
stage5_lightgbm_smote_gpu,242,FLAG_MOBIL,FLAG_MOBIL,,numeric,flags_and_contacts,0.0,0,布尔标记类字段，反映申请材料、联系方式或资产信息是否存在。
stage5_lightgbm_smote_gpu,243,WALLSMATERIAL_MODE_Monolithic,WALLSMATERIAL_MODE,Monolithic,one_hot,other,0.0,0,"Normalized information about building where the client lives, What is average (_AVG suffix), modus (_MODE suffix), median (_MEDI suffix) apartment size, common area, living area, age of building, number of elevators, number of entrances, state of the building, number of floor"
stage5_lightgbm_smote_gpu,244,FLAG_DOCUMENT_4,FLAG_DOCUMENT_4,,numeric,flags_and_contacts,0.0,0,申请材料中的文件提交标记，反映材料完整性。
stage5_lightgbm_smote_gpu,245,FLAG_DOCUMENT_17,FLAG_DOCUMENT_17,,numeric,flags_and_contacts,0.0,0,申请材料中的文件提交标记，反映材料完整性。
stage5_lightgbm_smote_gpu,246,FLAG_DOCUMENT_21,FLAG_DOCUMENT_21,,numeric,flags_and_contacts,0.0,0,申请材料中的文件提交标记，反映材料完整性。
stage5_lightgbm_smote_gpu,247,FLAG_DOCUMENT_20,FLAG_DOCUMENT_20,,numeric,flags_and_contacts,0.0,0,申请材料中的文件提交标记，反映材料完整性。
stage5_lightgbm_smote_gpu,248,FLAG_DOCUMENT_10,FLAG_DOCUMENT_10,,numeric,flags_and_contacts,0.0,0,申请材料中的文件提交标记，反映材料完整性。
stage5_lightgbm_smote_gpu,249,FLAG_DOCUMENT_12,FLAG_DOCUMENT_12,,numeric,flags_and_contacts,0.0,0,申请材料中的文件提交标记，反映材料完整性。
stage5_lightgbm_smote_gpu,250,FLAG_DOCUMENT_13,FLAG_DOCUMENT_13,,numeric,flags_and_contacts,0.0,0,申请材料中的文件提交标记，反映材料完整性。
stage5_lightgbm_smote_gpu,251,NAME_TYPE_SUITE_Other_A,NAME_TYPE_SUITE,Other_A,one_hot,categorical_profile,0.0,0,Who was accompanying client when he was applying for the loan
stage5_lightgbm_smote_gpu,252,NAME_FAMILY_STATUS_infrequent_sklearn,NAME_FAMILY_STATUS,infrequent_sklearn,one_hot,categorical_profile,0.0,0,婚姻/家庭状态。
stage5_lightgbm_smote_gpu,253,OCCUPATION_TYPE_HR staff,OCCUPATION_TYPE,HR staff,one_hot,categorical_profile,0.0,0,职业类型。
stage5_lightgbm_smote_gpu,254,CODE_GENDER_infrequent_sklearn,CODE_GENDER,infrequent_sklearn,one_hot,categorical_profile,0.0,0,申请人性别。
stage5_lightgbm_smote_gpu,255,ORGANIZATION_TYPE_Industry: type 12,ORGANIZATION_TYPE,Industry: type 12,one_hot,categorical_profile,0.0,0,工作单位/组织类型。
stage5_lightgbm_smote_gpu,256,ORGANIZATION_TYPE_Emergency,ORGANIZATION_TYPE,Emergency,one_hot,categorical_profile,0.0,0,工作单位/组织类型。
stage5_lightgbm_smote_gpu,257,ORGANIZATION_TYPE_Industry: type 7,ORGANIZATION_TYPE,Industry: type 7,one_hot,categorical_profile,0.0,0,工作单位/组织类型。
stage5_lightgbm_smote_gpu,258,ORGANIZATION_TYPE_Industry: type 5,ORGANIZATION_TYPE,Industry: type 5,one_hot,categorical_profile,0.0,0,工作单位/组织类型。
stage5_lightgbm_smote_gpu,259,ORGANIZATION_TYPE_Trade: type 2,ORGANIZATION_TYPE,Trade: type 2,one_hot,categorical_profile,0.0,0,工作单位/组织类型。
stage5_lightgbm_smote_gpu,260,ORGANIZATION_TYPE___RARE__,ORGANIZATION_TYPE,__RARE__,one_hot,categorical_profile,0.0,0,工作单位/组织类型。
stage5_lightgbm_raw_gpu,1,ext_source_mean,ext_source_mean,,numeric,external_score,118500.71721553802,615,三个外部信用评分的平均水平，用来概括申请人的综合外部信用质量。
stage5_lightgbm_raw_gpu,2,annuity_credit_ratio,annuity_credit_ratio,,numeric,amount_and_ratio,24820.582414627075,1181,分期还款额相对授信金额的压力。
stage5_lightgbm_raw_gpu,3,ext_source_min,ext_source_min,,numeric,external_score,12555.884662151337,387,三个外部信用评分中的最低值，用来捕捉外部评分中的短板信号。
stage5_lightgbm_raw_gpu,4,goods_credit_ratio,goods_credit_ratio,,numeric,amount_and_ratio,12171.488468170166,470,商品价格相对授信金额的比例。
stage5_lightgbm_raw_gpu,5,ext_source_max,ext_source_max,,numeric,external_score,11307.299009084702,405,三个外部信用评分中的最高值，用来反映申请人最好的一侧外部信用信号。
stage5_lightgbm_raw_gpu,6,EXT_SOURCE_3,EXT_SOURCE_3,,numeric,external_score,10421.570245742798,528,外部信用评分相关变量，通常反映第三方或外部数据源对申请人风险质量的综合判断。
stage5_lightgbm_raw_gpu,7,DAYS_ID_PUBLISH,DAYS_ID_PUBLISH,,numeric,age_and_tenure,8561.534230947495,635,身份证件签发距申请日的时间。
stage5_lightgbm_raw_gpu,8,EXT_SOURCE_1,EXT_SOURCE_1,,numeric,external_score,8313.760199069977,490,外部信用评分相关变量，通常反映第三方或外部数据源对申请人风险质量的综合判断。
stage5_lightgbm_raw_gpu,9,employment_age_ratio,employment_age_ratio,,numeric,amount_and_ratio,7742.838240623474,424,"Derived feature: employment days divided by birth days, both relative to application date."
stage5_lightgbm_raw_gpu,10,age_years,age_years,,numeric,age_and_tenure,7494.7009155750275,462,申请人年龄（年）。
stage5_lightgbm_raw_gpu,11,DAYS_REGISTRATION,DAYS_REGISTRATION,,numeric,age_and_tenure,6646.835728168488,564,最近一次变更登记信息距申请日的时间，可能反映居住或身份信息稳定性。
stage5_lightgbm_raw_gpu,12,DAYS_BIRTH,DAYS_BIRTH,,numeric,age_and_tenure,6515.303040027618,437,申请人年龄，通常通过年龄阶段反映生命周期和收入稳定性。
stage5_lightgbm_raw_gpu,13,EXT_SOURCE_2,EXT_SOURCE_2,,numeric,external_score,6181.073356151581,480,外部信用评分相关变量，通常反映第三方或外部数据源对申请人风险质量的综合判断。
stage5_lightgbm_raw_gpu,14,DAYS_LAST_PHONE_CHANGE,DAYS_LAST_PHONE_CHANGE,,numeric,age_and_tenure,6041.8998918533325,491,最近一次更换电话号码距申请日的时间，可能反映联系方式稳定性。
stage5_lightgbm_raw_gpu,15,annuity_income_ratio,annuity_income_ratio,,numeric,amount_and_ratio,5949.780216217041,452,分期还款额相对收入的压力。
stage5_lightgbm_raw_gpu,16,ext_source_std,ext_source_std,,numeric,external_score,5525.080283880234,460,三个外部信用评分的离散程度，用来衡量外部评分是否一致。
stage5_lightgbm_raw_gpu,17,credit_per_person,credit_per_person,,numeric,amount_and_ratio,4948.932550668716,422,家庭人均授信金额。
stage5_lightgbm_raw_gpu,18,DAYS_EMPLOYED,DAYS_EMPLOYED,,numeric,age_and_tenure,4633.355544805527,315,当前工作年限，反映就业稳定性。
stage5_lightgbm_raw_gpu,19,AMT_ANNUITY,AMT_ANNUITY,,numeric,amount_and_ratio,4548.157690048218,311,贷款年金/分期还款压力。
stage5_lightgbm_raw_gpu,20,credit_income_ratio,credit_income_ratio,,numeric,amount_and_ratio,4407.213539600372,344,授信金额相对收入的杠杆水平。
stage5_lightgbm_raw_gpu,21,REGION_POPULATION_RELATIVE,REGION_POPULATION_RELATIVE,,numeric,other,4360.771812438965,392,申请人所在地区的人口相对密度。
stage5_lightgbm_raw_gpu,22,income_per_person,income_per_person,,numeric,amount_and_ratio,4039.3713026046753,355,家庭人均收入。
stage5_lightgbm_raw_gpu,23,log_AMT_ANNUITY,log_AMT_ANNUITY,,numeric,other,3798.1172382831573,238,分期还款金额的对数变换，用来降低极端年金值对模型的影响。
stage5_lightgbm_raw_gpu,24,employment_years,employment_years,,numeric,age_and_tenure,3744.59091591835,252,当前就业年限（年）。
stage5_lightgbm_raw_gpu,25,NAME_EDUCATION_TYPE_Higher education,NAME_EDUCATION_TYPE,Higher education,one_hot,categorical_profile,3711.8601717948914,91,教育程度。
stage5_lightgbm_raw_gpu,26,AMT_GOODS_PRICE,AMT_GOODS_PRICE,,numeric,amount_and_ratio,3701.7026085853577,203,消费贷款对应商品价格。
stage5_lightgbm_raw_gpu,27,OWN_CAR_AGE,OWN_CAR_AGE,,numeric,other,3280.8249111175537,198,Age of client's car
stage5_lightgbm_raw_gpu,28,log_AMT_GOODS_PRICE,log_AMT_GOODS_PRICE,,numeric,other,3031.068507194519,184,商品价格的对数变换，用来降低极端商品价格对模型的影响。
stage5_lightgbm_raw_gpu,29,CODE_GENDER_M,CODE_GENDER,M,one_hot,categorical_profile,2976.498969554901,106,申请人性别。
stage5_lightgbm_raw_gpu,30,log_AMT_CREDIT,log_AMT_CREDIT,,numeric,other,2565.68164563179,168,授信金额的对数变换，用来降低极端授信金额对模型的影响。
stage5_lightgbm_raw_gpu,31,HOUR_APPR_PROCESS_START,HOUR_APPR_PROCESS_START,,numeric,other,2468.2936358451843,229,Approximately at what hour did the client apply for the loan
stage5_lightgbm_raw_gpu,32,AMT_CREDIT,AMT_CREDIT,,numeric,amount_and_ratio,2352.0370836257935,184,贷款授信金额，金额越高，潜在敞口越大。
stage5_lightgbm_raw_gpu,33,bureau_request_total,bureau_request_total,,numeric,other,1866.9659440517426,165,征信查询次数汇总，可能反映近期信贷活跃度。
stage5_lightgbm_raw_gpu,34,TOTALAREA_MODE,TOTALAREA_MODE,,numeric,other,1800.8883867263794,157,"Normalized information about building where the client lives, What is average (_AVG suffix), modus (_MODE suffix), median (_MEDI suffix) apartment size, common area, living area, age of building, number of elevators, number of entrances, state of the building, number of floor"
stage5_lightgbm_raw_gpu,35,CODE_GENDER_F,CODE_GENDER,F,one_hot,categorical_profile,1740.3434953689575,73,申请人性别。
stage5_lightgbm_raw_gpu,36,AMT_REQ_CREDIT_BUREAU_YEAR,AMT_REQ_CREDIT_BUREAU_YEAR,,numeric,amount_and_ratio,1640.812865972519,133,申请前一年内的征信查询次数，反映中期信贷申请活跃度。
stage5_lightgbm_raw_gpu,37,log_AMT_INCOME_TOTAL,log_AMT_INCOME_TOTAL,,numeric,other,1629.1848776340485,146,收入金额的对数变换，用来降低极端收入值对模型的影响。
stage5_lightgbm_raw_gpu,38,AMT_INCOME_TOTAL,AMT_INCOME_TOTAL,,numeric,amount_and_ratio,1628.9899225234985,143,申请人收入水平，用于衡量还款能力。
stage5_lightgbm_raw_gpu,39,DEF_30_CNT_SOCIAL_CIRCLE,DEF_30_CNT_SOCIAL_CIRCLE,,numeric,other,1583.3812265396118,84,申请人社交圈中出现 30 天以上逾期的人数，反映周边信用环境。
stage5_lightgbm_raw_gpu,40,FLAG_DOCUMENT_3,FLAG_DOCUMENT_3,,numeric,flags_and_contacts,1512.6147637367249,59,申请材料中的文件提交标记，反映材料完整性。
stage5_lightgbm_raw_gpu,41,document_flag_sum,document_flag_sum,,numeric,flags_and_contacts,1450.0771946907043,79,提交文件数量汇总，反映申请材料完整性。
stage5_lightgbm_raw_gpu,42,NAME_EDUCATION_TYPE_Secondary / secondary special,NAME_EDUCATION_TYPE,Secondary / secondary special,one_hot,categorical_profile,1448.9513697624207,65,教育程度。
stage5_lightgbm_raw_gpu,43,LANDAREA_MODE,LANDAREA_MODE,,numeric,other,1420.518309354782,125,"Normalized information about building where the client lives, What is average (_AVG suffix), modus (_MODE suffix), median (_MEDI suffix) apartment size, common area, living area, age of building, number of elevators, number of entrances, state of the building, number of floor"
stage5_lightgbm_raw_gpu,44,BASEMENTAREA_AVG,BASEMENTAREA_AVG,,numeric,other,1334.7014999389648,97,居住房屋地下室面积相关标准化信息，属于居住条件特征。
stage5_lightgbm_raw_gpu,45,LIVINGAREA_MODE,LIVINGAREA_MODE,,numeric,other,1316.3830637931824,120,"Normalized information about building where the client lives, What is average (_AVG suffix), modus (_MODE suffix), median (_MEDI suffix) apartment size, common area, living area, age of building, number of elevators, number of entrances, state of the building, number of floor"
stage5_lightgbm_raw_gpu,46,YEARS_BEGINEXPLUATATION_MEDI,YEARS_BEGINEXPLUATATION_MEDI,,numeric,other,1308.229575395584,101,"Normalized information about building where the client lives, What is average (_AVG suffix), modus (_MODE suffix), median (_MEDI suffix) apartment size, common area, living area, age of building, number of elevators, number of entrances, state of the building, number of floor"
stage5_lightgbm_raw_gpu,47,BASEMENTAREA_MODE,BASEMENTAREA_MODE,,numeric,other,1274.2453417778015,105,"Normalized information about building where the client lives, What is average (_AVG suffix), modus (_MODE suffix), median (_MEDI suffix) apartment size, common area, living area, age of building, number of elevators, number of entrances, state of the building, number of floor"
stage5_lightgbm_raw_gpu,48,COMMONAREA_MODE,COMMONAREA_MODE,,numeric,other,1244.0510556697845,109,"Normalized information about building where the client lives, What is average (_AVG suffix), modus (_MODE suffix), median (_MEDI suffix) apartment size, common area, living area, age of building, number of elevators, number of entrances, state of the building, number of floor"
stage5_lightgbm_raw_gpu,49,YEARS_BEGINEXPLUATATION_MODE,YEARS_BEGINEXPLUATATION_MODE,,numeric,other,1213.706142425537,98,"Normalized information about building where the client lives, What is average (_AVG suffix), modus (_MODE suffix), median (_MEDI suffix) apartment size, common area, living area, age of building, number of elevators, number of entrances, state of the building, number of floor"
stage5_lightgbm_raw_gpu,50,FLAG_OWN_CAR_N,FLAG_OWN_CAR,N,one_hot,flags_and_contacts,1186.2615480422974,55,是否拥有车辆，可能反映资产状况。
stage5_lightgbm_raw_gpu,51,NAME_FAMILY_STATUS_Married,NAME_FAMILY_STATUS,Married,one_hot,categorical_profile,1183.879831790924,76,婚姻/家庭状态。
stage5_lightgbm_raw_gpu,52,APARTMENTS_MODE,APARTMENTS_MODE,,numeric,other,1178.745029449463,100,"Normalized information about building where the client lives, What is average (_AVG suffix), modus (_MODE suffix), median (_MEDI suffix) apartment size, common area, living area, age of building, number of elevators, number of entrances, state of the building, number of floor"
stage5_lightgbm_raw_gpu,53,YEARS_BEGINEXPLUATATION_AVG,YEARS_BEGINEXPLUATATION_AVG,,numeric,other,1171.5213506221771,85,"Normalized information about building where the client lives, What is average (_AVG suffix), modus (_MODE suffix), median (_MEDI suffix) apartment size, common area, living area, age of building, number of elevators, number of entrances, state of the building, number of floor"
stage5_lightgbm_raw_gpu,54,NONLIVINGAREA_MEDI,NONLIVINGAREA_MEDI,,numeric,other,1161.9415485858917,99,"Normalized information about building where the client lives, What is average (_AVG suffix), modus (_MODE suffix), median (_MEDI suffix) apartment size, common area, living area, age of building, number of elevators, number of entrances, state of the building, number of floor"
stage5_lightgbm_raw_gpu,55,FLAG_WORK_PHONE,FLAG_WORK_PHONE,,numeric,flags_and_contacts,1161.765902042389,70,是否提供工作电话，反映可联系性和工作信息完整度。
stage5_lightgbm_raw_gpu,56,NONLIVINGAREA_MODE,NONLIVINGAREA_MODE,,numeric,other,1146.6513299942017,103,"Normalized information about building where the client lives, What is average (_AVG suffix), modus (_MODE suffix), median (_MEDI suffix) apartment size, common area, living area, age of building, number of elevators, number of entrances, state of the building, number of floor"
stage5_lightgbm_raw_gpu,57,NAME_INCOME_TYPE_Working,NAME_INCOME_TYPE,Working,one_hot,categorical_profile,1124.6471338272095,52,收入来源类型。
stage5_lightgbm_raw_gpu,58,LIVINGAREA_AVG,LIVINGAREA_AVG,,numeric,other,1088.9336168766022,96,"Normalized information about building where the client lives, What is average (_AVG suffix), modus (_MODE suffix), median (_MEDI suffix) apartment size, common area, living area, age of building, number of elevators, number of entrances, state of the building, number of floor"
stage5_lightgbm_raw_gpu,59,OBS_30_CNT_SOCIAL_CIRCLE,OBS_30_CNT_SOCIAL_CIRCLE,,numeric,other,1074.9391469955444,93,How many observation of client's social surroundings with observable 30 DPD (days past due) default
stage5_lightgbm_raw_gpu,60,NONLIVINGAREA_AVG,NONLIVINGAREA_AVG,,numeric,other,1059.8941130638123,93,"Normalized information about building where the client lives, What is average (_AVG suffix), modus (_MODE suffix), median (_MEDI suffix) apartment size, common area, living area, age of building, number of elevators, number of entrances, state of the building, number of floor"
stage5_lightgbm_raw_gpu,61,AMT_REQ_CREDIT_BUREAU_QRT,AMT_REQ_CREDIT_BUREAU_QRT,,numeric,amount_and_ratio,1056.8826990127563,81,Number of enquiries to Credit Bureau about the client 3 month before application (excluding one month before application)
stage5_lightgbm_raw_gpu,62,LIVINGAREA_MEDI,LIVINGAREA_MEDI,,numeric,other,1050.2134580612183,83,"Normalized information about building where the client lives, What is average (_AVG suffix), modus (_MODE suffix), median (_MEDI suffix) apartment size, common area, living area, age of building, number of elevators, number of entrances, state of the building, number of floor"
stage5_lightgbm_raw_gpu,63,LANDAREA_AVG,LANDAREA_AVG,,numeric,other,1048.5543284416199,99,"Normalized information about building where the client lives, What is average (_AVG suffix), modus (_MODE suffix), median (_MEDI suffix) apartment size, common area, living area, age of building, number of elevators, number of entrances, state of the building, number of floor"
stage5_lightgbm_raw_gpu,64,DEF_60_CNT_SOCIAL_CIRCLE,DEF_60_CNT_SOCIAL_CIRCLE,,numeric,other,1025.4466226100922,63,How many observation of client's social surroundings defaulted on 60 (days past due) DPD
stage5_lightgbm_raw_gpu,65,LIVINGAPARTMENTS_AVG,LIVINGAPARTMENTS_AVG,,numeric,other,990.8338584899902,74,"Normalized information about building where the client lives, What is average (_AVG suffix), modus (_MODE suffix), median (_MEDI suffix) apartment size, common area, living area, age of building, number of elevators, number of entrances, state of the building, number of floor"
stage5_lightgbm_raw_gpu,66,APARTMENTS_AVG,APARTMENTS_AVG,,numeric,other,985.0693612098694,84,"Normalized information about building where the client lives, What is average (_AVG suffix), modus (_MODE suffix), median (_MEDI suffix) apartment size, common area, living area, age of building, number of elevators, number of entrances, state of the building, number of floor"
stage5_lightgbm_raw_gpu,67,REGION_RATING_CLIENT_W_CITY,REGION_RATING_CLIENT_W_CITY,,numeric,other,927.449541091919,64,结合城市后的客户所在区域评级。
stage5_lightgbm_raw_gpu,68,FLAG_OWN_CAR_Y,FLAG_OWN_CAR,Y,one_hot,flags_and_contacts,891.6172552108765,47,是否拥有车辆，可能反映资产状况。
stage5_lightgbm_raw_gpu,69,LIVINGAPARTMENTS_MODE,LIVINGAPARTMENTS_MODE,,numeric,other,890.3800129890442,73,"Normalized information about building where the client lives, What is average (_AVG suffix), modus (_MODE suffix), median (_MEDI suffix) apartment size, common area, living area, age of building, number of elevators, number of entrances, state of the building, number of floor"
stage5_lightgbm_raw_gpu,70,APARTMENTS_MEDI,APARTMENTS_MEDI,,numeric,other,855.9295892715454,71,"Normalized information about building where the client lives, What is average (_AVG suffix), modus (_MODE suffix), median (_MEDI suffix) apartment size, common area, living area, age of building, number of elevators, number of entrances, state of the building, number of floor"
stage5_lightgbm_raw_gpu,71,COMMONAREA_MEDI,COMMONAREA_MEDI,,numeric,other,835.3874011039734,78,"Normalized information about building where the client lives, What is average (_AVG suffix), modus (_MODE suffix), median (_MEDI suffix) apartment size, common area, living area, age of building, number of elevators, number of entrances, state of the building, number of floor"
stage5_lightgbm_raw_gpu,72,LANDAREA_MEDI,LANDAREA_MEDI,,numeric,other,803.2500128746033,72,"Normalized information about building where the client lives, What is average (_AVG suffix), modus (_MODE suffix), median (_MEDI suffix) apartment size, common area, living area, age of building, number of elevators, number of entrances, state of the building, number of floor"
stage5_lightgbm_raw_gpu,73,ORGANIZATION_TYPE_Self-employed,ORGANIZATION_TYPE,Self-employed,one_hot,categorical_profile,753.8126604557037,54,工作单位/组织类型。
stage5_lightgbm_raw_gpu,74,OBS_60_CNT_SOCIAL_CIRCLE,OBS_60_CNT_SOCIAL_CIRCLE,,numeric,other,726.5607261657715,64,How many observation of client's social surroundings with observable 60 DPD (days past due) default
stage5_lightgbm_raw_gpu,75,BASEMENTAREA_MEDI,BASEMENTAREA_MEDI,,numeric,other,715.649436712265,65,"Normalized information about building where the client lives, What is average (_AVG suffix), modus (_MODE suffix), median (_MEDI suffix) apartment size, common area, living area, age of building, number of elevators, number of entrances, state of the building, number of floor"
stage5_lightgbm_raw_gpu,76,YEARS_BUILD_AVG,YEARS_BUILD_AVG,,numeric,other,687.9166231155396,65,"Normalized information about building where the client lives, What is average (_AVG suffix), modus (_MODE suffix), median (_MEDI suffix) apartment size, common area, living area, age of building, number of elevators, number of entrances, state of the building, number of floor"
stage5_lightgbm_raw_gpu,77,COMMONAREA_AVG,COMMONAREA_AVG,,numeric,other,662.8435735702515,62,"Normalized information about building where the client lives, What is average (_AVG suffix), modus (_MODE suffix), median (_MEDI suffix) apartment size, common area, living area, age of building, number of elevators, number of entrances, state of the building, number of floor"
stage5_lightgbm_raw_gpu,78,AMT_REQ_CREDIT_BUREAU_MON,AMT_REQ_CREDIT_BUREAU_MON,,numeric,amount_and_ratio,634.9362089633942,63,申请前一个月内的征信查询次数，反映近期信贷申请活跃度。
stage5_lightgbm_raw_gpu,79,REG_CITY_NOT_LIVE_CITY,REG_CITY_NOT_LIVE_CITY,,numeric,other,631.0605940818787,47,"Flag if client's permanent address does not match contact address (1=different, 0=same, at city level)"
stage5_lightgbm_raw_gpu,80,contact_flag_sum,contact_flag_sum,,numeric,flags_and_contacts,619.4674406051636,54,联系方式标记数量汇总，反映联系信息完整程度。
stage5_lightgbm_raw_gpu,81,OCCUPATION_TYPE_Core staff,OCCUPATION_TYPE,Core staff,one_hot,categorical_profile,607.127899646759,32,职业类型。
stage5_lightgbm_raw_gpu,82,YEARS_BUILD_MEDI,YEARS_BUILD_MEDI,,numeric,other,603.9581098556519,53,"Normalized information about building where the client lives, What is average (_AVG suffix), modus (_MODE suffix), median (_MEDI suffix) apartment size, common area, living area, age of building, number of elevators, number of entrances, state of the building, number of floor"
stage5_lightgbm_raw_gpu,83,ORGANIZATION_TYPE_Transport: type 3,ORGANIZATION_TYPE,Transport: type 3,one_hot,categorical_profile,589.069739818573,42,工作单位/组织类型。
stage5_lightgbm_raw_gpu,84,FLOORSMAX_AVG,FLOORSMAX_AVG,,numeric,other,562.5204682350159,42,"Normalized information about building where the client lives, What is average (_AVG suffix), modus (_MODE suffix), median (_MEDI suffix) apartment size, common area, living area, age of building, number of elevators, number of entrances, state of the building, number of floor"
stage5_lightgbm_raw_gpu,85,ENTRANCES_AVG,ENTRANCES_AVG,,numeric,other,550.5189499855042,48,"Normalized information about building where the client lives, What is average (_AVG suffix), modus (_MODE suffix), median (_MEDI suffix) apartment size, common area, living area, age of building, number of elevators, number of entrances, state of the building, number of floor"
stage5_lightgbm_raw_gpu,86,ORGANIZATION_TYPE_Business Entity Type 3,ORGANIZATION_TYPE,Business Entity Type 3,one_hot,categorical_profile,550.4091267585754,45,工作单位/组织类型。
stage5_lightgbm_raw_gpu,87,YEARS_BUILD_MODE,YEARS_BUILD_MODE,,numeric,other,544.8189578056335,63,"Normalized information about building where the client lives, What is average (_AVG suffix), modus (_MODE suffix), median (_MEDI suffix) apartment size, common area, living area, age of building, number of elevators, number of entrances, state of the building, number of floor"
stage5_lightgbm_raw_gpu,88,LIVINGAPARTMENTS_MEDI,LIVINGAPARTMENTS_MEDI,,numeric,other,535.8065214157104,44,"Normalized information about building where the client lives, What is average (_AVG suffix), modus (_MODE suffix), median (_MEDI suffix) apartment size, common area, living area, age of building, number of elevators, number of entrances, state of the building, number of floor"
stage5_lightgbm_raw_gpu,89,ENTRANCES_MODE,ENTRANCES_MODE,,numeric,other,477.65500831604004,39,"Normalized information about building where the client lives, What is average (_AVG suffix), modus (_MODE suffix), median (_MEDI suffix) apartment size, common area, living area, age of building, number of elevators, number of entrances, state of the building, number of floor"
stage5_lightgbm_raw_gpu,90,FLOORSMIN_AVG,FLOORSMIN_AVG,,numeric,other,439.6089720726013,38,"Normalized information about building where the client lives, What is average (_AVG suffix), modus (_MODE suffix), median (_MEDI suffix) apartment size, common area, living area, age of building, number of elevators, number of entrances, state of the building, number of floor"
stage5_lightgbm_raw_gpu,91,NAME_CONTRACT_TYPE_Cash loans,NAME_CONTRACT_TYPE,Cash loans,one_hot,categorical_profile,422.2322220802307,24,贷款产品类型。
stage5_lightgbm_raw_gpu,92,FLOORSMAX_MEDI,FLOORSMAX_MEDI,,numeric,other,421.1191487312317,24,"Normalized information about building where the client lives, What is average (_AVG suffix), modus (_MODE suffix), median (_MEDI suffix) apartment size, common area, living area, age of building, number of elevators, number of entrances, state of the building, number of floor"
stage5_lightgbm_raw_gpu,93,CNT_FAM_MEMBERS,CNT_FAM_MEMBERS,,numeric,family_structure,416.8834402561188,41,How many family members does client have
stage5_lightgbm_raw_gpu,94,WALLSMATERIAL_MODE_Panel,WALLSMATERIAL_MODE,Panel,one_hot,other,406.01085782051086,26,"Normalized information about building where the client lives, What is average (_AVG suffix), modus (_MODE suffix), median (_MEDI suffix) apartment size, common area, living area, age of building, number of elevators, number of entrances, state of the building, number of floor"
stage5_lightgbm_raw_gpu,95,NONLIVINGAPARTMENTS_MODE,NONLIVINGAPARTMENTS_MODE,,numeric,other,393.95218229293823,33,"Normalized information about building where the client lives, What is average (_AVG suffix), modus (_MODE suffix), median (_MEDI suffix) apartment size, common area, living area, age of building, number of elevators, number of entrances, state of the building, number of floor"
stage5_lightgbm_raw_gpu,96,ENTRANCES_MEDI,ENTRANCES_MEDI,,numeric,other,375.1118698120117,32,"Normalized information about building where the client lives, What is average (_AVG suffix), modus (_MODE suffix), median (_MEDI suffix) apartment size, common area, living area, age of building, number of elevators, number of entrances, state of the building, number of floor"
stage5_lightgbm_raw_gpu,97,NONLIVINGAPARTMENTS_AVG,NONLIVINGAPARTMENTS_AVG,,numeric,other,373.6100392341614,37,"Normalized information about building where the client lives, What is average (_AVG suffix), modus (_MODE suffix), median (_MEDI suffix) apartment size, common area, living area, age of building, number of elevators, number of entrances, state of the building, number of floor"
stage5_lightgbm_raw_gpu,98,ORGANIZATION_TYPE_Military,ORGANIZATION_TYPE,Military,one_hot,categorical_profile,347.717711687088,34,工作单位/组织类型。
stage5_lightgbm_raw_gpu,99,children_ratio,children_ratio,,numeric,amount_and_ratio,341.86134099960327,32,家庭中儿童占比，反映家庭抚养压力。
stage5_lightgbm_raw_gpu,100,ORGANIZATION_TYPE_Construction,ORGANIZATION_TYPE,Construction,one_hot,categorical_profile,341.413298368454,30,工作单位/组织类型。
stage5_lightgbm_raw_gpu,101,OCCUPATION_TYPE_High skill tech staff,OCCUPATION_TYPE,High skill tech staff,one_hot,categorical_profile,333.33133149147034,32,职业类型。
stage5_lightgbm_raw_gpu,102,OCCUPATION_TYPE_Laborers,OCCUPATION_TYPE,Laborers,one_hot,categorical_profile,332.5484209060669,30,职业类型。
stage5_lightgbm_raw_gpu,103,REGION_RATING_CLIENT,REGION_RATING_CLIENT,,numeric,other,330.6882185935974,29,客户所在区域评级。
stage5_lightgbm_raw_gpu,104,WEEKDAY_APPR_PROCESS_START_MONDAY,WEEKDAY_APPR_PROCESS_START,MONDAY,one_hot,other,315.0314795970917,33,贷款申请提交的星期几。
stage5_lightgbm_raw_gpu,105,NAME_HOUSING_TYPE_House / apartment,NAME_HOUSING_TYPE,House / apartment,one_hot,categorical_profile,314.96238946914673,25,居住情况。
stage5_lightgbm_raw_gpu,106,FLAG_PHONE,FLAG_PHONE,,numeric,flags_and_contacts,314.12864923477173,31,是否提供联系电话，反映联系信息完整度。
stage5_lightgbm_raw_gpu,107,FLAG_OWN_REALTY_N,FLAG_OWN_REALTY,N,one_hot,flags_and_contacts,311.9589385986328,26,布尔标记类字段，反映申请材料、联系方式或资产信息是否存在。
stage5_lightgbm_raw_gpu,108,NAME_INCOME_TYPE_State servant,NAME_INCOME_TYPE,State servant,one_hot,categorical_profile,310.15538120269775,18,收入来源类型。
stage5_lightgbm_raw_gpu,109,CNT_CHILDREN,CNT_CHILDREN,,numeric,family_structure,300.40402936935425,28,Number of children the client has
stage5_lightgbm_raw_gpu,110,OCCUPATION_TYPE_Sales staff,OCCUPATION_TYPE,Sales staff,one_hot,categorical_profile,297.54650020599365,22,职业类型。
stage5_lightgbm_raw_gpu,111,NAME_INCOME_TYPE_Commercial associate,NAME_INCOME_TYPE,Commercial associate,one_hot,categorical_profile,295.0667290687561,24,收入来源类型。
stage5_lightgbm_raw_gpu,112,NAME_TYPE_SUITE_Unaccompanied,NAME_TYPE_SUITE,Unaccompanied,one_hot,categorical_profile,271.01781129837036,24,Who was accompanying client when he was applying for the loan
stage5_lightgbm_raw_gpu,113,OCCUPATION_TYPE_Low-skill Laborers,OCCUPATION_TYPE,Low-skill Laborers,one_hot,categorical_profile,265.04541969299316,16,职业类型。
stage5_lightgbm_raw_gpu,114,NAME_FAMILY_STATUS_Civil marriage,NAME_FAMILY_STATUS,Civil marriage,one_hot,categorical_profile,261.1417398452759,28,婚姻/家庭状态。
stage5_lightgbm_raw_gpu,115,WEEKDAY_APPR_PROCESS_START_FRIDAY,WEEKDAY_APPR_PROCESS_START,FRIDAY,one_hot,other,244.72720909118652,22,贷款申请提交的星期几。
stage5_lightgbm_raw_gpu,116,WEEKDAY_APPR_PROCESS_START_WEDNESDAY,WEEKDAY_APPR_PROCESS_START,WEDNESDAY,one_hot,other,243.94531202316284,23,贷款申请提交的星期几。
stage5_lightgbm_raw_gpu,117,NONLIVINGAPARTMENTS_MEDI,NONLIVINGAPARTMENTS_MEDI,,numeric,other,242.80937957763672,24,"Normalized information about building where the client lives, What is average (_AVG suffix), modus (_MODE suffix), median (_MEDI suffix) apartment size, common area, living area, age of building, number of elevators, number of entrances, state of the building, number of floor"
stage5_lightgbm_raw_gpu,118,OCCUPATION_TYPE_Accountants,OCCUPATION_TYPE,Accountants,one_hot,categorical_profile,237.99477910995483,25,职业类型。
stage5_lightgbm_raw_gpu,119,ORGANIZATION_TYPE_Realtor,ORGANIZATION_TYPE,Realtor,one_hot,categorical_profile,231.83491039276123,15,工作单位/组织类型。
stage5_lightgbm_raw_gpu,120,AMT_REQ_CREDIT_BUREAU_WEEK,AMT_REQ_CREDIT_BUREAU_WEEK,,numeric,amount_and_ratio,227.5262713432312,22,Number of enquiries to Credit Bureau about the client one week before application (excluding one day before application)
stage5_lightgbm_raw_gpu,121,NAME_FAMILY_STATUS_Single / not married,NAME_FAMILY_STATUS,Single / not married,one_hot,categorical_profile,221.15977144241333,18,婚姻/家庭状态。
stage5_lightgbm_raw_gpu,122,ORGANIZATION_TYPE_School,ORGANIZATION_TYPE,School,one_hot,categorical_profile,219.66212725639343,22,工作单位/组织类型。
stage5_lightgbm_raw_gpu,123,"WALLSMATERIAL_MODE_Stone, brick",WALLSMATERIAL_MODE,"Stone, brick",one_hot,other,218.90685939788818,19,"Normalized information about building where the client lives, What is average (_AVG suffix), modus (_MODE suffix), median (_MEDI suffix) apartment size, common area, living area, age of building, number of elevators, number of entrances, state of the building, number of floor"
stage5_lightgbm_raw_gpu,124,REG_CITY_NOT_WORK_CITY,REG_CITY_NOT_WORK_CITY,,numeric,other,206.09884023666382,16,"Flag if client's permanent address does not match work address (1=different, 0=same, at city level)"
stage5_lightgbm_raw_gpu,125,FLOORSMAX_MODE,FLOORSMAX_MODE,,numeric,other,205.18920040130615,18,"Normalized information about building where the client lives, What is average (_AVG suffix), modus (_MODE suffix), median (_MEDI suffix) apartment size, common area, living area, age of building, number of elevators, number of entrances, state of the building, number of floor"
stage5_lightgbm_raw_gpu,126,ORGANIZATION_TYPE_Industry: type 9,ORGANIZATION_TYPE,Industry: type 9,one_hot,categorical_profile,201.29372096061707,24,工作单位/组织类型。
stage5_lightgbm_raw_gpu,127,FLAG_DOCUMENT_8,FLAG_DOCUMENT_8,,numeric,flags_and_contacts,197.7680103778839,24,申请材料中的文件提交标记，反映材料完整性。
stage5_lightgbm_raw_gpu,128,OCCUPATION_TYPE_Drivers,OCCUPATION_TYPE,Drivers,one_hot,categorical_profile,196.8593511581421,18,职业类型。
stage5_lightgbm_raw_gpu,129,WEEKDAY_APPR_PROCESS_START_TUESDAY,WEEKDAY_APPR_PROCESS_START,TUESDAY,one_hot,other,193.13161849975586,20,贷款申请提交的星期几。
stage5_lightgbm_raw_gpu,130,EMERGENCYSTATE_MODE_No,EMERGENCYSTATE_MODE,No,one_hot,other,191.0055661201477,13,居住房屋所在区域的紧急状态标记。
stage5_lightgbm_raw_gpu,131,ELEVATORS_MODE,ELEVATORS_MODE,,numeric,other,183.86532831192017,15,"Normalized information about building where the client lives, What is average (_AVG suffix), modus (_MODE suffix), median (_MEDI suffix) apartment size, common area, living area, age of building, number of elevators, number of entrances, state of the building, number of floor"
stage5_lightgbm_raw_gpu,132,FLOORSMIN_MODE,FLOORSMIN_MODE,,numeric,other,173.1462483406067,16,"Normalized information about building where the client lives, What is average (_AVG suffix), modus (_MODE suffix), median (_MEDI suffix) apartment size, common area, living area, age of building, number of elevators, number of entrances, state of the building, number of floor"
stage5_lightgbm_raw_gpu,133,NAME_FAMILY_STATUS_Separated,NAME_FAMILY_STATUS,Separated,one_hot,categorical_profile,171.21383237838745,14,婚姻/家庭状态。
stage5_lightgbm_raw_gpu,134,NAME_HOUSING_TYPE_Rented apartment,NAME_HOUSING_TYPE,Rented apartment,one_hot,categorical_profile,161.01795053482056,15,居住情况。
stage5_lightgbm_raw_gpu,135,OCCUPATION_TYPE_Security staff,OCCUPATION_TYPE,Security staff,one_hot,categorical_profile,159.94132232666016,16,职业类型。
stage5_lightgbm_raw_gpu,136,WEEKDAY_APPR_PROCESS_START_THURSDAY,WEEKDAY_APPR_PROCESS_START,THURSDAY,one_hot,other,159.5611915588379,15,贷款申请提交的星期几。
stage5_lightgbm_raw_gpu,137,EMERGENCYSTATE_MODE___MISSING__,EMERGENCYSTATE_MODE,__MISSING__,one_hot,other,159.12615942955017,14,居住房屋所在区域的紧急状态标记。
stage5_lightgbm_raw_gpu,138,FLAG_OWN_REALTY_Y,FLAG_OWN_REALTY,Y,one_hot,flags_and_contacts,158.64982843399048,15,布尔标记类字段，反映申请材料、联系方式或资产信息是否存在。
stage5_lightgbm_raw_gpu,139,FONDKAPREMONT_MODE___MISSING__,FONDKAPREMONT_MODE,__MISSING__,one_hot,other,157.39996004104614,12,"Normalized information about building where the client lives, What is average (_AVG suffix), modus (_MODE suffix), median (_MEDI suffix) apartment size, common area, living area, age of building, number of elevators, number of entrances, state of the building, number of floor"
stage5_lightgbm_raw_gpu,140,FONDKAPREMONT_MODE_reg oper account,FONDKAPREMONT_MODE,reg oper account,one_hot,other,156.00687074661255,14,"Normalized information about building where the client lives, What is average (_AVG suffix), modus (_MODE suffix), median (_MEDI suffix) apartment size, common area, living area, age of building, number of elevators, number of entrances, state of the building, number of floor"
stage5_lightgbm_raw_gpu,141,NAME_TYPE_SUITE_Family,NAME_TYPE_SUITE,Family,one_hot,categorical_profile,155.5424509048462,13,Who was accompanying client when he was applying for the loan
stage5_lightgbm_raw_gpu,142,OCCUPATION_TYPE_Private service staff,OCCUPATION_TYPE,Private service staff,one_hot,categorical_profile,151.33391284942627,13,职业类型。
stage5_lightgbm_raw_gpu,143,LIVE_CITY_NOT_WORK_CITY,LIVE_CITY_NOT_WORK_CITY,,numeric,other,150.11392068862915,16,"Flag if client's contact address does not match work address (1=different, 0=same, at city level)"
stage5_lightgbm_raw_gpu,144,FLAG_DOCUMENT_5,FLAG_DOCUMENT_5,,numeric,flags_and_contacts,147.46851873397827,18,申请材料中的文件提交标记，反映材料完整性。
stage5_lightgbm_raw_gpu,145,WEEKDAY_APPR_PROCESS_START_SATURDAY,WEEKDAY_APPR_PROCESS_START,SATURDAY,one_hot,other,145.4179606437683,15,贷款申请提交的星期几。
stage5_lightgbm_raw_gpu,146,FONDKAPREMONT_MODE_org spec account,FONDKAPREMONT_MODE,org spec account,one_hot,other,138.88475942611694,12,"Normalized information about building where the client lives, What is average (_AVG suffix), modus (_MODE suffix), median (_MEDI suffix) apartment size, common area, living area, age of building, number of elevators, number of entrances, state of the building, number of floor"
stage5_lightgbm_raw_gpu,147,WEEKDAY_APPR_PROCESS_START_SUNDAY,WEEKDAY_APPR_PROCESS_START,SUNDAY,one_hot,other,129.58956933021545,13,贷款申请提交的星期几。
stage5_lightgbm_raw_gpu,148,NAME_FAMILY_STATUS_Widow,NAME_FAMILY_STATUS,Widow,one_hot,categorical_profile,128.25989151000977,8,婚姻/家庭状态。
stage5_lightgbm_raw_gpu,149,ORGANIZATION_TYPE_Transport: type 2,ORGANIZATION_TYPE,Transport: type 2,one_hot,categorical_profile,128.19160747528076,10,工作单位/组织类型。
stage5_lightgbm_raw_gpu,150,ORGANIZATION_TYPE_Kindergarten,ORGANIZATION_TYPE,Kindergarten,one_hot,categorical_profile,128.09006881713867,12,工作单位/组织类型。
stage5_lightgbm_raw_gpu,151,OCCUPATION_TYPE___MISSING__,OCCUPATION_TYPE,__MISSING__,one_hot,categorical_profile,126.19766044616699,12,职业类型。
stage5_lightgbm_raw_gpu,152,ELEVATORS_AVG,ELEVATORS_AVG,,numeric,other,125.83079195022583,11,"Normalized information about building where the client lives, What is average (_AVG suffix), modus (_MODE suffix), median (_MEDI suffix) apartment size, common area, living area, age of building, number of elevators, number of entrances, state of the building, number of floor"
stage5_lightgbm_raw_gpu,153,NAME_TYPE_SUITE_Children,NAME_TYPE_SUITE,Children,one_hot,categorical_profile,124.76566886901855,9,Who was accompanying client when he was applying for the loan
stage5_lightgbm_raw_gpu,154,ORGANIZATION_TYPE_Transport: type 4,ORGANIZATION_TYPE,Transport: type 4,one_hot,categorical_profile,121.7023696899414,11,工作单位/组织类型。
stage5_lightgbm_raw_gpu,155,FLAG_DOCUMENT_6,FLAG_DOCUMENT_6,,numeric,flags_and_contacts,120.89375114440918,12,申请材料中的文件提交标记，反映材料完整性。
stage5_lightgbm_raw_gpu,156,LIVE_REGION_NOT_WORK_REGION,LIVE_REGION_NOT_WORK_REGION,,numeric,other,117.48445081710815,13,"Flag if client's contact address does not match work address (1=different, 0=same, at region level)"
stage5_lightgbm_raw_gpu,157,AMT_REQ_CREDIT_BUREAU_DAY,AMT_REQ_CREDIT_BUREAU_DAY,,numeric,amount_and_ratio,117.13105964660645,10,Number of enquiries to Credit Bureau about the client one day before application (excluding one hour before application)
stage5_lightgbm_raw_gpu,158,NAME_CONTRACT_TYPE_Revolving loans,NAME_CONTRACT_TYPE,Revolving loans,one_hot,categorical_profile,116.82927131652832,7,贷款产品类型。
stage5_lightgbm_raw_gpu,159,ORGANIZATION_TYPE_Medicine,ORGANIZATION_TYPE,Medicine,one_hot,categorical_profile,115.63445997238159,11,工作单位/组织类型。
stage5_lightgbm_raw_gpu,160,ORGANIZATION_TYPE_Other,ORGANIZATION_TYPE,Other,one_hot,categorical_profile,113.49612045288086,11,工作单位/组织类型。
stage5_lightgbm_raw_gpu,161,HOUSETYPE_MODE_specific housing,HOUSETYPE_MODE,specific housing,one_hot,other,113.34442043304443,11,"Normalized information about building where the client lives, What is average (_AVG suffix), modus (_MODE suffix), median (_MEDI suffix) apartment size, common area, living area, age of building, number of elevators, number of entrances, state of the building, number of floor"
stage5_lightgbm_raw_gpu,162,NAME_HOUSING_TYPE_Municipal apartment,NAME_HOUSING_TYPE,Municipal apartment,one_hot,categorical_profile,111.30788850784302,12,居住情况。
stage5_lightgbm_raw_gpu,163,OCCUPATION_TYPE_Cleaning staff,OCCUPATION_TYPE,Cleaning staff,one_hot,categorical_profile,107.87307834625244,9,职业类型。
stage5_lightgbm_raw_gpu,164,ORGANIZATION_TYPE_Industry: type 3,ORGANIZATION_TYPE,Industry: type 3,one_hot,categorical_profile,106.51631927490234,9,工作单位/组织类型。
stage5_lightgbm_raw_gpu,165,FONDKAPREMONT_MODE_not specified,FONDKAPREMONT_MODE,not specified,one_hot,other,98.81752014160156,9,"Normalized information about building where the client lives, What is average (_AVG suffix), modus (_MODE suffix), median (_MEDI suffix) apartment size, common area, living area, age of building, number of elevators, number of entrances, state of the building, number of floor"
stage5_lightgbm_raw_gpu,166,FLAG_EMAIL,FLAG_EMAIL,,numeric,flags_and_contacts,98.61149835586548,10,布尔标记类字段，反映申请材料、联系方式或资产信息是否存在。
stage5_lightgbm_raw_gpu,167,NAME_EDUCATION_TYPE_Lower secondary,NAME_EDUCATION_TYPE,Lower secondary,one_hot,categorical_profile,96.40267896652222,10,教育程度。
stage5_lightgbm_raw_gpu,168,ORGANIZATION_TYPE_Trade: type 3,ORGANIZATION_TYPE,Trade: type 3,one_hot,categorical_profile,95.06963968276978,9,工作单位/组织类型。
stage5_lightgbm_raw_gpu,169,OCCUPATION_TYPE_Medicine staff,OCCUPATION_TYPE,Medicine staff,one_hot,categorical_profile,94.50524067878723,12,职业类型。
stage5_lightgbm_raw_gpu,170,AMT_REQ_CREDIT_BUREAU_HOUR,AMT_REQ_CREDIT_BUREAU_HOUR,,numeric,amount_and_ratio,90.35657119750977,6,Number of enquiries to Credit Bureau about the client one hour before application
stage5_lightgbm_raw_gpu,171,ORGANIZATION_TYPE_Postal,ORGANIZATION_TYPE,Postal,one_hot,categorical_profile,89.5244607925415,8,工作单位/组织类型。
stage5_lightgbm_raw_gpu,172,NAME_HOUSING_TYPE_Office apartment,NAME_HOUSING_TYPE,Office apartment,one_hot,categorical_profile,87.34189105033875,11,居住情况。
stage5_lightgbm_raw_gpu,173,ORGANIZATION_TYPE_Housing,ORGANIZATION_TYPE,Housing,one_hot,categorical_profile,87.07347059249878,8,工作单位/组织类型。
stage5_lightgbm_raw_gpu,174,HOUSETYPE_MODE_block of flats,HOUSETYPE_MODE,block of flats,one_hot,other,84.06984996795654,7,"Normalized information about building where the client lives, What is average (_AVG suffix), modus (_MODE suffix), median (_MEDI suffix) apartment size, common area, living area, age of building, number of elevators, number of entrances, state of the building, number of floor"
stage5_lightgbm_raw_gpu,175,ORGANIZATION_TYPE_Business Entity Type 2,ORGANIZATION_TYPE,Business Entity Type 2,one_hot,categorical_profile,83.1672306060791,8,工作单位/组织类型。
stage5_lightgbm_raw_gpu,176,FLOORSMIN_MEDI,FLOORSMIN_MEDI,,numeric,other,82.79465866088867,7,"Normalized information about building where the client lives, What is average (_AVG suffix), modus (_MODE suffix), median (_MEDI suffix) apartment size, common area, living area, age of building, number of elevators, number of entrances, state of the building, number of floor"
stage5_lightgbm_raw_gpu,177,ORGANIZATION_TYPE_Security Ministries,ORGANIZATION_TYPE,Security Ministries,one_hot,categorical_profile,75.76624011993408,14,工作单位/组织类型。
stage5_lightgbm_raw_gpu,178,NAME_EDUCATION_TYPE___RARE__,NAME_EDUCATION_TYPE,__RARE__,one_hot,categorical_profile,74.52726984024048,16,教育程度。
stage5_lightgbm_raw_gpu,179,"NAME_TYPE_SUITE_Spouse, partner",NAME_TYPE_SUITE,"Spouse, partner",one_hot,categorical_profile,70.85460901260376,6,Who was accompanying client when he was applying for the loan
stage5_lightgbm_raw_gpu,180,NAME_INCOME_TYPE_Pensioner,NAME_INCOME_TYPE,Pensioner,one_hot,categorical_profile,70.02730083465576,4,收入来源类型。
stage5_lightgbm_raw_gpu,181,ELEVATORS_MEDI,ELEVATORS_MEDI,,numeric,other,69.61170887947083,7,"Normalized information about building where the client lives, What is average (_AVG suffix), modus (_MODE suffix), median (_MEDI suffix) apartment size, common area, living area, age of building, number of elevators, number of entrances, state of the building, number of floor"
stage5_lightgbm_raw_gpu,182,REG_REGION_NOT_LIVE_REGION,REG_REGION_NOT_LIVE_REGION,,numeric,other,68.18245029449463,6,"Flag if client's permanent address does not match contact address (1=different, 0=same, at region level)"
stage5_lightgbm_raw_gpu,183,NAME_HOUSING_TYPE_With parents,NAME_HOUSING_TYPE,With parents,one_hot,categorical_profile,62.11203908920288,8,居住情况。
stage5_lightgbm_raw_gpu,184,WALLSMATERIAL_MODE_Wooden,WALLSMATERIAL_MODE,Wooden,one_hot,other,53.272860050201416,5,"Normalized information about building where the client lives, What is average (_AVG suffix), modus (_MODE suffix), median (_MEDI suffix) apartment size, common area, living area, age of building, number of elevators, number of entrances, state of the building, number of floor"
stage5_lightgbm_raw_gpu,185,OCCUPATION_TYPE_Waiters/barmen staff,OCCUPATION_TYPE,Waiters/barmen staff,one_hot,categorical_profile,51.07057046890259,6,职业类型。
stage5_lightgbm_raw_gpu,186,HOUSETYPE_MODE___MISSING__,HOUSETYPE_MODE,__MISSING__,one_hot,other,51.0517897605896,5,"Normalized information about building where the client lives, What is average (_AVG suffix), modus (_MODE suffix), median (_MEDI suffix) apartment size, common area, living area, age of building, number of elevators, number of entrances, state of the building, number of floor"
stage5_lightgbm_raw_gpu,187,ORGANIZATION_TYPE_Restaurant,ORGANIZATION_TYPE,Restaurant,one_hot,categorical_profile,50.51989936828613,4,工作单位/组织类型。
stage5_lightgbm_raw_gpu,188,FONDKAPREMONT_MODE_reg oper spec account,FONDKAPREMONT_MODE,reg oper spec account,one_hot,other,49.715229988098145,4,"Normalized information about building where the client lives, What is average (_AVG suffix), modus (_MODE suffix), median (_MEDI suffix) apartment size, common area, living area, age of building, number of elevators, number of entrances, state of the building, number of floor"
stage5_lightgbm_raw_gpu,189,ORGANIZATION_TYPE_Security,ORGANIZATION_TYPE,Security,one_hot,categorical_profile,45.02326965332031,4,工作单位/组织类型。
stage5_lightgbm_raw_gpu,190,ORGANIZATION_TYPE_XNA,ORGANIZATION_TYPE,XNA,one_hot,categorical_profile,43.558199882507324,5,工作单位/组织类型。
stage5_lightgbm_raw_gpu,191,WALLSMATERIAL_MODE_Block,WALLSMATERIAL_MODE,Block,one_hot,other,43.39503002166748,4,"Normalized information about building where the client lives, What is average (_AVG suffix), modus (_MODE suffix), median (_MEDI suffix) apartment size, common area, living area, age of building, number of elevators, number of entrances, state of the building, number of floor"
stage5_lightgbm_raw_gpu,192,OCCUPATION_TYPE_Cooking staff,OCCUPATION_TYPE,Cooking staff,one_hot,categorical_profile,42.243499755859375,4,职业类型。
stage5_lightgbm_raw_gpu,193,NAME_TYPE_SUITE_Other_A,NAME_TYPE_SUITE,Other_A,one_hot,categorical_profile,42.05355882644653,4,Who was accompanying client when he was applying for the loan
stage5_lightgbm_raw_gpu,194,FLAG_DOCUMENT_16,FLAG_DOCUMENT_16,,numeric,flags_and_contacts,41.84739017486572,5,申请材料中的文件提交标记，反映材料完整性。
stage5_lightgbm_raw_gpu,195,WALLSMATERIAL_MODE___MISSING__,WALLSMATERIAL_MODE,__MISSING__,one_hot,other,40.991660594940186,4,"Normalized information about building where the client lives, What is average (_AVG suffix), modus (_MODE suffix), median (_MEDI suffix) apartment size, common area, living area, age of building, number of elevators, number of entrances, state of the building, number of floor"
stage5_lightgbm_raw_gpu,196,NAME_INCOME_TYPE_infrequent_sklearn,NAME_INCOME_TYPE,infrequent_sklearn,one_hot,categorical_profile,39.26980018615723,3,收入来源类型。
stage5_lightgbm_raw_gpu,197,ORGANIZATION_TYPE_Industry: type 4,ORGANIZATION_TYPE,Industry: type 4,one_hot,categorical_profile,36.67020034790039,4,工作单位/组织类型。
stage5_lightgbm_raw_gpu,198,ORGANIZATION_TYPE_Hotel,ORGANIZATION_TYPE,Hotel,one_hot,categorical_profile,36.604650020599365,8,工作单位/组织类型。
stage5_lightgbm_raw_gpu,199,ORGANIZATION_TYPE_Trade: type 1,ORGANIZATION_TYPE,Trade: type 1,one_hot,categorical_profile,36.178669929504395,3,工作单位/组织类型。
stage5_lightgbm_raw_gpu,200,FLAG_EMP_PHONE,FLAG_EMP_PHONE,,numeric,flags_and_contacts,35.709699630737305,2,布尔标记类字段，反映申请材料、联系方式或资产信息是否存在。
stage5_lightgbm_raw_gpu,201,WALLSMATERIAL_MODE_Mixed,WALLSMATERIAL_MODE,Mixed,one_hot,other,34.41701054573059,3,"Normalized information about building where the client lives, What is average (_AVG suffix), modus (_MODE suffix), median (_MEDI suffix) apartment size, common area, living area, age of building, number of elevators, number of entrances, state of the building, number of floor"
stage5_lightgbm_raw_gpu,202,ORGANIZATION_TYPE_Police,ORGANIZATION_TYPE,Police,one_hot,categorical_profile,34.1635799407959,3,工作单位/组织类型。
stage5_lightgbm_raw_gpu,203,REG_REGION_NOT_WORK_REGION,REG_REGION_NOT_WORK_REGION,,numeric,other,32.77156114578247,4,"Flag if client's permanent address does not match work address (1=different, 0=same, at region level)"
stage5_lightgbm_raw_gpu,204,FLAG_DOCUMENT_19,FLAG_DOCUMENT_19,,numeric,flags_and_contacts,32.51278018951416,3,申请材料中的文件提交标记，反映材料完整性。
stage5_lightgbm_raw_gpu,205,OCCUPATION_TYPE_Managers,OCCUPATION_TYPE,Managers,one_hot,categorical_profile,30.82150936126709,3,职业类型。
stage5_lightgbm_raw_gpu,206,WALLSMATERIAL_MODE_Others,WALLSMATERIAL_MODE,Others,one_hot,other,30.26640033721924,2,"Normalized information about building where the client lives, What is average (_AVG suffix), modus (_MODE suffix), median (_MEDI suffix) apartment size, common area, living area, age of building, number of elevators, number of entrances, state of the building, number of floor"
stage5_lightgbm_raw_gpu,207,ORGANIZATION_TYPE_Agriculture,ORGANIZATION_TYPE,Agriculture,one_hot,categorical_profile,28.879849910736084,3,工作单位/组织类型。
stage5_lightgbm_raw_gpu,208,FLAG_DOCUMENT_11,FLAG_DOCUMENT_11,,numeric,flags_and_contacts,27.388800621032715,2,申请材料中的文件提交标记，反映材料完整性。
stage5_lightgbm_raw_gpu,209,ORGANIZATION_TYPE_Industry: type 2,ORGANIZATION_TYPE,Industry: type 2,one_hot,categorical_profile,25.88318967819214,4,工作单位/组织类型。
stage5_lightgbm_raw_gpu,210,OCCUPATION_TYPE_Secretaries,OCCUPATION_TYPE,Secretaries,one_hot,categorical_profile,22.585519790649414,2,职业类型。
stage5_lightgbm_raw_gpu,211,ORGANIZATION_TYPE_Trade: type 2,ORGANIZATION_TYPE,Trade: type 2,one_hot,categorical_profile,22.03127956390381,3,工作单位/组织类型。
stage5_lightgbm_raw_gpu,212,ORGANIZATION_TYPE_Trade: type 7,ORGANIZATION_TYPE,Trade: type 7,one_hot,categorical_profile,21.727439880371094,2,工作单位/组织类型。
stage5_lightgbm_raw_gpu,213,NAME_HOUSING_TYPE_Co-op apartment,NAME_HOUSING_TYPE,Co-op apartment,one_hot,categorical_profile,20.30900001525879,2,居住情况。
stage5_lightgbm_raw_gpu,214,ORGANIZATION_TYPE_University,ORGANIZATION_TYPE,University,one_hot,categorical_profile,18.943419933319092,2,工作单位/组织类型。
stage5_lightgbm_raw_gpu,215,HOUSETYPE_MODE_terraced house,HOUSETYPE_MODE,terraced house,one_hot,other,18.156229972839355,2,"Normalized information about building where the client lives, What is average (_AVG suffix), modus (_MODE suffix), median (_MEDI suffix) apartment size, common area, living area, age of building, number of elevators, number of entrances, state of the building, number of floor"
stage5_lightgbm_raw_gpu,216,EMERGENCYSTATE_MODE_Yes,EMERGENCYSTATE_MODE,Yes,one_hot,other,18.108789920806885,2,居住房屋所在区域的紧急状态标记。
stage5_lightgbm_raw_gpu,217,OCCUPATION_TYPE_HR staff,OCCUPATION_TYPE,HR staff,one_hot,categorical_profile,18.10152006149292,2,职业类型。
stage5_lightgbm_raw_gpu,218,ORGANIZATION_TYPE_Industry: type 1,ORGANIZATION_TYPE,Industry: type 1,one_hot,categorical_profile,17.29074001312256,2,工作单位/组织类型。
stage5_lightgbm_raw_gpu,219,FLAG_DOCUMENT_21,FLAG_DOCUMENT_21,,numeric,flags_and_contacts,16.07359027862549,2,申请材料中的文件提交标记，反映材料完整性。
stage5_lightgbm_raw_gpu,220,NAME_EDUCATION_TYPE_Incomplete higher,NAME_EDUCATION_TYPE,Incomplete higher,one_hot,categorical_profile,13.727309703826904,2,教育程度。
stage5_lightgbm_raw_gpu,221,ORGANIZATION_TYPE_Industry: type 11,ORGANIZATION_TYPE,Industry: type 11,one_hot,categorical_profile,12.92199993133545,1,工作单位/组织类型。
stage5_lightgbm_raw_gpu,222,WALLSMATERIAL_MODE_Monolithic,WALLSMATERIAL_MODE,Monolithic,one_hot,other,12.038000106811523,1,"Normalized information about building where the client lives, What is average (_AVG suffix), modus (_MODE suffix), median (_MEDI suffix) apartment size, common area, living area, age of building, number of elevators, number of entrances, state of the building, number of floor"
stage5_lightgbm_raw_gpu,223,ORGANIZATION_TYPE_Business Entity Type 1,ORGANIZATION_TYPE,Business Entity Type 1,one_hot,categorical_profile,10.360300064086914,1,工作单位/组织类型。
stage5_lightgbm_raw_gpu,224,OCCUPATION_TYPE_Realty agents,OCCUPATION_TYPE,Realty agents,one_hot,categorical_profile,9.916460037231445,1,职业类型。
stage5_lightgbm_raw_gpu,225,ORGANIZATION_TYPE_Government,ORGANIZATION_TYPE,Government,one_hot,categorical_profile,9.822889804840088,2,工作单位/组织类型。
stage5_lightgbm_raw_gpu,226,NAME_TYPE_SUITE_Other_B,NAME_TYPE_SUITE,Other_B,one_hot,categorical_profile,9.806469917297363,1,Who was accompanying client when he was applying for the loan
stage5_lightgbm_raw_gpu,227,ORGANIZATION_TYPE_Electricity,ORGANIZATION_TYPE,Electricity,one_hot,categorical_profile,9.610599756240845,3,工作单位/组织类型。
stage5_lightgbm_raw_gpu,228,ORGANIZATION_TYPE_Industry: type 12,ORGANIZATION_TYPE,Industry: type 12,one_hot,categorical_profile,9.372349977493286,3,工作单位/组织类型。
stage5_lightgbm_raw_gpu,229,ORGANIZATION_TYPE_Industry: type 7,ORGANIZATION_TYPE,Industry: type 7,one_hot,categorical_profile,9.284210205078125,1,工作单位/组织类型。
stage5_lightgbm_raw_gpu,230,ORGANIZATION_TYPE_Advertising,ORGANIZATION_TYPE,Advertising,one_hot,categorical_profile,8.644909858703613,1,工作单位/组织类型。
stage5_lightgbm_raw_gpu,231,OCCUPATION_TYPE_IT staff,OCCUPATION_TYPE,IT staff,one_hot,categorical_profile,8.501319885253906,1,职业类型。
stage5_lightgbm_raw_gpu,232,NAME_TYPE_SUITE___MISSING__,NAME_TYPE_SUITE,__MISSING__,one_hot,categorical_profile,8.15447998046875,1,Who was accompanying client when he was applying for the loan
stage5_lightgbm_raw_gpu,233,FLAG_CONT_MOBILE,FLAG_CONT_MOBILE,,numeric,flags_and_contacts,8.0906400680542,1,布尔标记类字段，反映申请材料、联系方式或资产信息是否存在。
stage5_lightgbm_raw_gpu,234,FLAG_DOCUMENT_14,FLAG_DOCUMENT_14,,numeric,flags_and_contacts,7.4276299476623535,1,申请材料中的文件提交标记，反映材料完整性。
stage5_lightgbm_raw_gpu,235,FLAG_DOCUMENT_18,FLAG_DOCUMENT_18,,numeric,flags_and_contacts,7.026919841766357,1,申请材料中的文件提交标记，反映材料完整性。
stage5_lightgbm_raw_gpu,236,NAME_TYPE_SUITE___RARE__,NAME_TYPE_SUITE,__RARE__,one_hot,categorical_profile,6.114190101623535,1,Who was accompanying client when he was applying for the loan
stage5_lightgbm_raw_gpu,237,FLAG_DOCUMENT_4,FLAG_DOCUMENT_4,,numeric,flags_and_contacts,0.0,0,申请材料中的文件提交标记，反映材料完整性。
stage5_lightgbm_raw_gpu,238,FLAG_DOCUMENT_2,FLAG_DOCUMENT_2,,numeric,flags_and_contacts,0.0,0,申请材料中的文件提交标记，反映材料完整性。
stage5_lightgbm_raw_gpu,239,FLAG_DOCUMENT_7,FLAG_DOCUMENT_7,,numeric,flags_and_contacts,0.0,0,申请材料中的文件提交标记，反映材料完整性。
stage5_lightgbm_raw_gpu,240,FLAG_MOBIL,FLAG_MOBIL,,numeric,flags_and_contacts,0.0,0,布尔标记类字段，反映申请材料、联系方式或资产信息是否存在。
stage5_lightgbm_raw_gpu,241,FLAG_DOCUMENT_9,FLAG_DOCUMENT_9,,numeric,flags_and_contacts,0.0,0,申请材料中的文件提交标记，反映材料完整性。
stage5_lightgbm_raw_gpu,242,FLAG_DOCUMENT_13,FLAG_DOCUMENT_13,,numeric,flags_and_contacts,0.0,0,申请材料中的文件提交标记，反映材料完整性。
stage5_lightgbm_raw_gpu,243,FLAG_DOCUMENT_17,FLAG_DOCUMENT_17,,numeric,flags_and_contacts,0.0,0,申请材料中的文件提交标记，反映材料完整性。
stage5_lightgbm_raw_gpu,244,FLAG_DOCUMENT_20,FLAG_DOCUMENT_20,,numeric,flags_and_contacts,0.0,0,申请材料中的文件提交标记，反映材料完整性。
stage5_lightgbm_raw_gpu,245,DAYS_EMPLOYED_ANOMALY,DAYS_EMPLOYED_ANOMALY,,numeric,age_and_tenure,0.0,0,当前工作年限，反映就业稳定性。
stage5_lightgbm_raw_gpu,246,FLAG_DOCUMENT_15,FLAG_DOCUMENT_15,,numeric,flags_and_contacts,0.0,0,申请材料中的文件提交标记，反映材料完整性。
stage5_lightgbm_raw_gpu,247,FLAG_DOCUMENT_12,FLAG_DOCUMENT_12,,numeric,flags_and_contacts,0.0,0,申请材料中的文件提交标记，反映材料完整性。
stage5_lightgbm_raw_gpu,248,FLAG_DOCUMENT_10,FLAG_DOCUMENT_10,,numeric,flags_and_contacts,0.0,0,申请材料中的文件提交标记，反映材料完整性。
stage5_lightgbm_raw_gpu,249,NAME_FAMILY_STATUS_infrequent_sklearn,NAME_FAMILY_STATUS,infrequent_sklearn,one_hot,categorical_profile,0.0,0,婚姻/家庭状态。
stage5_lightgbm_raw_gpu,250,CODE_GENDER_infrequent_sklearn,CODE_GENDER,infrequent_sklearn,one_hot,categorical_profile,0.0,0,申请人性别。
stage5_lightgbm_raw_gpu,251,ORGANIZATION_TYPE_Culture,ORGANIZATION_TYPE,Culture,one_hot,categorical_profile,0.0,0,工作单位/组织类型。
stage5_lightgbm_raw_gpu,252,ORGANIZATION_TYPE_Bank,ORGANIZATION_TYPE,Bank,one_hot,categorical_profile,0.0,0,工作单位/组织类型。
stage5_lightgbm_raw_gpu,253,ORGANIZATION_TYPE_Industry: type 5,ORGANIZATION_TYPE,Industry: type 5,one_hot,categorical_profile,0.0,0,工作单位/组织类型。
stage5_lightgbm_raw_gpu,254,ORGANIZATION_TYPE_Emergency,ORGANIZATION_TYPE,Emergency,one_hot,categorical_profile,0.0,0,工作单位/组织类型。
stage5_lightgbm_raw_gpu,255,ORGANIZATION_TYPE_Insurance,ORGANIZATION_TYPE,Insurance,one_hot,categorical_profile,0.0,0,工作单位/组织类型。
stage5_lightgbm_raw_gpu,256,ORGANIZATION_TYPE_Mobile,ORGANIZATION_TYPE,Mobile,one_hot,categorical_profile,0.0,0,工作单位/组织类型。
stage5_lightgbm_raw_gpu,257,ORGANIZATION_TYPE_Services,ORGANIZATION_TYPE,Services,one_hot,categorical_profile,0.0,0,工作单位/组织类型。
stage5_lightgbm_raw_gpu,258,ORGANIZATION_TYPE_Telecom,ORGANIZATION_TYPE,Telecom,one_hot,categorical_profile,0.0,0,工作单位/组织类型。
stage5_lightgbm_raw_gpu,259,ORGANIZATION_TYPE_Trade: type 6,ORGANIZATION_TYPE,Trade: type 6,one_hot,categorical_profile,0.0,0,工作单位/组织类型。
stage5_lightgbm_raw_gpu,260,ORGANIZATION_TYPE___RARE__,ORGANIZATION_TYPE,__RARE__,one_hot,categorical_profile,0.0,0,工作单位/组织类型。
